-- phpMyAdmin SQL Dump
-- version 4.4.15.9
-- https://www.phpmyadmin.net
--
-- Host: localhost
-- Generation Time: 21-Fev-2019 às 17:46
-- Versão do servidor: 5.6.37
-- PHP Version: 5.6.31

SET SQL_MODE = "NO_AUTO_VALUE_ON_ZERO";
SET time_zone = "+00:00";


/*!40101 SET @OLD_CHARACTER_SET_CLIENT=@@CHARACTER_SET_CLIENT */;
/*!40101 SET @OLD_CHARACTER_SET_RESULTS=@@CHARACTER_SET_RESULTS */;
/*!40101 SET @OLD_COLLATION_CONNECTION=@@COLLATION_CONNECTION */;
/*!40101 SET NAMES utf8mb4 */;

--
-- Database: `cinemateca`
--

-- --------------------------------------------------------

--
-- Estrutura da tabela `tb_app_componente`
--

CREATE TABLE IF NOT EXISTS `tb_app_componente` (
  `id_app_componente` bigint(20) NOT NULL,
  `data` datetime DEFAULT NULL
) ENGINE=MyISAM AUTO_INCREMENT=2834 DEFAULT CHARSET=latin1;

--
-- Extraindo dados da tabela `tb_app_componente`
--

INSERT INTO `tb_app_componente` (`id_app_componente`, `data`) VALUES
(3, '2005-10-05 14:18:18'),
(4, '2005-10-05 14:24:11'),
(5, '2005-10-05 14:24:24'),
(6, '2005-10-05 14:24:36'),
(7, '2005-10-05 14:24:53'),
(8, '2005-10-05 14:26:26'),
(9, '2005-10-05 14:26:51'),
(10, '2005-10-05 14:27:18'),
(11, '2005-10-05 14:28:36'),
(12, '2006-01-17 20:29:27'),
(13, '2006-01-17 20:29:58'),
(14, '2006-01-17 20:30:17'),
(15, '2006-01-17 20:30:32'),
(16, '2006-01-17 20:30:44'),
(17, '2006-01-17 20:30:56'),
(18, '2006-01-17 20:58:30'),
(19, '2006-01-17 21:26:36'),
(49, '2007-01-07 10:55:00'),
(1063, '2007-07-10 17:56:50'),
(1129, '2007-07-12 10:19:28'),
(1130, '2007-07-12 10:20:47'),
(1131, '2007-07-12 10:27:21'),
(1132, '2007-07-12 11:22:40'),
(1133, '2007-07-12 11:23:39'),
(1143, '2007-07-12 11:51:19'),
(1144, '2007-07-12 11:51:45'),
(1146, '2007-07-12 11:55:26'),
(1152, '2007-07-12 12:00:46'),
(1153, '2007-07-12 12:01:22'),
(1154, '2007-07-12 12:02:10'),
(1155, '2007-07-12 12:04:14'),
(1276, '2008-05-07 20:06:27'),
(1277, '2008-05-07 20:09:42'),
(1278, '2008-05-07 20:10:08'),
(1312, '2008-07-11 18:25:22'),
(1313, '2008-07-11 18:25:23'),
(1314, '2008-07-11 18:25:24'),
(1315, '2008-07-11 18:25:25'),
(1316, '2008-07-11 18:25:26'),
(1317, '2008-07-11 18:25:27'),
(1318, '2008-07-11 18:25:29'),
(1319, '2008-07-11 18:25:30'),
(1320, '2008-07-11 18:25:31'),
(1321, '2008-07-11 18:25:32'),
(1322, '2008-07-11 18:25:33'),
(1323, '2008-07-11 18:25:34'),
(1324, '2008-07-11 18:25:35'),
(1325, '2008-07-11 18:25:36'),
(1326, '2008-07-11 18:25:37'),
(1327, '2008-07-11 18:25:38'),
(1328, '2008-07-11 18:25:39'),
(1329, '2008-07-11 18:25:40'),
(1330, '2008-07-11 18:25:41'),
(1331, '2008-07-11 18:25:42'),
(1332, '2008-07-11 18:25:43'),
(1333, '2008-07-11 18:25:44'),
(1334, '2008-07-11 18:25:45'),
(1335, '2008-07-11 18:25:46'),
(1336, '2008-07-11 18:25:47'),
(1337, '2008-07-11 18:25:48'),
(1338, '2008-07-11 18:25:49'),
(1339, '2008-07-11 18:25:50'),
(1340, '2008-07-11 18:25:51'),
(1341, '2008-07-11 18:25:52'),
(1342, '2008-07-11 18:25:53'),
(1343, '2008-07-11 18:25:54'),
(1344, '2008-07-11 18:25:55'),
(1345, '2008-07-11 18:25:56'),
(1346, '2008-07-11 18:25:57'),
(1347, '2008-07-11 18:25:58'),
(1348, '2008-07-11 18:25:59'),
(1349, '2008-07-11 18:26:00'),
(1350, '2008-07-11 18:26:01'),
(1351, '2008-07-11 18:26:02'),
(1352, '2008-07-11 18:26:03'),
(1353, '2008-07-11 18:26:04'),
(1354, '2008-07-11 18:26:05'),
(1355, '2008-07-11 18:26:06'),
(1356, '2008-07-11 18:26:07'),
(1357, '2008-07-11 18:26:08'),
(1358, '2008-07-11 18:26:09'),
(1359, '2008-07-11 18:26:10'),
(1360, '2008-07-11 18:26:11'),
(1361, '2008-07-11 18:26:12'),
(1362, '2008-07-11 18:26:13'),
(1363, '2008-07-11 18:26:14'),
(1364, '2008-07-11 18:26:15'),
(1365, '2008-07-11 18:26:16'),
(1366, '2008-07-11 18:26:17'),
(1367, '2008-07-11 18:26:18'),
(1368, '2008-07-11 18:26:19'),
(1369, '2008-07-11 18:26:20'),
(1370, '2008-07-11 18:26:21'),
(1371, '2008-07-11 18:26:22'),
(1372, '2008-07-11 18:26:23'),
(1373, '2008-07-11 18:26:24'),
(1374, '2008-07-11 18:26:25'),
(1375, '2008-07-11 18:26:26'),
(1376, '2008-07-11 18:26:27'),
(1377, '2008-07-11 18:26:28'),
(1378, '2008-07-11 18:26:29'),
(1379, '2008-07-11 18:26:30'),
(1380, '2008-07-11 18:26:31'),
(1381, '2008-07-11 18:26:32'),
(1382, '2008-07-11 18:26:33'),
(1383, '2008-07-11 18:26:34'),
(1384, '2008-07-11 18:26:35'),
(1385, '2008-07-11 18:26:36'),
(1386, '2008-07-11 18:26:37'),
(1387, '2008-07-11 18:26:38'),
(1388, '2008-07-11 18:26:39'),
(1389, '2008-07-11 18:26:40'),
(1390, '2008-07-11 18:26:41'),
(1391, '2008-07-11 18:26:42'),
(1392, '2008-07-11 18:26:43'),
(1393, '2008-07-11 18:26:44'),
(1394, '2008-07-11 18:26:45'),
(1395, '2008-07-11 18:30:58'),
(1396, '2008-07-12 09:39:09'),
(1397, '2008-07-12 09:39:10'),
(1398, '2008-07-12 09:39:11'),
(1399, '2008-07-12 09:39:12'),
(1400, '2008-07-12 09:39:13'),
(1401, '2008-07-12 09:39:14'),
(1402, '2008-07-12 09:39:15'),
(1403, '2008-07-12 09:39:16'),
(1404, '2008-07-12 09:39:17'),
(1405, '2008-07-12 09:39:18'),
(1406, '2008-07-12 09:39:19'),
(1407, '2008-07-12 09:39:20'),
(1421, '2008-07-13 16:38:31'),
(1422, '2008-07-13 16:38:47'),
(1423, '2008-07-13 17:19:03'),
(1424, '2008-07-13 17:19:04'),
(1425, '2008-07-13 17:19:05'),
(1426, '2008-07-13 17:19:06'),
(1427, '2008-07-13 17:19:07'),
(1428, '2008-07-13 17:19:08'),
(1429, '2008-07-13 17:19:09'),
(1430, '2008-07-13 17:20:12'),
(1431, '2008-07-13 17:34:48'),
(1432, '2008-07-13 17:34:49'),
(1433, '2008-07-13 17:34:50'),
(1434, '2008-07-13 17:34:51'),
(1435, '2008-07-13 17:34:52'),
(1436, '2008-07-13 17:34:53'),
(1437, '2008-07-13 17:34:54'),
(1438, '2008-07-13 17:34:55'),
(1439, '2008-07-13 17:34:56'),
(1440, '2008-07-13 17:34:57'),
(1441, '2008-07-13 17:34:58'),
(1442, '2008-07-13 17:34:59'),
(1443, '2008-07-13 17:42:15'),
(1444, '2008-07-13 17:42:35'),
(1445, '2008-07-13 18:09:56'),
(1446, '2008-07-13 18:09:57'),
(1447, '2008-07-13 18:09:58'),
(1448, '2008-07-13 18:09:59'),
(1449, '2008-07-13 18:10:00'),
(1450, '2008-07-13 18:10:01'),
(1451, '2008-07-13 18:10:02'),
(1452, '2008-07-13 18:11:08'),
(1453, '2008-07-13 19:59:25'),
(1454, '2008-07-13 19:59:26'),
(1455, '2008-07-13 19:59:27'),
(1456, '2008-07-13 19:59:28'),
(1457, '2008-07-13 19:59:29'),
(1458, '2008-07-13 19:59:30'),
(1459, '2008-07-13 19:59:31'),
(1460, '2008-07-13 19:59:32'),
(1461, '2008-07-13 19:59:33'),
(1462, '2008-07-13 19:59:34'),
(1463, '2008-07-13 19:59:35'),
(1464, '2008-07-13 19:59:36'),
(1465, '2008-07-13 19:59:37'),
(1466, '2008-07-13 19:59:38'),
(1467, '2008-07-13 19:59:39'),
(1468, '2008-07-13 19:59:40'),
(1469, '2008-07-13 19:59:41'),
(1470, '2008-07-13 19:59:42'),
(1471, '2008-07-13 20:01:18'),
(1472, '2008-07-13 20:01:37'),
(1473, '2008-07-13 20:01:59'),
(1474, '2008-07-14 09:19:23'),
(1475, '2008-07-14 09:19:24'),
(1476, '2008-07-14 09:19:25'),
(1477, '2008-07-14 09:19:26'),
(1478, '2008-07-14 09:19:27'),
(1479, '2008-07-14 09:19:28'),
(1480, '2008-07-14 09:19:29'),
(1481, '2008-07-14 09:19:30'),
(1482, '2008-07-14 09:19:31'),
(1483, '2008-07-14 09:19:32'),
(1484, '2008-07-14 09:19:33'),
(1485, '2008-07-14 09:19:34'),
(1486, '2008-07-14 15:59:31'),
(1487, '2008-07-14 15:59:32'),
(1488, '2008-07-14 15:59:33'),
(1489, '2008-07-14 15:59:34'),
(1490, '2008-07-14 15:59:35'),
(1491, '2008-07-14 15:59:36'),
(1492, '2008-07-14 15:59:37'),
(1493, '2008-07-14 16:04:24'),
(1494, '2008-07-14 16:04:48'),
(1495, '2008-07-14 16:05:35'),
(1516, '2008-07-14 22:29:25'),
(1517, '2008-07-14 22:30:07'),
(1518, '2008-07-15 16:18:55'),
(1519, '2008-07-15 16:18:56'),
(1520, '2008-07-15 16:18:57'),
(1521, '2008-07-15 16:18:58'),
(1522, '2008-07-15 16:18:59'),
(1523, '2008-07-15 16:19:00'),
(1524, '2008-07-15 16:19:01'),
(1525, '2008-07-15 16:19:02'),
(1526, '2008-07-15 16:19:03'),
(1527, '2008-07-15 16:19:04'),
(1528, '2008-07-15 16:19:05'),
(1529, '2008-07-15 16:19:06'),
(1530, '2008-07-15 18:21:35'),
(1555, '2008-07-17 16:47:02'),
(1556, '2008-07-17 16:54:33'),
(1557, '2008-07-17 16:59:14'),
(1558, '2008-07-17 17:09:11'),
(1559, '2008-07-19 10:06:30'),
(1560, '2008-07-19 10:06:31'),
(1561, '2008-07-19 10:06:32'),
(1562, '2008-07-19 10:06:33'),
(1563, '2008-07-19 10:06:34'),
(1564, '2008-07-19 10:06:35'),
(1565, '2008-07-19 10:06:36'),
(1566, '2008-07-19 10:09:13'),
(1573, '2008-07-22 17:44:24'),
(1574, '2008-07-25 21:57:47'),
(1575, '2008-08-03 09:53:50'),
(1577, '2008-09-30 17:00:47'),
(1621, '2008-10-04 16:16:53'),
(1662, '2008-10-21 21:26:48'),
(1663, '2008-10-21 21:26:49'),
(1664, '2008-10-21 21:26:51'),
(1665, '2008-10-21 21:26:52'),
(1666, '2008-10-21 21:26:53'),
(1667, '2008-10-21 21:26:54'),
(1668, '2008-10-21 21:26:55'),
(1675, '2008-10-21 21:27:02'),
(1676, '2008-10-21 21:27:03'),
(1677, '2008-10-21 21:27:04'),
(1678, '2008-10-21 21:27:05'),
(1679, '2008-10-21 21:27:06'),
(1680, '2008-10-21 21:27:07'),
(1681, '2008-10-21 21:27:08'),
(1701, '2008-10-21 21:27:28'),
(1702, '2008-10-21 21:27:29'),
(1703, '2008-10-21 21:27:30'),
(1704, '2008-10-21 21:27:31'),
(1705, '2008-10-21 21:27:32'),
(1706, '2008-10-21 21:27:33'),
(1707, '2008-10-21 21:41:05'),
(1708, '2008-10-21 21:41:36'),
(1712, '2008-10-21 21:44:30'),
(1727, '2009-03-19 15:32:05'),
(1743, '2009-03-19 15:35:54'),
(1744, '2009-03-19 15:35:55'),
(1745, '2009-03-19 15:35:56'),
(1746, '2009-03-19 15:35:57'),
(1747, '2009-03-19 15:35:58'),
(1748, '2009-03-19 15:35:59'),
(1749, '2009-03-19 15:36:00'),
(1750, '2009-03-19 15:36:01'),
(1751, '2009-03-19 15:36:02'),
(1752, '2009-03-19 15:36:03'),
(1753, '2009-03-19 15:36:04'),
(1754, '2009-03-19 15:36:05'),
(1755, '2009-03-19 15:36:06'),
(1756, '2009-03-19 15:36:07'),
(1757, '2009-03-19 15:36:08'),
(1758, '2009-03-19 15:36:09'),
(1759, '2009-03-19 15:36:10'),
(1760, '2009-03-19 15:36:11'),
(1761, '2009-03-19 15:36:12'),
(1762, '2009-03-19 15:36:13'),
(1763, '2009-03-19 15:36:14'),
(1764, '2009-03-19 15:36:15'),
(1765, '2009-03-19 15:36:16'),
(1766, '2009-03-19 15:36:17'),
(1767, '2009-03-19 15:36:18'),
(1768, '2009-03-19 15:36:19'),
(1769, '2009-03-19 15:36:20'),
(1770, '2009-03-19 15:36:21'),
(1771, '2009-03-19 15:36:22'),
(1772, '2009-03-19 15:36:23'),
(1773, '2009-03-19 15:36:24'),
(1774, '2009-03-19 15:36:25'),
(1775, '2009-03-19 15:36:26'),
(1776, '2009-03-19 15:36:27'),
(1777, '2009-03-19 15:36:28'),
(1778, '2009-03-19 15:36:29'),
(1779, '2009-03-19 15:36:30'),
(1780, '2009-03-19 15:36:31'),
(1781, '2009-03-19 15:36:32'),
(1782, '2009-03-19 15:36:33'),
(1787, '2009-07-15 21:23:22'),
(1794, '2009-07-16 10:44:02'),
(1795, '2009-07-16 10:44:31'),
(1796, '2009-07-16 10:44:32'),
(1797, '2009-07-16 10:44:33'),
(1798, '2009-07-16 10:44:34'),
(1799, '2009-07-16 10:44:35'),
(1800, '2009-07-16 10:44:36'),
(1801, '2009-07-16 10:44:37'),
(1802, '2009-10-10 10:18:03'),
(1816, '2009-10-10 10:25:56'),
(1817, '2009-10-10 10:26:07'),
(1818, '2009-10-10 10:36:09'),
(1838, '2009-10-18 19:23:04'),
(1839, '2009-10-18 19:23:05'),
(1840, '2009-10-18 19:23:06'),
(1841, '2009-10-18 19:23:07'),
(1842, '2009-10-18 19:23:08'),
(1843, '2009-10-18 19:23:09'),
(1844, '2009-10-18 19:23:10'),
(1845, '2009-10-18 19:23:11'),
(1846, '2009-10-18 19:23:12'),
(1847, '2009-10-18 19:23:13'),
(1848, '2009-10-18 19:23:14'),
(1849, '2009-10-18 19:23:15'),
(1850, '2009-10-18 19:23:18'),
(1858, '2010-01-24 12:18:26'),
(1859, '2010-01-24 12:18:27'),
(1860, '2010-01-24 12:18:28'),
(1861, '2010-01-24 12:18:29'),
(1862, '2010-01-24 12:18:30'),
(1863, '2010-01-24 12:18:31'),
(1864, '2010-01-24 12:18:32'),
(1865, '2010-01-24 12:18:33'),
(1866, '2010-01-24 12:18:34'),
(1867, '2010-01-24 12:18:35'),
(1868, '2010-01-24 12:18:36'),
(1869, '2010-01-24 12:18:37'),
(1870, '2010-01-24 12:18:38'),
(1871, '2010-01-24 12:21:24'),
(1888, '2010-03-01 19:34:52'),
(1889, '2010-03-01 19:34:53'),
(1890, '2010-03-01 19:34:54'),
(1891, '2010-03-01 19:34:55'),
(1892, '2010-03-01 19:34:56'),
(1893, '2010-03-01 19:34:57'),
(1894, '2010-03-01 19:34:58'),
(1910, '2010-04-09 10:12:15'),
(2075, '2009-09-08 21:45:56'),
(2076, '2009-09-08 21:51:06'),
(2077, '2009-09-08 21:51:33'),
(2078, '2009-09-08 21:52:14'),
(2079, '2009-09-08 21:52:43'),
(2080, '2009-09-08 21:53:23'),
(2081, '2009-09-08 21:53:58'),
(2082, '2009-09-08 21:54:38'),
(2083, '2009-09-08 21:55:26'),
(2084, '2009-09-08 21:56:11'),
(2085, '2009-09-08 21:57:00'),
(2086, '2009-09-08 21:57:35'),
(2100, '2009-09-15 17:12:15'),
(2101, '2009-09-15 17:17:18'),
(2102, '2009-09-15 17:19:17'),
(2110, '2010-05-01 16:55:08'),
(2111, '2010-05-01 16:55:09'),
(2112, '2010-05-01 16:55:10'),
(2113, '2010-05-01 16:55:11'),
(2114, '2010-05-01 16:55:12'),
(2115, '2010-05-01 16:55:13'),
(2116, '2010-05-01 16:55:14'),
(2117, '2010-05-01 16:55:16'),
(2118, '2010-05-01 16:55:17'),
(2119, '2010-05-01 16:55:18'),
(2120, '2010-05-01 16:55:19'),
(2121, '2010-05-01 16:55:20'),
(2122, '2010-05-01 16:55:21'),
(2123, '2010-05-01 16:55:22'),
(2124, '2010-05-01 16:55:23'),
(2125, '2010-05-01 16:55:24'),
(2126, '2010-05-01 16:55:25'),
(2127, '2010-05-01 16:55:26'),
(2128, '2010-05-01 16:55:27'),
(2129, '2010-05-01 16:55:28'),
(2130, '2010-05-01 16:55:29'),
(2131, '2010-05-01 16:55:30'),
(2132, '2010-05-01 16:55:31'),
(2133, '2010-05-01 16:55:32'),
(2134, '2010-05-01 16:55:33'),
(2135, '2010-05-01 16:55:34'),
(2136, '2010-05-01 16:55:35'),
(2137, '2010-05-01 16:55:36'),
(2138, '2010-05-01 16:55:37'),
(2139, '2010-05-01 16:55:38'),
(2140, '2010-05-01 16:55:39'),
(2141, '2010-05-01 16:55:40'),
(2142, '2010-05-01 16:55:41'),
(2143, '2010-05-01 16:55:42'),
(2144, '2010-05-01 16:55:43'),
(2145, '2010-05-01 16:55:44'),
(2146, '2010-05-01 16:55:45'),
(2147, '2010-05-01 16:55:46'),
(2148, '2010-05-01 16:55:47'),
(2149, '2010-05-01 16:55:48'),
(2150, '2010-05-01 16:55:49'),
(2151, '2010-05-01 16:55:50'),
(2152, '2010-05-01 16:55:51'),
(2153, '2010-05-01 16:55:52'),
(2154, '2010-05-01 16:55:53'),
(2155, '2010-05-01 16:55:54'),
(2156, '2010-05-01 16:55:55'),
(2157, '2010-05-01 16:55:56'),
(2158, '2010-05-01 16:55:57'),
(2159, '2010-05-01 16:55:58'),
(2160, '2010-05-01 16:55:59'),
(2161, '2010-05-01 16:56:00'),
(2162, '2010-05-01 16:56:01'),
(2163, '2010-05-01 16:56:02'),
(2164, '2010-05-01 16:56:04'),
(2165, '2010-05-01 16:56:05'),
(2166, '2010-05-01 16:56:06'),
(2167, '2010-05-01 16:56:07'),
(2168, '2010-05-01 16:56:08'),
(2169, '2010-05-01 16:56:09'),
(2170, '2010-05-01 16:56:10'),
(2171, '2010-05-01 16:56:11'),
(2172, '2010-05-01 16:56:12'),
(2173, '2010-05-01 16:56:13'),
(2174, '2010-05-01 16:56:14'),
(2175, '2010-05-01 16:56:15'),
(2176, '2010-05-01 16:56:16'),
(2177, '2010-05-01 16:56:17'),
(2178, '2010-05-01 16:56:18'),
(2179, '2010-05-01 16:56:19'),
(2180, '2010-05-01 16:56:20'),
(2181, '2010-05-01 16:56:21'),
(2182, '2010-05-01 16:56:22'),
(2184, '2010-05-02 16:04:55'),
(2185, '2010-07-11 11:41:23'),
(2186, '2010-07-11 11:41:24'),
(2187, '2010-07-11 11:41:25'),
(2188, '2010-07-11 11:41:26'),
(2189, '2010-07-11 11:41:27'),
(2190, '2010-07-11 11:41:28'),
(2191, '2010-07-11 11:41:30'),
(2192, '2010-07-11 11:41:31'),
(2193, '2010-07-11 11:41:33'),
(2194, '2010-07-11 11:41:34'),
(2195, '2010-07-11 11:41:35'),
(2196, '2010-07-11 11:41:36'),
(2197, '2010-07-11 11:41:37'),
(2198, '2010-07-11 11:41:38'),
(2199, '2010-07-11 11:41:39'),
(2200, '2010-07-11 11:41:40'),
(2201, '2010-07-11 11:41:41'),
(2202, '2010-07-11 11:41:42'),
(2203, '2010-07-11 11:41:44'),
(2204, '2010-07-11 11:41:45'),
(2205, '2010-07-11 11:41:46'),
(2209, '2010-07-11 11:41:50'),
(2210, '2010-07-11 11:41:51'),
(2211, '2010-07-11 11:41:52'),
(2212, '2010-07-11 11:41:53'),
(2213, '2010-07-11 11:41:54'),
(2214, '2010-07-11 11:41:55'),
(2215, '2010-07-11 11:41:56'),
(2216, '2010-07-11 11:41:57'),
(2217, '2010-07-11 11:41:58'),
(2218, '2010-07-11 11:41:59'),
(2219, '2010-07-11 11:42:00'),
(2222, '2010-07-11 11:42:03'),
(2223, '2010-07-11 11:42:04'),
(2224, '2010-07-11 11:42:05'),
(2225, '2010-07-11 11:42:07'),
(2226, '2010-07-11 11:42:08'),
(2227, '2010-07-11 11:42:09'),
(2228, '2010-07-11 11:42:10'),
(2229, '2010-07-11 11:42:11'),
(2230, '2010-07-11 11:42:12'),
(2231, '2010-07-11 11:42:13'),
(2232, '2010-07-11 11:42:14'),
(2233, '2010-07-11 11:42:15'),
(2234, '2010-07-11 11:42:16'),
(2235, '2010-07-11 11:42:17'),
(2236, '2010-07-11 11:42:18'),
(2237, '2010-07-11 11:42:19'),
(2238, '2010-07-11 11:42:20'),
(2243, '2010-07-11 11:42:26'),
(2244, '2010-07-11 11:42:27'),
(2247, '2010-07-11 11:42:30'),
(2250, '2010-07-11 11:42:33'),
(2251, '2010-07-11 11:42:34'),
(2252, '2010-07-11 11:42:35'),
(2335, '2010-07-22 10:11:29'),
(2334, '2010-07-18 09:01:07'),
(2255, '2010-07-11 11:42:38'),
(2256, '2010-07-11 11:42:39'),
(2257, '2010-07-11 16:32:10'),
(2258, '2010-07-11 16:52:00'),
(2259, '2010-07-11 23:06:29'),
(2260, '2010-07-11 23:06:31'),
(2261, '2010-07-11 23:06:32'),
(2262, '2010-07-11 23:06:33'),
(2263, '2010-07-11 23:06:34'),
(2264, '2010-07-11 23:06:35'),
(2265, '2010-07-11 23:06:36'),
(2266, '2010-07-11 23:06:37'),
(2267, '2010-07-11 23:06:38'),
(2268, '2010-07-11 23:06:39'),
(2269, '2010-07-11 23:06:40'),
(2270, '2010-07-11 23:06:42'),
(2271, '2010-07-11 23:06:43'),
(2272, '2010-07-11 23:06:44'),
(2273, '2010-07-11 23:06:45'),
(2274, '2010-07-11 23:06:46'),
(2275, '2010-07-11 23:06:47'),
(2276, '2010-07-11 23:06:48'),
(2277, '2010-07-11 23:06:50'),
(2278, '2010-07-11 23:06:51'),
(2279, '2010-07-11 23:06:52'),
(2280, '2010-07-11 23:06:53'),
(2281, '2010-07-11 23:06:54'),
(2282, '2010-07-11 23:06:55'),
(2283, '2010-07-11 23:06:56'),
(2284, '2010-07-11 23:06:57'),
(2285, '2010-07-11 23:06:59'),
(2286, '2010-07-11 23:07:00'),
(2287, '2010-07-11 23:07:01'),
(2288, '2010-07-11 23:07:02'),
(2289, '2010-07-11 23:07:03'),
(2290, '2010-07-11 23:07:04'),
(2291, '2010-07-11 23:07:05'),
(2292, '2010-07-11 23:07:06'),
(2293, '2010-07-12 14:05:54'),
(2294, '2010-07-12 14:07:38'),
(2295, '2010-07-12 14:07:53'),
(2296, '2010-07-12 14:08:09'),
(2297, '2010-07-12 14:08:29'),
(2298, '2010-07-12 18:17:15'),
(2299, '2010-07-13 10:20:39'),
(2300, '2010-07-13 10:20:40'),
(2301, '2010-07-13 10:20:41'),
(2302, '2010-07-13 10:20:42'),
(2303, '2010-07-13 10:20:43'),
(2304, '2010-07-13 10:20:44'),
(2305, '2010-07-13 10:20:45'),
(2306, '2010-07-13 11:05:48'),
(2307, '2010-07-13 11:05:49'),
(2308, '2010-07-13 11:05:50'),
(2309, '2010-07-13 11:05:51'),
(2310, '2010-07-13 11:05:52'),
(2311, '2010-07-13 11:05:54'),
(2312, '2010-07-13 11:05:55'),
(2313, '2010-07-13 11:05:56'),
(2314, '2010-07-13 11:09:59'),
(2315, '2010-07-13 15:50:24'),
(2316, '2010-07-13 15:50:25'),
(2317, '2010-07-13 15:50:27'),
(2318, '2010-07-13 15:50:28'),
(2319, '2010-07-13 15:50:29'),
(2320, '2010-07-13 15:50:30'),
(2321, '2010-07-13 15:50:31'),
(2322, '2010-07-14 08:51:15'),
(2323, '2010-07-14 09:45:18'),
(2324, '2010-07-14 09:45:43'),
(2325, '2010-07-14 10:19:50'),
(2326, '2010-07-14 10:20:21'),
(2327, '2010-07-14 10:20:23'),
(2328, '2010-07-14 10:20:24'),
(2329, '2010-07-14 10:20:25'),
(2330, '2010-07-14 10:20:26'),
(2331, '2010-07-14 10:20:27'),
(2332, '2010-07-14 10:20:28'),
(2333, '2010-07-14 10:20:29'),
(2336, '2011-05-14 11:39:16'),
(2337, '2011-05-14 11:39:17'),
(2338, '2011-05-14 11:39:18'),
(2339, '2011-05-14 11:39:19'),
(2340, '2011-05-14 11:39:20'),
(2341, '2011-05-14 11:39:21'),
(2342, '2011-05-14 11:39:22'),
(2343, '2011-05-14 11:39:23'),
(2344, '2011-05-14 11:39:24'),
(2345, '2011-05-14 11:39:25'),
(2346, '2011-05-14 11:39:27'),
(2347, '2011-05-14 11:39:28'),
(2348, '2011-05-14 11:39:29'),
(2349, '2011-05-14 11:39:30'),
(2350, '2011-05-14 11:39:31'),
(2351, '2011-05-14 11:39:32'),
(2352, '2011-05-14 11:39:33'),
(2353, '2011-05-14 11:39:34'),
(2354, '2011-05-14 11:39:35'),
(2355, '2011-05-14 11:39:36'),
(2356, '2011-05-14 11:39:37'),
(2357, '2011-05-14 11:39:38'),
(2358, '2011-05-14 11:39:39'),
(2359, '2011-05-14 11:39:40'),
(2360, '2011-05-14 11:39:41'),
(2361, '2011-05-14 11:39:42'),
(2362, '2011-05-14 11:39:43'),
(2363, '2011-05-14 11:39:44'),
(2364, '2011-05-14 11:41:21'),
(2365, '2012-03-29 09:52:08'),
(2366, '2012-03-29 09:52:19'),
(2367, '2012-03-29 09:52:30'),
(2368, '2012-03-29 09:52:41'),
(2369, '2012-03-29 09:52:46'),
(2370, '2012-03-29 09:52:58'),
(2371, '2012-03-29 09:53:52'),
(2372, '2012-03-29 09:54:01'),
(2373, '2012-03-29 09:54:09'),
(2374, '2012-03-29 09:54:18'),
(2375, '2012-03-29 09:54:25'),
(2376, '2012-03-29 09:54:34'),
(2377, '2012-03-29 09:54:44'),
(2378, '2012-03-29 09:55:24'),
(2379, '2012-03-29 09:55:32'),
(2380, '2012-03-29 09:55:42'),
(2381, '2012-03-29 09:55:50'),
(2382, '2012-03-29 09:56:02'),
(2383, '2012-03-29 09:56:09'),
(2384, '2012-03-29 09:57:22'),
(2385, '2012-03-29 09:58:26'),
(2386, '2012-03-29 09:58:46'),
(2387, '2014-01-31 10:46:52'),
(2388, '2014-01-31 12:47:28'),
(2389, '2014-01-31 12:47:29'),
(2390, '2014-01-31 12:47:30'),
(2391, '2014-01-31 12:47:31'),
(2392, '2014-01-31 12:47:32'),
(2393, '2014-01-31 12:47:33'),
(2394, '2014-01-31 12:47:34'),
(2395, '2014-01-31 12:47:35'),
(2396, '2014-01-31 12:47:36'),
(2397, '2014-01-31 12:47:37'),
(2398, '2014-01-31 12:47:38'),
(2399, '2014-01-31 12:47:39'),
(2400, '2014-01-31 12:47:40'),
(2401, '2014-01-31 12:47:41'),
(2402, '2014-01-31 12:47:42'),
(2403, '2014-01-31 12:47:43'),
(2404, '2014-01-31 12:47:44'),
(2405, '2014-01-31 12:47:45'),
(2406, '2014-01-31 12:47:46'),
(2407, '2014-01-31 12:47:47'),
(2408, '2014-01-31 12:47:48'),
(2409, '2014-01-31 12:47:49'),
(2410, '2014-01-31 12:47:50'),
(2411, '2014-01-31 12:47:51'),
(2412, '2014-01-31 12:47:52'),
(2413, '2014-01-31 12:47:53'),
(2414, '2014-01-31 12:47:54'),
(2415, '2014-01-31 12:47:55'),
(2416, '2014-01-31 12:47:56'),
(2417, '2014-01-31 12:47:57'),
(2418, '2014-01-31 12:47:58'),
(2419, '2014-01-31 12:47:59'),
(2420, '2014-01-31 12:48:00'),
(2421, '2014-01-31 12:48:01'),
(2422, '2014-01-31 12:48:02'),
(2423, '2014-01-31 12:48:03'),
(2424, '2014-01-31 12:48:04'),
(2425, '2014-01-31 12:48:05'),
(2426, '2014-01-31 12:48:06'),
(2427, '2014-01-31 12:48:07'),
(2428, '2014-01-31 12:48:08'),
(2429, '2014-01-31 12:48:09'),
(2430, '2014-01-31 12:48:10'),
(2431, '2014-01-31 12:48:11'),
(2432, '2014-01-31 12:48:12'),
(2433, '2014-01-31 12:48:13'),
(2434, '2014-01-31 12:48:14'),
(2435, '2014-01-31 12:48:15'),
(2436, '2014-01-31 12:48:16'),
(2437, '2014-01-31 12:48:17'),
(2438, '2014-01-31 12:48:18'),
(2439, '2014-01-31 12:48:19'),
(2440, '2014-01-31 12:48:20'),
(2441, '2014-01-31 12:48:21'),
(2442, '2014-01-31 12:48:22'),
(2443, '2014-01-31 12:48:23'),
(2444, '2014-01-31 12:48:24'),
(2445, '2014-01-31 12:48:25'),
(2446, '2014-01-31 12:48:26'),
(2447, '2014-01-31 12:48:27'),
(2448, '2014-01-31 12:48:28'),
(2449, '2014-01-31 12:48:29'),
(2450, '2014-01-31 12:48:30'),
(2451, '2014-01-31 12:48:31'),
(2452, '2014-01-31 12:48:32'),
(2453, '2014-01-31 12:48:33'),
(2454, '2014-01-31 12:48:34'),
(2455, '2014-01-31 12:48:35'),
(2456, '2014-01-31 12:48:36'),
(2457, '2014-01-31 12:48:37'),
(2458, '2014-01-31 12:48:38'),
(2459, '2014-01-31 12:48:39'),
(2460, '2014-01-31 12:48:41'),
(2461, '2014-01-31 12:48:42'),
(2462, '2014-01-31 12:48:43'),
(2463, '2014-01-31 12:48:44'),
(2464, '2014-01-31 12:48:45'),
(2465, '2014-01-31 12:48:46'),
(2466, '2014-01-31 12:48:47'),
(2467, '2014-01-31 12:48:48'),
(2468, '2014-01-31 12:48:49'),
(2469, '2014-01-31 12:48:50'),
(2470, '2014-01-31 12:48:51'),
(2471, '2014-01-31 12:48:52'),
(2472, '2014-01-31 12:48:53'),
(2473, '2014-01-31 12:48:54'),
(2474, '2014-01-31 12:48:55'),
(2475, '2014-01-31 12:48:56'),
(2476, '2014-01-31 12:48:57'),
(2477, '2014-01-31 12:48:58'),
(2478, '2014-01-31 12:48:59'),
(2479, '2014-01-31 12:49:00'),
(2480, '2014-01-31 12:49:01'),
(2481, '2014-01-31 12:49:02'),
(2482, '2014-01-31 12:49:03'),
(2483, '2014-01-31 12:49:04'),
(2484, '2014-01-31 12:49:05'),
(2485, '2014-01-31 12:49:06'),
(2486, '2014-01-31 12:49:07'),
(2487, '2014-01-31 12:49:08'),
(2488, '2014-01-31 12:49:09'),
(2489, '2014-01-31 12:49:10'),
(2490, '2014-01-31 12:49:11'),
(2491, '2014-01-31 12:49:12'),
(2492, '2014-01-31 12:49:13'),
(2493, '2014-01-31 12:49:14'),
(2494, '2014-01-31 12:49:15'),
(2495, '2014-01-31 12:49:16'),
(2496, '2014-01-31 12:49:17'),
(2497, '2014-01-31 12:49:18'),
(2498, '2014-01-31 12:49:19'),
(2499, '2014-01-31 12:49:20'),
(2500, '2014-01-31 12:49:21'),
(2501, '2014-01-31 12:49:22'),
(2502, '2014-01-31 12:49:23'),
(2503, '2014-01-31 12:49:24'),
(2504, '2014-01-31 12:49:25'),
(2505, '2014-01-31 12:49:26'),
(2506, '2014-01-31 12:49:27'),
(2507, '2014-01-31 12:49:28'),
(2508, '2014-01-31 12:49:29'),
(2509, '2014-01-31 12:49:30'),
(2510, '2014-01-31 12:49:31'),
(2511, '2014-01-31 12:49:32'),
(2512, '2014-01-31 12:49:33'),
(2513, '2014-01-31 12:49:34'),
(2514, '2014-01-31 12:49:35'),
(2515, '2014-01-31 12:49:36'),
(2516, '2014-01-31 12:49:37'),
(2517, '2014-01-31 12:49:38'),
(2518, '2014-01-31 12:49:39'),
(2519, '2014-01-31 12:49:40'),
(2520, '2014-01-31 12:49:41'),
(2521, '2014-01-31 12:49:42'),
(2522, '2014-01-31 12:49:43'),
(2523, '2014-01-31 12:49:44'),
(2524, '2014-08-14 11:26:15'),
(2525, '2014-09-17 18:41:23'),
(2526, '2014-09-17 18:41:24'),
(2527, '2014-09-17 18:41:25'),
(2528, '2014-09-17 18:41:26'),
(2529, '2014-09-17 18:41:28'),
(2530, '2014-09-17 18:41:29'),
(2531, '2014-09-17 18:41:30'),
(2532, '2014-09-17 18:41:31'),
(2533, '2014-09-17 18:41:32'),
(2534, '2014-09-17 18:41:33'),
(2535, '2014-09-17 18:41:34'),
(2536, '2014-09-17 18:41:35'),
(2537, '2014-09-17 18:41:36'),
(2538, '2014-09-17 18:41:37'),
(2539, '2014-09-17 18:41:38'),
(2540, '2014-09-17 18:41:39'),
(2541, '2014-09-17 18:41:40'),
(2542, '2014-09-17 18:41:41'),
(2543, '2014-09-17 18:41:42'),
(2544, '2014-09-17 18:41:43'),
(2545, '2014-09-17 18:41:44'),
(2546, '2014-09-17 18:41:45'),
(2547, '2014-09-17 18:41:46'),
(2548, '2014-09-17 18:41:47'),
(2549, '2014-09-17 18:41:48'),
(2550, '2014-09-17 18:41:49'),
(2551, '2014-09-17 18:41:50'),
(2552, '2014-09-17 18:41:51'),
(2553, '2014-09-17 18:41:52'),
(2554, '2014-09-17 18:41:53'),
(2555, '2014-09-17 18:41:54'),
(2556, '2014-09-17 18:41:55'),
(2557, '2014-09-17 18:41:56'),
(2558, '2014-09-17 18:41:57'),
(2559, '2014-09-17 18:41:58'),
(2560, '2014-09-17 18:41:59'),
(2561, '2014-09-17 18:42:00'),
(2562, '2014-09-17 18:42:01'),
(2563, '2014-09-17 18:42:02'),
(2564, '2014-09-17 18:42:03'),
(2565, '2014-09-17 18:42:04'),
(2566, '2014-09-17 18:42:05'),
(2567, '2014-09-17 18:42:06'),
(2568, '2014-09-17 18:42:07'),
(2569, '2014-09-17 18:42:08'),
(2570, '2014-09-17 15:45:28'),
(2571, '2014-11-21 00:08:22'),
(2572, '2014-11-21 00:08:23'),
(2573, '2014-11-21 00:08:24'),
(2574, '2014-11-21 00:08:25'),
(2575, '2014-11-21 00:08:26'),
(2576, '2014-11-21 00:08:27'),
(2577, '2014-11-21 00:08:28'),
(2578, '2014-11-21 00:08:29'),
(2579, '2014-11-21 00:08:30'),
(2580, '2014-11-21 00:08:31'),
(2581, '2014-11-21 00:08:32'),
(2582, '2014-11-21 00:08:33'),
(2583, '2014-11-21 00:08:34'),
(2584, '2014-11-21 00:08:35'),
(2585, '2014-11-21 00:08:36'),
(2586, '2014-11-21 00:08:37'),
(2587, '2014-11-21 00:08:38'),
(2588, '2014-11-21 00:08:39'),
(2589, '2014-11-21 00:08:40'),
(2590, '2014-11-21 00:08:41'),
(2591, '2014-11-21 00:08:42'),
(2592, '2014-11-21 00:08:43'),
(2593, '2014-11-21 00:08:44'),
(2594, '2014-11-21 00:08:45'),
(2595, '2014-11-21 00:08:46'),
(2596, '2014-11-21 00:08:47'),
(2597, '2014-11-21 00:08:48'),
(2598, '2014-11-21 00:08:49'),
(2599, '2014-11-21 00:08:51'),
(2600, '2014-11-21 00:08:52'),
(2601, '2014-11-21 00:08:53'),
(2602, '2014-11-21 00:08:54'),
(2603, '2015-04-07 23:15:51'),
(2604, '2015-04-07 23:15:52'),
(2605, '2015-04-07 23:15:53'),
(2606, '2015-04-07 23:15:54'),
(2607, '2015-04-07 23:15:55'),
(2608, '2015-04-07 23:15:56'),
(2609, '2015-04-07 23:15:57'),
(2610, '2015-04-07 23:15:58'),
(2611, '2015-04-07 23:15:59'),
(2612, '2015-04-07 23:16:00'),
(2613, '2015-04-07 23:16:01'),
(2614, '2015-04-07 23:16:02'),
(2615, '2015-04-07 23:16:03'),
(2616, '2015-04-07 23:16:04'),
(2617, '2015-04-07 23:16:05'),
(2618, '2015-04-07 23:16:06'),
(2619, '2015-04-07 23:16:07'),
(2620, '2015-04-07 23:16:08'),
(2621, '2015-04-07 23:16:09'),
(2622, '2015-04-07 23:16:10'),
(2623, '2015-04-07 23:16:11'),
(2624, '2015-04-07 23:16:12'),
(2625, '2015-04-07 23:16:13'),
(2626, '2015-04-07 23:16:14'),
(2627, '2015-04-07 23:16:15'),
(2628, '2015-04-07 23:16:16'),
(2629, '2015-04-07 23:16:17'),
(2630, '2015-04-07 23:16:18'),
(2631, '2015-04-07 23:16:19'),
(2632, '2015-04-07 23:16:20'),
(2633, '2015-04-07 23:16:21'),
(2634, '2015-04-07 23:16:22'),
(2635, '2015-04-07 23:16:23'),
(2636, '2015-04-07 23:16:24'),
(2637, '2015-04-07 23:16:25'),
(2638, '2015-04-07 23:16:26'),
(2639, '2015-04-07 23:16:27'),
(2640, '2015-04-07 23:16:28'),
(2641, '2015-04-07 23:16:29'),
(2642, '2015-04-07 23:16:30'),
(2643, '2015-04-07 23:16:31'),
(2644, '2015-04-07 23:16:32'),
(2645, '2015-04-07 23:16:33'),
(2646, '2015-04-07 23:16:34'),
(2647, '2015-04-07 23:16:35'),
(2648, '2015-04-07 23:16:36'),
(2649, '2015-04-07 23:16:37'),
(2650, '2015-04-07 23:16:38'),
(2651, '2015-04-07 23:16:39'),
(2652, '2015-04-07 23:16:40'),
(2653, '2015-04-07 23:16:41'),
(2654, '2015-04-07 23:16:42'),
(2655, '2015-04-07 23:16:43'),
(2656, '2015-04-07 23:16:44'),
(2657, '2015-04-07 23:16:45'),
(2658, '2015-04-07 23:16:46'),
(2659, '2015-04-07 23:16:47'),
(2660, '2015-04-07 23:16:48'),
(2661, '2015-04-07 23:16:49'),
(2662, '2015-04-07 23:16:50'),
(2663, '2015-04-07 23:16:51'),
(2664, '2015-04-07 23:16:52'),
(2665, '2015-04-07 23:16:53'),
(2666, '2015-04-07 23:16:54'),
(2667, '2015-04-07 23:16:55'),
(2668, '2015-04-07 23:16:56'),
(2669, '2015-04-07 23:16:57'),
(2670, '2015-04-07 23:16:58'),
(2671, '2015-04-07 23:16:59'),
(2672, '2015-04-07 23:17:00'),
(2673, '2015-04-07 23:17:01'),
(2674, '2015-04-07 23:17:02'),
(2675, '2015-04-07 23:17:03'),
(2676, '2015-04-07 23:17:04'),
(2677, '2015-04-07 23:17:05'),
(2678, '2015-04-07 23:17:06'),
(2679, '2015-04-07 23:17:07'),
(2680, '2015-04-07 23:17:08'),
(2681, '2015-04-07 23:17:09'),
(2682, '2015-04-07 23:17:10'),
(2683, '2015-04-07 23:17:11'),
(2684, '2015-04-07 23:17:12'),
(2685, '2015-04-07 23:17:13'),
(2686, '2015-04-07 23:17:15'),
(2687, '2015-04-07 23:17:16'),
(2688, '2015-04-07 23:17:17'),
(2689, '2015-04-07 23:17:18'),
(2690, '2015-04-07 23:17:19'),
(2691, '2015-04-07 23:17:20'),
(2692, '2015-04-07 23:17:21'),
(2693, '2015-04-07 23:17:22'),
(2694, '2015-04-07 23:17:23'),
(2695, '2015-04-07 23:17:24'),
(2696, '2015-04-07 23:17:25'),
(2697, '2015-04-07 23:17:26'),
(2698, '2015-04-07 23:17:27'),
(2699, '2015-04-07 23:17:28'),
(2700, '2015-04-07 23:17:29'),
(2701, '2015-04-07 23:17:30'),
(2702, '2015-04-07 23:17:31'),
(2703, '2015-04-07 23:17:32'),
(2704, '2015-04-07 23:17:33'),
(2705, '2015-04-07 23:17:34'),
(2706, '2015-04-07 23:17:35'),
(2707, '2015-04-07 23:17:36'),
(2708, '2015-04-07 23:17:37'),
(2709, '2015-04-07 23:17:38'),
(2710, '2015-04-07 23:17:39'),
(2711, '2015-04-07 23:17:40'),
(2712, '2015-04-07 23:17:41'),
(2713, '2015-04-07 23:17:42'),
(2714, '2015-04-07 23:17:43'),
(2715, '2015-04-07 23:17:44'),
(2716, '2015-04-07 23:17:45'),
(2717, '2015-04-07 23:17:46'),
(2718, '2015-04-07 23:17:47'),
(2719, '2015-04-07 23:17:48'),
(2720, '2015-04-07 23:17:49'),
(2721, '2015-04-07 23:17:50'),
(2722, '2015-04-07 23:17:51'),
(2723, '2015-04-07 23:17:52'),
(2724, '2015-04-07 23:17:53'),
(2725, '2015-04-07 23:17:54'),
(2726, '2015-04-07 23:17:55'),
(2727, '2015-04-07 23:17:56'),
(2728, '2015-04-07 23:17:57'),
(2729, '2015-04-07 23:17:58'),
(2730, '2015-04-07 23:17:59'),
(2731, '2015-04-07 23:18:00'),
(2732, '2015-04-07 23:18:01'),
(2733, '2015-04-07 23:18:02'),
(2734, '2015-04-07 23:18:03'),
(2735, '2015-04-07 23:18:04'),
(2736, '2015-04-07 23:18:05'),
(2737, '2015-04-07 23:18:06'),
(2738, '2015-04-07 23:18:07'),
(2739, '2015-04-07 23:18:08'),
(2740, '2015-04-07 23:18:09'),
(2741, '2015-04-07 23:18:10'),
(2742, '2015-04-07 23:18:11'),
(2743, '2015-04-07 23:18:12'),
(2744, '2015-04-07 23:18:13'),
(2745, '2015-04-07 23:18:14'),
(2746, '2015-04-07 23:18:15'),
(2747, '2015-04-07 23:18:16'),
(2748, '2015-04-07 23:18:17'),
(2749, '2015-04-07 23:18:18'),
(2750, '2015-04-07 23:18:19'),
(2751, '2015-04-07 23:18:20'),
(2752, '2015-04-07 23:18:21'),
(2753, '2015-04-07 23:18:22'),
(2754, '2015-04-07 23:18:23'),
(2755, '2015-04-07 23:18:24'),
(2756, '2015-04-07 23:18:25'),
(2757, '2015-04-07 23:18:26'),
(2758, '2015-04-07 23:18:27'),
(2759, '2015-04-07 23:18:28'),
(2760, '2015-04-07 23:18:29'),
(2761, '2015-04-07 23:18:30'),
(2762, '2015-04-07 23:18:31'),
(2763, '2015-04-07 23:18:32'),
(2764, '2015-04-07 23:18:33'),
(2765, '2015-04-07 23:18:34'),
(2766, '2015-04-07 23:18:35'),
(2767, '2015-04-07 23:18:36'),
(2768, '2015-04-07 23:18:37'),
(2769, '2015-04-07 23:18:38'),
(2770, '2015-04-07 23:18:39'),
(2771, '2015-04-07 23:18:40'),
(2772, '2015-04-07 23:18:41'),
(2773, '2015-04-07 23:18:42'),
(2774, '2015-04-07 23:18:43'),
(2775, '2015-04-07 23:18:44'),
(2776, '2015-04-07 23:18:45'),
(2777, '2015-04-07 23:18:46'),
(2778, '2015-04-07 23:18:47'),
(2779, '2015-04-07 23:18:48'),
(2780, '2015-04-07 23:18:49'),
(2781, '2015-04-07 23:18:50'),
(2782, '2015-04-07 23:18:51'),
(2783, '2015-04-07 23:18:52'),
(2784, '2015-04-07 23:18:53'),
(2785, '2015-04-07 23:18:54'),
(2786, '2015-04-07 23:18:55'),
(2787, '2015-04-07 23:18:56'),
(2788, '2015-04-07 23:18:57'),
(2789, '2015-04-07 23:18:58'),
(2790, '2015-04-07 23:18:59'),
(2791, '2015-04-07 23:19:00'),
(2792, '2015-04-07 23:19:01'),
(2793, '2015-04-07 23:19:02'),
(2794, '2015-04-07 23:19:03'),
(2795, '2015-04-07 23:19:04'),
(2796, '2015-04-07 23:19:05'),
(2797, '2015-04-07 23:19:06'),
(2798, '2015-04-07 23:19:07'),
(2799, '2015-04-07 23:19:08'),
(2800, '2015-04-07 23:19:09'),
(2801, '2015-04-11 17:29:53'),
(2802, '2015-04-11 17:29:54'),
(2803, '2015-04-11 17:29:55'),
(2804, '2015-04-11 17:29:56'),
(2805, '2015-04-11 17:29:57'),
(2806, '2015-04-11 17:29:58'),
(2807, '2015-04-11 17:29:59'),
(2808, '2015-04-11 17:30:00'),
(2809, '2015-04-11 17:30:01'),
(2810, '2015-04-13 09:15:51'),
(2811, '2015-04-13 09:23:56'),
(2812, '2015-04-13 09:25:03'),
(2813, '2015-04-13 09:26:13'),
(2814, '2015-04-13 09:27:22'),
(2815, '2015-04-13 09:28:13'),
(2816, '2015-04-13 09:30:15'),
(2817, '2015-04-13 09:31:05'),
(2818, '2015-04-13 09:31:24'),
(2819, '2015-04-13 09:31:51'),
(2820, '2015-04-13 09:38:08'),
(2821, '2015-04-13 09:39:12'),
(2822, '2015-04-13 09:48:03'),
(2823, '2015-04-13 09:48:24'),
(2824, '2015-04-13 09:49:02'),
(2825, '2015-04-13 09:49:51'),
(2826, '2015-04-13 19:43:24'),
(2827, '2015-04-13 19:43:25'),
(2828, '2015-04-13 19:43:26'),
(2829, '2015-04-13 19:43:27'),
(2830, '2015-04-13 19:43:28'),
(2831, '2015-04-13 19:43:29'),
(2832, '2015-04-13 19:43:30'),
(2833, '2015-04-13 19:43:31');

-- --------------------------------------------------------

--
-- Estrutura da tabela `tb_app_componente_menu`
--

CREATE TABLE IF NOT EXISTS `tb_app_componente_menu` (
  `id_app_componente_menu` bigint(20) NOT NULL DEFAULT '0',
  `id_app_componente_menu_pai` bigint(20) DEFAULT NULL,
  `url` varchar(100) DEFAULT NULL,
  `descricao` varchar(100) DEFAULT NULL,
  `imagem` varchar(100) DEFAULT NULL,
  `prioridade` bigint(20) DEFAULT NULL,
  `tipo` bigint(20) DEFAULT NULL,
  `status` bigint(20) DEFAULT NULL
) ENGINE=MyISAM DEFAULT CHARSET=latin1;

--
-- Extraindo dados da tabela `tb_app_componente_menu`
--

INSERT INTO `tb_app_componente_menu` (`id_app_componente_menu`, `id_app_componente_menu_pai`, `url`, `descricao`, `imagem`, `prioridade`, `tipo`, `status`) VALUES
(3, 0, 'logout.php', 'Sair', 'sair3.gif', 100, 1, 1),
(4, 0, '#', 'Painel', 'iis.gif', 90, 1, 1),
(5, 4, '#', 'Usuário', 'user.gif', 60, 0, 1),
(6, 4, '#', 'Componente', 'product.gif', 2, 0, 1),
(7, 6, '#', 'Menu', 'null.gif', 1, 0, 1),
(8, 7, 'app_componente_menu_cadastrar.php', 'Cadastrar Menu', 'null.gif', 1, 0, 1),
(9, 7, 'app_componente_menu_listar.php', 'Listar/Editar Menu', 'null.gif', 3, 0, 1),
(10, 6, 'app_componente_permissao_cadastrar.php', 'Permissão', 'null.gif', 4, 0, 1),
(11, 6, '#', 'Página', 'null.gif', 2, 0, 1),
(12, 11, 'app_componente_pagina_cadastrar.php', 'Cadastrar Página', 'null.gif', 1, 0, 1),
(13, 11, 'app_componente_pagina_listar.php', 'Listar/Editar Página', 'null.gif', 2, 0, 1),
(14, 6, '#', 'Regra', 'null.gif', 3, 0, 1),
(15, 14, 'app_componente_regra_cadastrar.php', 'Regra Cadastrar', 'null.gif', 1, 0, 1),
(16, 14, 'app_componente_regra_listar.php', 'Listar/Editar Regra', 'null.gif', 2, 0, 1),
(17, 4, 'app_usuario_senha_editar.php', 'Alterar Senha', 'user.gif', 1, 0, 1),
(18, 5, 'app_usuario_list.php', 'Gerenciar Usuários', 'null.gif', 2, 0, 1),
(19, 5, 'app_usuario_grupo_list.php', 'Gerenciar Grupo de Usuários', 'null.gif', 3, 0, 1),
(49, 0, '#', 'Gerenciar', 'filewrite.gif', 20, 1, 1),
(1063, 0, 'index.php', 'Principal', 'ico_principal.gif', 10, 1, 1),
(1277, 1276, 'relatorio_usuario_acesso_ano.php', 'Acessos Diários', 'ico_acessosdiarios.gif', 1, 0, 1),
(1129, 0, '#', 'Contato', 'mailchat.gif', 30, 0, 0),
(1130, 1129, 'fale_conosco_list.php', 'Fale Conosco', 'ico_new_fale_conosco.gif', 1, 0, 1),
(1131, 1130, 'fale_conosco_assunto_list.php', 'Assuntos', 'null.gif', 2, 0, 1),
(1132, 49, 'noticia_list.php', 'Notícias', 'ico_new_noticias.gif', 10, 0, 0),
(1133, 49, 'pagina_list.php', 'Páginas de Conteúdo', 'ico_new_pagina.gif', 120, 0, 0),
(1910, 0, 'site_selecao.php', 'Mudar Site', 'webcalender_sync.gif', 50, 1, 0),
(2335, 1154, 'emkt_contato_import.php', 'Importar', 'null.gif', 1, 0, 1),
(1555, 0, '#', 'Suporte', 'userq.gif', 50, 1, 1),
(1556, 1555, 'suporte_fale.php', 'Ajuda', 'ico_new_ajuda.gif', 1, 0, 1),
(1143, 49, 'banner_list.php', 'Banners', 'ico_new_galeria.gif', 140, 0, 1),
(1144, 1143, 'banner_list.php', 'Banners', 'null.gif', 1, 0, 1),
(1493, 49, '#', 'Multimídia', 'ico_new_multimidia.gif', 20, 0, 0),
(1146, 1143, 'banner_local_list.php', 'Locais de Publicação', 'null.gif', 3, 0, 1),
(1494, 49, 'video_list.php', 'Vídeos', 'ico_new_multimidia.gif', 21, 0, 0),
(1152, 49, 'emkt_list.php', 'Newsletter', 'ico_new_newsletter.gif', 100, 0, 0),
(1153, 1152, 'emkt_list.php', 'Mensagens', 'null.gif', 1, 0, 1),
(1154, 1152, 'emkt_contato_list.php', 'Contatos', 'null.gif', 2, 0, 1),
(1155, 4, 'site_list.php', 'Sites', 'mission.gif', 15, 0, 1),
(1276, 0, '#', 'Relatórios', 'fileprint.gif', 40, 1, 1),
(1278, 1276, 'relatorio_usuario_online.php', 'Usuários Online', 'ico_usuario_online.gif', 2, 0, 1),
(1557, 1555, 'suporte_fale.php', 'Fale com Suporte', 'ico_new_fale_suporte.gif', 2, 0, 1),
(1566, 49, 'acesso_rapido_list.php', 'Menu', 'ico_new_acessorapido.gif', 150, 0, 1),
(1395, 0, 'login.php', 'Logar', 'sair3.gif', 500, 1, 1),
(1421, 49, 'agenda_list.php', 'Agenda', 'ico_new_agenda.gif', 30, 0, 0),
(1422, 1421, 'agenda_categoria_list.php', 'Categorias', 'null.gif', 2, 0, 1),
(1430, 49, 'link_list.php', 'Links Indicados', 'ico_new_links.gif', 130, 0, 0),
(1443, 49, 'artigo_list.php', 'Artigos', 'ico_new_artigos.gif', 110, 0, 0),
(1444, 1443, 'artigo_articulista_list.php', 'Articulistas', 'null.gif', 2, 0, 1),
(1452, 49, 'enquete_list.php', 'Enquetes', 'ico_new_enquete.gif', 50, 0, 0),
(1471, 49, 'galeria_album_list.php', 'Galeria de Fotos', 'ico_new_galeria.gif', 40, 0, 0),
(1472, 1471, 'galeria_album_list.php', 'Álbuns', 'null.gif', 1, 0, 1),
(1473, 1471, 'galeria_categoria_list.php', 'Categorias', 'null.gif', 2, 0, 1),
(1495, 1493, 'multimidia_upload.php', 'Enviar Arquivos', 'null.gif', 3, 0, 1),
(1708, 1132, 'area_publicacao_list.php', 'Áreas de Publicação', 'null.gif', 3, 0, 1),
(1516, 49, 'download_list.php', 'Downloads', 'ico_new_download.gif', 60, 0, 0),
(1517, 1516, 'download_categoria_list.php', 'Categorias', 'null.gif', 2, 0, 1),
(1573, 4, 'configuracao_edit.php', 'Configurações', 'ico_new_configuracoes.gif', 20, 0, 1),
(1577, 1132, 'http://seetorgbr.disqus.com/admin/moderate/#/pending', 'Comentários', 'null.gif', 2, 0, 0),
(1621, 49, 'participacao_popular_list.php', 'Participação Popular', 'ico_new_participacao_popular.gif', 70, 0, 0),
(1707, 1132, 'editoria_list.php', 'Editorias', 'null.gif', 2, 0, 1),
(1794, 1566, 'acesso_rapido_bloco_list.php', 'Blocos', 'null.gif', 1, 0, 1),
(1712, 1710, 'jornal_estrutura_list.php', 'Estrutura', 'null.gif', 2, 0, 0),
(1727, 1152, 'emkt_lista_list.php ', 'Listas', 'null.gif', 3, 0, 1),
(1816, 1815, 'jornal_edicao_list.php', 'Edições', 'null.gif', 1, 0, 0),
(1817, 1815, 'jornal_estrutura_list.php', 'Estrutura', 'null.gif', 2, 0, 0),
(1818, 1132, 'noticia_list.php', 'Notícias', 'null.gif', 1, 0, 1),
(1871, 1516, 'download_list.php', 'Arquivos', 'null.gif', 1, 0, 1),
(2075, 0, 'contato_list.php', 'Agenda de Contatos', 'ico_new_agenda_de_contatos.gif', 21, 1, 0),
(2076, 2075, 'contato_list.php', 'Gerenciar', 'ico_comicio.gif', 10, 0, 0),
(2077, 2076, 'contato_list.php', 'Listar', 'null.gif', 10, 0, 0),
(2078, 2076, 'contato_add.php', 'Novo', 'null.gif', 20, 0, 0),
(2079, 2075, 'contato_pesquisar.php', 'Relatórios', 'ico_acessosdiarios.gif', 20, 0, 0),
(2080, 2075, '#', 'Configuração', 'notesetting.gif', 30, 0, 1),
(2081, 2080, 'contato_grupo_list.php', 'Grupos', 'null.gif', 10, 0, 0),
(2082, 2080, 'contato_profissao_list.php', 'Profissões', 'null.gif', 20, 0, 0),
(2083, 2080, 'contato_renda_list.php', 'Renda Familiar', 'null.gif', 30, 0, 0),
(2084, 2080, 'contato_escolaridade_list.php', 'Escolaridade', 'null.gif', 40, 0, 0),
(2085, 2080, 'contato_estado_civil_list.php', 'Estado Civil', 'null.gif', 50, 0, 0),
(2086, 2080, 'contato_carteira_motorista_list.php', 'Carteria de Motorista', 'null.gif', 60, 0, 0),
(2100, 2075, 'contato_email_list.php', 'E-mail', 'ico_fale_suporte.gif', 15, 0, 0),
(2101, 2100, 'contato_email_list.php', 'Listar', 'null.gif', 1, 0, 0),
(2102, 2100, 'contato_email_add.php', 'Novo', 'null.gif', 2, 0, 0),
(2257, 1421, 'agenda_list.php', 'Agenda', 'null.gif', 1, 0, 1),
(2258, 1443, 'artigo_list.php', 'Artigos', 'null.gif', 1, 0, 1),
(2293, 49, 'audio_list.php', 'Áudios', 'ico_multimidia.gif', 22, 0, 0),
(2294, 1494, 'video_list.php', 'Vídeos', 'null.gif', 1, 0, 1),
(2295, 1494, 'video_categoria_list.php', 'Categorias', 'null.gif', 2, 0, 1),
(2296, 2293, 'audio_list.php', 'Áudios', 'null.gif', 1, 0, 1),
(2297, 2293, 'audio_categoria_list.php', 'Categorias', 'null.gif', 2, 0, 1),
(2322, 1130, 'fale_conosco_list.php', 'Mensagens', 'null.gif', 1, 0, 1),
(2364, 49, 'mural_recado_list.php', 'Mural de Recados', 'ico_new_chat.gif', 19, 0, 0),
(2384, 49, '#', 'Jornal', 'news.gif', 11, 0, 0),
(2385, 2384, 'jornal_estrutura_list.php', 'Estrutura', 'null.gif', 2, 0, 1),
(2386, 2384, 'jornal_edicao_list.php', 'Edições', 'null.gif', 1, 0, 1),
(2387, 1708, 'area_publicacao_bloco_list.php', 'Blocos', 'null.gif', 1, 0, 1),
(2524, 49, 'conteudo_list.php', 'Conteúdos Estáticos', 'ico_comiteseescritorios.gif', 121, 0, 1),
(2570, 49, 'acervo_caso_list.php', 'Acervo Digital', 'ico_comitevirtual.gif', 300, 0, 0),
(2810, 49, '#', 'Configurações', 'cog.png', 10, 0, 1),
(2811, 2810, 'arquivo_tipo_list.php', 'Arquivos > Tipos', 'page_list.png', 10, 0, 1),
(2812, 2810, 'arquivo_disciplina_list.php', 'Arquivos > Disciplinas', 'page_list.png', 20, 0, 1),
(2813, 2810, 'cronograma_tipo_list.php', 'Cronograma > Tipos', 'page_list.png', 30, 0, 1),
(2814, 2810, 'cronograma_etapa_list.php', 'Cronograma > Etapas', 'page_list.png', 40, 0, 1),
(2815, 2810, 'curriculo_area_list.php', 'Currículos > Áreas', 'page_list.png', 50, 0, 1),
(2816, 2810, 'curriculo_segmento_list.php', 'Currículos > Segmentos', 'page_list.png', 60, 0, 1),
(2817, 2810, 'lojista_pessoa_perfil_list.php', 'Pessoa > Perfil', 'page_list.png', 70, 0, 1),
(2818, 2810, 'segmento_list.php', 'Segmentos', 'page_list.png', 80, 0, 1),
(2819, 2810, 'usuario_perfil_list.php', 'Usuários > Perfil', 'page_list.png', 80, 0, 1),
(2820, 49, 'usuario_list.php', 'Usuários', 'group.png', 2, 0, 1),
(2821, 49, '#', 'Empreendimento', 'cart.png', 5, 0, 1),
(2822, 2821, 'lojista_list.php', 'Lojistas', 'page_list.png', 10, 0, 1),
(2823, 2821, 'loja_list.php', 'Lojas', 'page_list.png', 20, 0, 1),
(2824, 2821, 'empreendimento_list.php', 'Empreendimentos', 'page_list.png', 30, 0, 1),
(2825, 49, 'documento_list.php', 'Documentos', 'fileattach.gif', 8, 0, 1);

-- --------------------------------------------------------

--
-- Estrutura da tabela `tb_app_componente_pagina`
--

CREATE TABLE IF NOT EXISTS `tb_app_componente_pagina` (
  `id_app_componente_pagina` bigint(20) NOT NULL DEFAULT '0',
  `identificador` varchar(50) DEFAULT NULL,
  `url` varchar(100) DEFAULT NULL,
  `descricao` varchar(100) DEFAULT NULL
) ENGINE=MyISAM DEFAULT CHARSET=latin1;

--
-- Extraindo dados da tabela `tb_app_componente_pagina`
--

INSERT INTO `tb_app_componente_pagina` (`id_app_componente_pagina`, `identificador`, `url`, `descricao`) VALUES
(1312, '84ee57cf6804bc727ac3df603c93ec9d', 'app_componente_add.php', 'app_componente_add.php'),
(1313, 'cfd566b66c8b816519207da7159ed3b3', 'app_componente_edit.php', 'app_componente_edit.php'),
(1314, '57c9144708f9c708be762730f4e1968b', 'app_componente_list.php', 'app_componente_list.php'),
(1315, '1d9a92f3d6711fd6dedfd5805460d28e', 'app_componente_menu_add.php', 'app_componente_menu_add.php'),
(1316, '7ffc6a737ff685e931e8c8a4e2f4ce48', 'app_componente_menu_cadastrar.php', 'app_componente_menu_cadastrar.php'),
(1317, 'c6a814f7c2dff2337d9905bee3ff9f00', 'app_componente_menu_edit.php', 'app_componente_menu_edit.php'),
(1318, '76cf346b10378f02055549e69d31dfa8', 'app_componente_menu_editar.php', 'app_componente_menu_editar.php'),
(1319, '0e3454ba8f867de31bcb357ac494106e', 'app_componente_menu_excluir.php', 'app_componente_menu_excluir.php'),
(1320, 'e29a74a7e4aef8e67e39ecf9825f6ab0', 'app_componente_menu_list.php', 'app_componente_menu_list.php'),
(1321, '93bbbc7afe5e5c37628b9261ecfac95a', 'app_componente_menu_listar.php', 'app_componente_menu_listar.php'),
(1322, '1e12f8524fa8e67a0a0dd0104061d3ba', 'app_componente_menu_priority.php', 'app_componente_menu_priority.php'),
(1323, '376624b1e286d59d57821d01f58a78eb', 'app_componente_menu_remove.php', 'app_componente_menu_remove.php'),
(1324, '2acfde729beb182395bd5ed7d74b2a07', 'app_componente_menu_view.php', 'app_componente_menu_view.php'),
(1325, '67fc33e2a36e01a7450e374f2616d6ba', 'app_componente_pagina_add.php', 'app_componente_pagina_add.php'),
(1326, 'bcabdc1f332b7f2c6437da51964067f4', 'app_componente_pagina_cadastrar.php', 'app_componente_pagina_cadastrar.php'),
(1327, '7317d01d5da5e552d891d40efbb995cb', 'app_componente_pagina_edit.php', 'app_componente_pagina_edit.php'),
(1328, 'd687d5e4286db62939c55a5c71a3ecfa', 'app_componente_pagina_editar.php', 'app_componente_pagina_editar.php'),
(1329, '9022f159957bf471b11fe32086297c8d', 'app_componente_pagina_excluir.php', 'app_componente_pagina_excluir.php'),
(1330, 'aa768cff094c2687c21d4d16b2216873', 'app_componente_pagina_list.php', 'app_componente_pagina_list.php'),
(1331, 'a3cab0474771ab60ff13a5901da79a23', 'app_componente_pagina_listar.php', 'app_componente_pagina_listar.php'),
(1332, 'd4aa6a495cb75bc08d44e6ad767fc67c', 'app_componente_pagina_remove.php', 'app_componente_pagina_remove.php'),
(1333, '7cae7192184f1b51cf92266daa558fda', 'app_componente_pagina_view.php', 'app_componente_pagina_view.php'),
(1334, '6e0147d5b3aac00a954c4f2ada2e9745', 'app_componente_permissao_add.php', 'app_componente_permissao_add.php'),
(1335, 'ee74d3309b3b1fb08b5108879e79a1da', 'app_componente_permissao_cadastrar.php', 'app_componente_permissao_cadastrar.php'),
(1336, '833f448b0f4681913ca79181a1f224fb', 'app_componente_permissao_edit.php', 'app_componente_permissao_edit.php'),
(1337, '96812dc389566199b8bb0aa4f81dd180', 'app_componente_permissao_excluir.php', 'app_componente_permissao_excluir.php'),
(1338, '8ca2684f3f619a7e654524a877836743', 'app_componente_permissao_list.php', 'app_componente_permissao_list.php'),
(1339, '64095e82671bc3101a7f7bfc786aee2e', 'app_componente_permissao_menu.php', 'app_componente_permissao_menu.php'),
(1340, '73f7c402cef3c51eab0c66e9941cd0b2', 'app_componente_permissao_pagina.php', 'app_componente_permissao_pagina.php'),
(1341, 'b71de49b604ff7d0310d0eec8ac9d965', 'app_componente_permissao_remove.php', 'app_componente_permissao_remove.php'),
(1342, '1824b48b25fea87cbe8631cbc8e1a956', 'app_componente_permissao_view.php', 'app_componente_permissao_view.php'),
(1343, '2093204dfaf2ffe3b834d40d767ef0dd', 'app_componente_regra_add.php', 'app_componente_regra_add.php'),
(1344, '8890dbaf3f3289e3a5e9220ef86b9d38', 'app_componente_regra_cadastrar.php', 'app_componente_regra_cadastrar.php'),
(1345, 'c3e90ebde2e12387b0fd08f725640405', 'app_componente_regra_edit.php', 'app_componente_regra_edit.php'),
(1346, 'd11482cb34f810fd6ebe0fee0d984f7c', 'app_componente_regra_editar.php', 'app_componente_regra_editar.php'),
(1347, 'bbaaa88100dfa4888429e24c0d5f4672', 'app_componente_regra_excluir.php', 'app_componente_regra_excluir.php'),
(1348, '5634a13c5dba2bbd7e076b3e17a4e7e5', 'app_componente_regra_list.php', 'app_componente_regra_list.php'),
(1349, '958a4a86b65b70fcc1bee09f460b3f93', 'app_componente_regra_listar.php', 'app_componente_regra_listar.php'),
(1350, 'f071a2c876a1b28b68811a4847ff8960', 'app_componente_regra_remove.php', 'app_componente_regra_remove.php'),
(1351, 'c361b28ffcb44f09f267199d31093c7a', 'app_componente_regra_view.php', 'app_componente_regra_view.php'),
(1352, '43b30def364d1b0aa5521f5effab3fa4', 'app_componente_remove.php', 'app_componente_remove.php'),
(1353, '0b71383a2a30abb63ce518a7962b579b', 'app_componente_view.php', 'app_componente_view.php'),
(1354, 'c1f619464f46462606117af22152099b', 'app_usuario_add.php', 'app_usuario_add.php'),
(1355, '311544528094113ed6309edb6ad65a0a', 'app_usuario_edit.php', 'app_usuario_edit.php'),
(1356, '38f1c2183437eae6cf49b39800a39a37', 'app_usuario_grupo_add.php', 'app_usuario_grupo_add.php'),
(1357, '4e53d4c38eb5984a5bd08389fe3bd727', 'app_usuario_grupo_edit.php', 'app_usuario_grupo_edit.php'),
(1358, '4c426d9a1a9887a521f09e60d9eb0d0d', 'app_usuario_grupo_list.php', 'app_usuario_grupo_list.php'),
(1359, '37bb76d60f389acb13b96b132d02fd18', 'app_usuario_grupo_remove.php', 'app_usuario_grupo_remove.php'),
(1360, '76693fa065d311e51377476ce2e50b12', 'app_usuario_grupo_view.php', 'app_usuario_grupo_view.php'),
(1361, '546cff5119b317d2f00624a202ffeed2', 'app_usuario_list.php', 'app_usuario_list.php'),
(1362, 'fff7a304460e9f8c2a80ba246495ba24', 'app_usuario_remove.php', 'app_usuario_remove.php'),
(1363, '3ebc071c9c8b90357b5e3ff7fbb5c130', 'app_usuario_senha_editar.php', 'app_usuario_senha_editar.php'),
(1364, '29dbbeeddfec1bf78c0bb48b6d4fbe0e', 'app_usuario_view.php', 'app_usuario_view.php'),
(1365, '4b5da6b33bd6cec42299c0d64cbfcc0a', 'conteudo_add.php', 'conteudo_add.php'),
(1366, 'e1d5bf6c656c439f4b7696e0ded59d1f', 'conteudo_edit.php', 'conteudo_edit.php'),
(1367, '8a7c536c89b4e5ca1ddabfdf2ba8b202', 'conteudo_list.php', 'conteudo_list.php'),
(1368, '7d8d20316be633f94017ce2e37a5ade7', 'conteudo_operation.php', 'conteudo_operation.php'),
(1369, '29ca0f891e748a8e463ae69ea38e590d', 'conteudo_remove.php', 'conteudo_remove.php'),
(1370, 'a1a562bcc37a28375dc94b35b872b398', 'conteudo_view.php', 'conteudo_view.php'),
(1371, '6a07b20876aeb22fed7b5ad323ed89a7', 'erropermissao.php', 'erropermissao.php'),
(1372, 'ce9e2db9b78ff4ba52fccd9e4ef2ca33', 'index.php', 'index.php'),
(1373, 'a15d8b6a641e1fd74b5e44b3894e3a62', 'layout_inf.php', 'layout_inf.php'),
(1374, '49f38eb39424aa1b1d4154628ec03dc5', 'layout_sup.php', 'layout_sup.php'),
(1375, '3ef81c2a04247d924d136d6a97485f60', 'login.php', 'login.php'),
(1376, '77f1cdb21799724b5e602b36e15cbb50', 'logout.php', 'logout.php'),
(1377, 'f303db4b38f5264b47e27d46cb288932', 'relatorio_banner_acesso.php', 'relatorio_banner_acesso.php'),
(1378, 'a95ca5db0c6bc2d420b15134650871e2', 'relatorio_usuario_acesso.php', 'relatorio_usuario_acesso.php'),
(1379, '3b8e3a1b26397de260f509b637fdce57', 'relatorio_usuario_acesso_ano.php', 'relatorio_usuario_acesso_ano.php'),
(1380, '5ad032bdc54ef7239cc88fd6a40a4373', 'relatorio_usuario_acesso_dia.php', 'relatorio_usuario_acesso_dia.php'),
(1381, '6bd41ef2b6c64f95bea7350196acb8c9', 'relatorio_usuario_acesso_hora.php', 'relatorio_usuario_acesso_hora.php'),
(1382, '66420da9ac1854bb9d2e91a1003cd00f', 'relatorio_usuario_acesso_mes.php', 'relatorio_usuario_acesso_mes.php'),
(1383, '44bb1cd8293a599b8f2ace098db85ef1', 'relatorio_usuario_online.php', 'relatorio_usuario_online.php'),
(1384, '4643451d57a3a7aa5c3e0a3ca2ad78ed', 'site_add.php', 'site_add.php'),
(1385, 'bcdd2711171c1d56e2035c1d3c53e3b8', 'site_edit.php', 'site_edit.php'),
(1386, 'd386d195057802eeaac5f827626368c4', 'site_grupo_add.php', 'site_grupo_add.php'),
(1387, '205315d731713344f1c8ffa3ea9f59a7', 'site_grupo_edit.php', 'site_grupo_edit.php'),
(1388, '6a9e9d0042fb8fe3cdf92236059bc54c', 'site_grupo_list.php', 'site_grupo_list.php'),
(1389, '1eb50daf6e7996c41932d664f273206c', 'site_grupo_remove.php', 'site_grupo_remove.php'),
(1390, '2e2f1aac76f9f0312c18eb6fc48b1130', 'site_grupo_view.php', 'site_grupo_view.php'),
(1391, 'ea520f9e1012c4c4280adba7658e89b0', 'site_list.php', 'site_list.php'),
(1392, 'e53c5190643f7cc0a1d5adebb088a1b8', 'site_remove.php', 'site_remove.php'),
(1393, '3ae2c57cd767bf4803cfd481e595a87a', 'site_selecao.php', 'site_selecao.php'),
(1394, '01ea7c0ed78e8c9699362acebfa5a621', 'site_view.php', 'site_view.php'),
(1396, '2c8a756ffede113db9eb95f4089b9240', 'noticia_add.php', 'noticia_add.php'),
(1397, '3277e1088b854e26cdf27fa70b32d388', 'noticia_categoria_add.php', 'noticia_categoria_add.php'),
(1398, '6f14342ba63ceaa0eb522e746b2a5d7f', 'noticia_categoria_edit.php', 'noticia_categoria_edit.php'),
(1399, 'aff01676a95b79654ea6732730526011', 'noticia_categoria_list.php', 'noticia_categoria_list.php'),
(1400, 'fc550c357c60f42a8a40300f6cbb984b', 'noticia_categoria_operation.php', 'noticia_categoria_operation.php'),
(1401, '3dc549076138a250ed63328a3d54872f', 'noticia_categoria_remove.php', 'noticia_categoria_remove.php'),
(1402, '96bc8653e4675e191198fbfe26c4aec9', 'noticia_categoria_view.php', 'noticia_categoria_view.php'),
(1403, '846c6d991ec667ce6b711d184aac431a', 'noticia_edit.php', 'noticia_edit.php'),
(1404, '6b00a7aa1113b84b7d373de239897b25', 'noticia_list.php', 'noticia_list.php'),
(1405, 'e4df6b3c457c7701db14e7a00832eaf0', 'noticia_operation.php', 'noticia_operation.php'),
(1406, '1e23555329a8fac15cffae4b3568b19c', 'noticia_remove.php', 'noticia_remove.php'),
(1407, 'ab48e1187b5be40e4d4c896837abfa95', 'noticia_view.php', 'noticia_view.php'),
(1423, '9cdcfbf755d3e95c1bff37d58d7d28cb', 'link_add.php', 'link_add.php'),
(1424, '0c5d734e3751f6502050f48de9ebfdf3', 'link_edit.php', 'link_edit.php'),
(1425, 'f3d198295b3b3717343d4afe454153e0', 'link_list.php', 'link_list.php'),
(1426, 'b802dbfe9dfe7777a431bb06becb92a6', 'link_operation.php', 'link_operation.php'),
(1427, '6b3a06cd5d7e0f034e935295389aac7c', 'link_priority.php', 'link_priority.php'),
(1428, 'e11aa15680293d1979ba9e81d7c524c9', 'link_remove.php', 'link_remove.php'),
(1429, 'f527562456958308ca77bc1d60018555', 'link_view.php', 'link_view.php'),
(1431, 'd861b2f186e45734dfc1add7165c2399', 'artigo_add.php', 'artigo_add.php'),
(1432, 'f58891bef4b9afb9df25e77a47f88e5f', 'artigo_edit.php', 'artigo_edit.php'),
(1433, 'eb9346bdc307139a97b4d1c164e36942', 'artigo_list.php', 'artigo_list.php'),
(1434, '1b6f884f36768aea5386c2d0f54fc16b', 'artigo_operation.php', 'artigo_operation.php'),
(1435, '67652bb67b90b7efbea3784aad814a0e', 'artigo_articulista_add.php', 'artigo_pessoa_add.php'),
(1436, 'aec7a7ce543d38dffec4ce7e1181082e', 'artigo_articulista_edit.php', 'artigo_pessoa_edit.php'),
(1437, '4ebfd1467e61c67316ce3f1b40553ca4', 'artigo_articulista_list.php', 'artigo_pessoa_list.php'),
(1438, '80d1b1965a250a22b7f9bdb71a224f96', 'artigo_articulista_operation.php', 'artigo_pessoa_operation.php'),
(1439, 'dc09f2711d860749aeebf1dac3434dbb', 'artigo_articulista_remove.php', 'artigo_pessoa_remove.php'),
(1440, '07b62c95766b315a7a7a29a648cbc50b', 'artigo_articulista_view.php', 'artigo_pessoa_view.php'),
(1441, 'd5feb57b2e20994b18a5b99d697eaeb0', 'artigo_remove.php', 'artigo_remove.php'),
(1442, 'c6c5874f59bb3cc12245230a887c91ba', 'artigo_view.php', 'artigo_view.php'),
(1445, '20c03da53b49d60e849c174a2b22e4b4', 'enquete_add.php', 'enquete_add.php'),
(1446, 'eeba129ce462e776623d326108a0a75b', 'enquete_alternativa_priority.php', 'enquete_alternativa_priority.php'),
(1447, '085d4d902f92bf69d027d2ecf0b96c83', 'enquete_edit.php', 'enquete_edit.php'),
(1448, '639194f8ec4d6ba006b25f893e762c3f', 'enquete_list.php', 'enquete_list.php'),
(1449, '87679fb28240d65463f56f8e841b57e6', 'enquete_operation.php', 'enquete_operation.php'),
(1450, '4a0c558299ae64e198a4c23cf96a9863', 'enquete_remove.php', 'enquete_remove.php'),
(1451, '2f9a1b12c23bb1997ecbffc921f0217e', 'enquete_view.php', 'enquete_view.php'),
(1453, '777adbb23dadf155a98f3e445f04b44c', 'galeria_album_add.php', 'galeria_album_add.php'),
(1454, 'e928e4f6cda3229c44481298e1604518', 'galeria_album_edit.php', 'galeria_album_edit.php'),
(1455, 'd3f56dd6ddfa6c75ceda035d3dd46fed', 'galeria_album_list.php', 'galeria_album_list.php'),
(1456, '8703097dd34f5eb865f6fc71ca3d42ed', 'galeria_album_operation.php', 'galeria_album_operation.php'),
(1457, '69dc611fd011d8f257147f6a7fbd5917', 'galeria_album_remove.php', 'galeria_album_remove.php'),
(1458, '99d17bab8729b0a612ac2fb6008e095c', 'galeria_album_view.php', 'galeria_album_view.php'),
(1459, '40eef9769d23e984a2f0faf9da635788', 'galeria_categoria_add.php', 'galeria_categoria_add.php'),
(1460, '3e181bc7cf2db235c4832db12d265661', 'galeria_categoria_edit.php', 'galeria_categoria_edit.php'),
(1461, '23bf3f32b20fab65fa6acfdcbcff0a19', 'galeria_categoria_list.php', 'galeria_categoria_list.php'),
(1462, '054b69641d1d216723a413b4bdf62648', 'galeria_categoria_operation.php', 'galeria_categoria_operation.php'),
(1463, '3dbf2cbbbba2d274a5da932ab8725d84', 'galeria_categoria_remove.php', 'galeria_categoria_remove.php'),
(1464, '91e86f8e4702c30be89699cee98a24a8', 'galeria_categoria_view.php', 'galeria_categoria_view.php'),
(1465, 'c4fed64c8a707bb1cda12049da9188bb', 'galeria_foto_add.php', 'galeria_foto_add.php'),
(1466, '548267ec3e7dd1f632d96aba561e3872', 'galeria_foto_edit.php', 'galeria_foto_edit.php'),
(1467, 'e4c8e5dc17c7648276c20c88af5491fa', 'galeria_foto_list.php', 'galeria_foto_list.php'),
(1468, '4b0f50baf7e82deaf4ebc18ebc26fd57', 'galeria_foto_operation.php', 'galeria_foto_operation.php'),
(1469, '090b2c11e71addf35b17235fa70b5a32', 'galeria_foto_remove.php', 'galeria_foto_remove.php'),
(1470, 'd3f76166db6efa1376413e2bb1cc1f3c', 'galeria_foto_view.php', 'galeria_foto_view.php'),
(1474, 'da28716a04705f8cc267f3f850b5f6a1', 'banner_add.php', 'banner_add.php'),
(1475, '817f6ad6c099e9a45e5364193fd75387', 'banner_edit.php', 'banner_edit.php'),
(1476, 'c4322f7b9d8b23497ea1d9156ac7f5be', 'banner_list.php', 'banner_list.php'),
(1477, 'cff8673539b61c97cef1789fb2186f31', 'banner_local_add.php', 'banner_local_add.php'),
(1478, 'f08498554fbf8f95fb5ef5c15a034b68', 'banner_local_edit.php', 'banner_local_edit.php'),
(1479, '4ea02adb1279d400a60aff3e06f5fa52', 'banner_local_list.php', 'banner_local_list.php'),
(1480, '12c342114931e8e8bfd8851ccb2297fe', 'banner_local_operation.php', 'banner_local_operation.php'),
(1481, '4dc5e3ca96e7698e126fb08df54d18c2', 'banner_local_remove.php', 'banner_local_remove.php'),
(1482, 'ad740c3e7c9fa38d3641b8beb731be4b', 'banner_local_view.php', 'banner_local_view.php'),
(1483, '4d55cd8a288e5a51ab16d82dfb2fb229', 'banner_operation.php', 'banner_operation.php'),
(1484, '1d623ee792e070e118a4b3aaf8b20a05', 'banner_remove.php', 'banner_remove.php'),
(1485, '00368abb495516fe4ae99c4bfaa52437', 'banner_view.php', 'banner_view.php'),
(1486, 'da1c7ab69be75ad9792698b930826e7b', 'multimidia_add.php', 'multimidia_add.php'),
(1487, 'bf75297b944104edb9fbe47d1cd938ce', 'multimidia_edit.php', 'multimidia_edit.php'),
(1488, '87045a5a89737f447f5e1f9bdfe2b687', 'multimidia_list.php', 'multimidia_list.php'),
(1489, '4bf2368d4fd3be4cf42dc99472d71930', 'multimidia_operation.php', 'multimidia_operation.php'),
(1490, 'd5960738f384c3f6c4fabe9b25fdcbaf', 'multimidia_remove.php', 'multimidia_remove.php'),
(1491, '579daef816669d0e69578a18783b7254', 'multimidia_upload.php', 'multimidia_upload.php'),
(1492, 'd1cb3bae7b3f2e41a18bec58062225df', 'multimidia_view.php', 'multimidia_view.php'),
(1518, 'aae107f3728280abe8a53b0239174c8c', 'fale_conosco_add.php', 'fale_conosco_add.php'),
(1519, '86405bd81c37516b335194f45a336b41', 'fale_conosco_assunto_add.php', 'fale_conosco_assunto_add.php'),
(1520, '36cfdedcc90f6327aa993fc4f5c22b1b', 'fale_conosco_assunto_edit.php', 'fale_conosco_assunto_edit.php'),
(1521, '872b950731b84c5b8548589eb497e51e', 'fale_conosco_assunto_list.php', 'fale_conosco_assunto_list.php'),
(1522, 'e726a629757d1931d776621885dd4e5a', 'fale_conosco_assunto_operation.php', 'fale_conosco_assunto_operation.php'),
(1523, 'af22a0ebf55c0de7cd0540c2fb2b8b30', 'fale_conosco_assunto_remove.php', 'fale_conosco_assunto_remove.php'),
(1524, '9ec57a52118d62bdaf4b0c9a42893376', 'fale_conosco_assunto_view.php', 'fale_conosco_assunto_view.php'),
(1525, '339849376d59ef2eb94185e50b8576de', 'fale_conosco_edit.php', 'fale_conosco_edit.php'),
(1526, '75f4956204b96be956db9e421069de3f', 'fale_conosco_list.php', 'fale_conosco_list.php'),
(1527, 'ec9ee58f10fce05156907d3d1396beb5', 'fale_conosco_operation.php', 'fale_conosco_operation.php'),
(1528, '649e19b0e5639c7087eab1f35a65dd11', 'fale_conosco_remove.php', 'fale_conosco_remove.php'),
(1529, 'd8f3f8f6b0f7dd812212eabf8718302f', 'fale_conosco_view.php', 'fale_conosco_view.php'),
(1530, '7f05674ad370a63653bb7eeeffc4cef5', 'fale_conosco_assunto_priority.php', 'fale_conosco_assunto_priority.php'),
(1558, '0b242799870df3b08d20f57517f172ee', 'suporte_fale.php', 'suporte_fale.php'),
(1559, '342c58e0a5a212fbe2663667bdac4c51', 'acesso_rapido_add.php', 'acesso_rapido_add.php'),
(1560, '8e11d9258084e6d12eb83acb9d242b88', 'acesso_rapido_edit.php', 'acesso_rapido_edit.php'),
(1561, '20898342b0f85aa1bc31357109fcb87f', 'acesso_rapido_list.php', 'acesso_rapido_list.php'),
(1562, '3df106fe156716305a2c94afc32f69cc', 'acesso_rapido_operation.php', 'acesso_rapido_operation.php'),
(1563, '38925d7f7f4382306a0a2483506a5cb6', 'acesso_rapido_priority.php', 'acesso_rapido_priority.php'),
(1564, '4e15fba52fe26651fb7820652ff88ffa', 'acesso_rapido_remove.php', 'acesso_rapido_remove.php'),
(1565, '11b9eee1b2dd3924cf8077ea34a6a450', 'acesso_rapido_view.php', 'acesso_rapido_view.php'),
(1574, 'a070a0c9f58e41bfd340021d0edc6c2a', 'site_operation.php', 'site_operation.php'),
(1575, 'bc0b462c729bfff92f882a7af3d7b9d5', 'galeria_foto_priority.php', 'galeria_foto_priority.php'),
(1662, '24c01256dc95189d716ebcc2176b7688', 'area_publicacao_add.php', 'area_publicacao_add.php'),
(1663, '26d8cafbecd596b28184effd99c77b44', 'area_publicacao_edit.php', 'area_publicacao_edit.php'),
(1664, 'b897eab23873f6340783169cad163ce1', 'area_publicacao_list.php', 'area_publicacao_list.php'),
(1665, 'ff373ec49814315b243b75967659f170', 'area_publicacao_operation.php', 'area_publicacao_operation.php'),
(1666, '2e9abc2c1358d07bb51346cda6c9f42b', 'area_publicacao_priority.php', 'area_publicacao_priority.php'),
(1667, 'c92f12b7dad39430d6ace3baf60e7b19', 'area_publicacao_remove.php', 'area_publicacao_remove.php'),
(1668, '5fcc99f4b779835621585ba71395349e', 'area_publicacao_view.php', 'area_publicacao_view.php'),
(1675, '0519b08ef60e0226bee48a333ef15f1b', 'editoria_add.php', 'editoria_add.php'),
(1676, '6b3f113ed3cd855e5794d71d38471711', 'editoria_edit.php', 'editoria_edit.php'),
(1677, 'ccbfcb0a837c7b54bc83fddd76dd7bc9', 'editoria_list.php', 'editoria_list.php'),
(1678, '51aa52b7bd11dbaf6f4cde086b92b96a', 'editoria_operation.php', 'editoria_operation.php'),
(1679, '848d9323f169805948b8b22f2178d450', 'editoria_priority.php', 'editoria_priority.php'),
(1680, '38f6b051ee0040279fb924a68d54a73c', 'editoria_remove.php', 'editoria_remove.php'),
(1681, '236f861eafe52911439e7e00db4d5f43', 'editoria_view.php', 'editoria_view.php'),
(1701, '419932cee6c11fabece4d9ec642ab57f', 'noticia_comentario_add.php', 'noticia_comentario_add.php'),
(1702, 'a8e2f71c658b454fe737953a431f5979', 'noticia_comentario_edit.php', 'noticia_comentario_edit.php'),
(1703, '05612b46640bdaf0501b3b2ffd1f5447', 'noticia_comentario_list.php', 'noticia_comentario_list.php'),
(1704, 'ec03aef0fb4c8bfc8d7258679d2cc008', 'noticia_comentario_operation.php', 'noticia_comentario_operation.php'),
(1705, 'a8676038da65d37bf9fe88f86364f6fc', 'noticia_comentario_remove.php', 'noticia_comentario_remove.php'),
(1706, 'b02c8f9fd830bd0f11506d4e859da3da', 'noticia_comentario_view.php', 'noticia_comentario_view.php'),
(1743, '5febec569bbafa52f1f859ddc17e2755', 'emkt_add.php', 'emkt_add.php'),
(1744, 'adfb4178f58a1615bbef8af33a96345b', 'emkt_contato_add.php', 'emkt_contato_add.php'),
(1745, 'aaa6eab4d86f0e14bd58841adf15c968', 'emkt_contato_edit.php', 'emkt_contato_edit.php'),
(1746, '24986e400a9451dc9a122710c1c90477', 'emkt_contato_list.php', 'emkt_contato_list.php'),
(1747, '4a9b73cb3d6989cdde5bd1cae41cf669', 'emkt_contato_lista_add.php', 'emkt_contato_lista_add.php'),
(1748, 'a0fdf60a3cf07e09eb1343278c7ae938', 'emkt_contato_lista_edit.php', 'emkt_contato_lista_edit.php'),
(1749, '41f16efb02bffb06fd61663a92ec9930', 'emkt_contato_lista_list.php', 'emkt_contato_lista_list.php'),
(1750, 'f7b6de8ae2ab56ad006065f6958cdede', 'emkt_contato_lista_operation.php', 'emkt_contato_lista_operation.php'),
(1751, '1ae2bee81d10b1ea1dd926d4c7d09d77', 'emkt_contato_lista_remove.php', 'emkt_contato_lista_remove.php'),
(1752, '312ef521c26f7204243cc1c09a93e874', 'emkt_contato_lista_view.php', 'emkt_contato_lista_view.php'),
(1753, '375da7e677cd8f6116d99eed74b64ab3', 'emkt_contato_operation.php', 'emkt_contato_operation.php'),
(1754, '7825aabeaac2380f3af2934bc8b58580', 'emkt_contato_remove.php', 'emkt_contato_remove.php'),
(1755, '128a78a8c3bac1e3ffbc96ddc3109e60', 'emkt_contato_view.php', 'emkt_contato_view.php'),
(1756, 'b5d38c8966a7d6032eeb569fdfe84598', 'emkt_destinatario_add.php', 'emkt_destinatario_add.php'),
(1757, '3a41ef922e202b7a8ad117b5a46df456', 'emkt_destinatario_edit.php', 'emkt_destinatario_edit.php'),
(1758, '4a26f7951384e398b6e879d02881e71f', 'emkt_destinatario_list.php', 'emkt_destinatario_list.php'),
(1759, '7b7cfbaf8879cf69b62e0bbe46dbc496', 'emkt_destinatario_operation.php', 'emkt_destinatario_operation.php'),
(1760, 'efa4216b8763fa065dc29a7c15a8e82c', 'emkt_destinatario_remove.php', 'emkt_destinatario_remove.php'),
(1761, '0d85fd9d8fee8659e4edf215d7d27a76', 'emkt_destinatario_view.php', 'emkt_destinatario_view.php'),
(1762, '9e572e2d9f927dcf0ce23e42b666bd92', 'emkt_disparo.php', 'emkt_disparo.php'),
(1763, '61c4a1552a49b4d42c7a7a074ba70437', 'emkt_disparo_add.php', 'emkt_disparo_add.php'),
(1764, '64fc2fbc6cca1cdc0cdefe140dd347af', 'emkt_disparo_agendar.php', 'emkt_disparo_agendar.php'),
(1765, 'd8decf933cc70274633562009078586f', 'emkt_disparo_edit.php', 'emkt_disparo_edit.php'),
(1766, 'f1f9f7c572e6913e5d4d60951fbc1c02', 'emkt_disparo_list.php', 'emkt_disparo_list.php'),
(1767, '1ecb83a91c0aa0808b340d52e21d1f5d', 'emkt_disparo_operation.php', 'emkt_disparo_operation.php'),
(1768, '6cc181a47bcc18c248ad5fb39f27aeb9', 'emkt_disparo_remove.php', 'emkt_disparo_remove.php'),
(1769, '14298caaddec24cb541a8ff7acd183e5', 'emkt_disparo_testar.php', 'emkt_disparo_testar.php'),
(1770, 'f6057a72d3e2f09952a54e5f522cbfcb', 'emkt_disparo_view.php', 'emkt_disparo_view.php'),
(1771, '7c1bfc9d0fe2a074ee707dcb2a0e474d', 'emkt_edit.php', 'emkt_edit.php'),
(1772, '599bb0581cd639431a958cc893ac53f0', 'emkt_executar.php', 'emkt_executar.php'),
(1773, '1d76253479993341234c7a474c126c9d', 'emkt_list.php', 'emkt_list.php'),
(1774, '4ff125246ba4d7fa2b182513c53e6584', 'emkt_lista_add.php', 'emkt_lista_add.php'),
(1775, '29e735f64105782c42d489100aa46de8', 'emkt_lista_edit.php', 'emkt_lista_edit.php'),
(1776, '052a387b1ad0d9aad2b523d38061c18f', 'emkt_lista_list.php', 'emkt_lista_list.php'),
(1777, '056dcc3cf5caaac35d8528a9e5427b76', 'emkt_lista_operation.php', 'emkt_lista_operation.php'),
(1778, '67f27fc4ba5e4352ea398820eb285734', 'emkt_lista_remove.php', 'emkt_lista_remove.php'),
(1779, '489d3e72ea4b943b7a303b4e4a4222c5', 'emkt_lista_view.php', 'emkt_lista_view.php'),
(1780, '20db21848ce020d057cd05f4e476a17c', 'emkt_operation.php', 'emkt_operation.php'),
(1781, '321c47121978f4a5c65972a626cadf68', 'emkt_remove.php', 'emkt_remove.php'),
(1782, '7149cf9b4be4a83699b1d1e220e49855', 'emkt_view.php', 'emkt_view.php'),
(1787, '55b61e9fcca7d877fcb706c67f5bdcaa', 'emkt_contato_import.php', 'emkt_contato_import.php'),
(1795, '029007e85d6aa6a3e7e2c78b2d390273', 'acesso_rapido_bloco_add.php', 'acesso_rapido_bloco_add.php'),
(1796, 'a02b480366e68126ecadde06066dc3df', 'acesso_rapido_bloco_edit.php', 'acesso_rapido_bloco_edit.php'),
(1797, 'c3e234683a286baa458aad2f6b93a0fd', 'acesso_rapido_bloco_list.php', 'acesso_rapido_bloco_list.php'),
(1798, '4b373b3a9041f4a1b5d7feebb9a08d29', 'acesso_rapido_bloco_operation.php', 'acesso_rapido_bloco_operation.php'),
(1799, '4e66e70df81ecf5b3ef6f61a024a418f', 'acesso_rapido_bloco_priority.php', 'acesso_rapido_bloco_priority.php'),
(1800, 'd82ca34239fe614e82724b82b6f12e1c', 'acesso_rapido_bloco_remove.php', 'acesso_rapido_bloco_remove.php'),
(1801, 'c94a3beb8e7daea1b941f567490bf354', 'acesso_rapido_bloco_view.php', 'acesso_rapido_bloco_view.php'),
(1802, '7e2bef5f917141821b939e4461acd5da', 'galeria_foto_upload.php', 'galeria_foto_upload.php'),
(1838, '0a6ae9b43c2501aa5898d144eabc7678', 'agenda_add.php', 'agenda_add.php'),
(1839, 'a6b5d5ad78e141ae1d9ed83ef5e5d313', 'agenda_categoria_add.php', 'agenda_categoria_add.php'),
(1840, 'ed6d427381e7744de200048c8d33b063', 'agenda_categoria_edit.php', 'agenda_categoria_edit.php'),
(1841, '38a4d3069972b6b4bb0ce6cfb19d1c76', 'agenda_categoria_list.php', 'agenda_categoria_list.php'),
(1842, 'a8402b06031cc28b040df78f1774b099', 'agenda_categoria_operation.php', 'agenda_categoria_operation.php'),
(1843, 'fb84c3d821803cd3bdbfe09d88db1f78', 'agenda_categoria_remove.php', 'agenda_categoria_remove.php'),
(1844, '6d8945b8454c27434a4ed090de74761f', 'agenda_categoria_view.php', 'agenda_categoria_view.php'),
(1845, '841ebaa653c788e38d4b0cae793c9f6c', 'agenda_edit.php', 'agenda_edit.php'),
(1846, 'c4bb54799846e8009e6fce535c10676f', 'agenda_list.php', 'agenda_list.php'),
(1847, 'a726888e20bbe57ccc174fd8ffba98b1', 'agenda_operation.php', 'agenda_operation.php'),
(1848, 'dd1d2ffbbfa461bd1f2d8b03e5691222', 'agenda_remove.php', 'agenda_remove.php'),
(1849, 'd9e0cfd9f3c882479a11280b517161ff', 'agenda_view.php', 'agenda_view.php'),
(1850, 'ff5e6d4696d23528dfefc479fb401944', 'teste.php', 'teste.php'),
(1858, '11e625ace7e40dd74762ff9823ac90ff', 'download_add.php', 'download_add.php'),
(1859, '9322af258933a6caf037a5eacf367294', 'download_categoria_add.php', 'download_categoria_add.php'),
(1860, '7e17c5a37439dc987e2552ec44f93d5e', 'download_categoria_edit.php', 'download_categoria_edit.php'),
(1861, '9ab223d2139c618a09b230f27ce0dda2', 'download_categoria_list.php', 'download_categoria_list.php'),
(1862, '494f6faa1cbfa697b649445ab63e6f47', 'download_categoria_operation.php', 'download_categoria_operation.php'),
(1863, 'fcf0c226813460361bd2ee89620ff72e', 'download_categoria_priority.php', 'download_categoria_priority.php'),
(1864, 'acc94b9f0c31d22fb548098ea0594e5a', 'download_categoria_remove.php', 'download_categoria_remove.php'),
(1865, '10772cc038e685dae2bfc6d13080c7f3', 'download_categoria_view.php', 'download_categoria_view.php'),
(1866, 'f18b07e510ad450251f0ad922d74158b', 'download_edit.php', 'download_edit.php'),
(1867, '1b12e560337f6f84f4b809cf4623b109', 'download_list.php', 'download_list.php'),
(1868, 'c9048a1d550ed91dfeb4a726a00a5670', 'download_operation.php', 'download_operation.php'),
(1869, '2d72de78f2aca166ee9cec17e90c480c', 'download_remove.php', 'download_remove.php'),
(1870, 'f820a033e5d35730ab6372c4eb918ac8', 'download_view.php', 'download_view.php'),
(1888, '96d561c3d13c2d17b1eabad631815a29', 'pagina_add.php', 'pagina_add.php'),
(1889, '17b7800270c5a4dc23dcef9ded99907b', 'pagina_edit.php', 'pagina_edit.php'),
(1890, 'c55b792e716621b6294bcad92a8e3868', 'pagina_list.php', 'pagina_list.php'),
(1891, '726bf85c6ac603f8bd079345d5452901', 'pagina_operation.php', 'pagina_operation.php'),
(1892, '4ed157443e294df22cbaf1a54dd13509', 'pagina_priority.php', 'pagina_priority.php'),
(1893, 'd3b90d7df77bf7e26c44e8a5b8523954', 'pagina_remove.php', 'pagina_remove.php'),
(1894, 'e4ebc60c5d46f314400cacc26dd764f8', 'pagina_view.php', 'pagina_view.php'),
(2334, '3a555bd5f5f4f5fbb34cafc5542f069b', 'download_priority.php', 'download_priority.php'),
(2110, 'e46cf7182350d6ab02958f1437bbd16a', 'contato_add.php', 'contato_add.php'),
(2111, '9642e7459707917f77ee1036436cd5ec', 'contato_carteira_motorista_add.php', 'contato_carteira_motorista_add.php'),
(2112, 'f89b2b76c01f4fc5d6e6497a7b793f98', 'contato_carteira_motorista_edit.php', 'contato_carteira_motorista_edit.php'),
(2113, '039444ef71b2465f1cca8ecae24b1a1e', 'contato_carteira_motorista_list.php', 'contato_carteira_motorista_list.php'),
(2114, '3527053b917b842897cf4a18cc6a66fc', 'contato_carteira_motorista_operation.php', 'contato_carteira_motorista_operation.php'),
(2115, '87561441023e671f8bae2fc387605e7e', 'contato_carteira_motorista_priority.php', 'contato_carteira_motorista_priority.php'),
(2116, '3f320b17fdba70398d4cfcccbe72708b', 'contato_carteira_motorista_remove.php', 'contato_carteira_motorista_remove.php'),
(2117, '3ffd0bf1e44c0dad5eac5727bd43101c', 'contato_carteira_motorista_view.php', 'contato_carteira_motorista_view.php'),
(2118, 'bc3014759622af453482e6fbb4b241ea', 'contato_edit.php', 'contato_edit.php'),
(2119, '0c38795bafacba720e8d8c8189617ace', 'contato_email_add.php', 'contato_email_add.php'),
(2120, 'b5cddc5584617e87da20772878da5443', 'contato_email_disparo.php', 'contato_email_disparo.php'),
(2121, '9d71197c37ba0f2dd8ad15351d4c1355', 'contato_email_disparo2.php', 'contato_email_disparo2.php'),
(2122, '15add8180f5f255eccb9bc55ee36536d', 'contato_email_disparo_agendar.php', 'contato_email_disparo_agendar.php'),
(2123, 'a4c565498794754ead65f390767f0536', 'contato_email_disparo_remove.php', 'contato_email_disparo_remove.php'),
(2124, 'd6938906f7b75fd4a4b2d6a49c97c3bc', 'contato_email_disparo_testar.php', 'contato_email_disparo_testar.php'),
(2125, '29de621f6dab829974d57c2915334468', 'contato_email_edit.php', 'contato_email_edit.php'),
(2126, 'f69a4f28f7c12162ee65a2f2fcfbfc89', 'contato_email_executar.php', 'contato_email_executar.php'),
(2127, '9f6c6d5ff75e554a0aef5593599c8985', 'contato_email_list.php', 'contato_email_list.php'),
(2128, '110f40bafa06bdef5b50228f2f52bc0c', 'contato_email_operation.php', 'contato_email_operation.php'),
(2129, 'fb92da7d3395962cd6c2dc6c5bdb5d46', 'contato_email_processar.php', 'contato_email_processar.php'),
(2130, '03391d2b99695e0a29270f1f40fe17f3', 'contato_email_processar_view.php', 'contato_email_processar_view.php'),
(2131, '2a39a018797e2f9d203483af301a44e2', 'contato_email_remove.php', 'contato_email_remove.php'),
(2132, 'a358cec618c4173a062c1dec7b2c6ec4', 'contato_email_view.php', 'contato_email_view.php'),
(2133, '6fb240e2681f0a8b0d089e68f323f34d', 'contato_escolaridade_add.php', 'contato_escolaridade_add.php'),
(2134, 'e3000f6eb02849393f6964815c772115', 'contato_escolaridade_edit.php', 'contato_escolaridade_edit.php'),
(2135, '79b8b6132b246d9f399955bbdf17c833', 'contato_escolaridade_list.php', 'contato_escolaridade_list.php'),
(2136, 'ac0e104e2deac7f3ea7b5b9ef588bfab', 'contato_escolaridade_operation.php', 'contato_escolaridade_operation.php'),
(2137, '86540ddc92367af9c7e17f2101162289', 'contato_escolaridade_priority.php', 'contato_escolaridade_priority.php'),
(2138, 'c4321aeebc2581be482e871dcdb90a2a', 'contato_escolaridade_remove.php', 'contato_escolaridade_remove.php'),
(2139, '3b5acfefd10a3408e8a68b979b5e39d7', 'contato_escolaridade_view.php', 'contato_escolaridade_view.php'),
(2140, 'a4a7d56fe193a0aea6c83c4edc4bac8c', 'contato_estado_civil_add.php', 'contato_estado_civil_add.php'),
(2141, '3b4903b0ed9c28b5722e4b859bc07bf8', 'contato_estado_civil_edit.php', 'contato_estado_civil_edit.php'),
(2142, 'cb97fb5e28537f7b0bd0a59baa35645d', 'contato_estado_civil_list.php', 'contato_estado_civil_list.php'),
(2143, '3766006aa38eb2031d01972b3ecb25fc', 'contato_estado_civil_operation.php', 'contato_estado_civil_operation.php'),
(2144, '12d9e878faa28a29417a09fcdae18184', 'contato_estado_civil_priority.php', 'contato_estado_civil_priority.php'),
(2145, '171cad980f153e7ac6c26326e9ca2da3', 'contato_estado_civil_remove.php', 'contato_estado_civil_remove.php'),
(2146, 'b464ed92af4881881daa1f6708560da2', 'contato_estado_civil_view.php', 'contato_estado_civil_view.php'),
(2147, '8c1e45dd1a33f7e5477f60464e4b54fd', 'contato_grupo_add.php', 'contato_grupo_add.php'),
(2148, '2739e862d4f7368ef29f43f7a356c107', 'contato_grupo_edit.php', 'contato_grupo_edit.php'),
(2149, '491b6e540d1570cd78bb8e42d2aaf2c2', 'contato_grupo_list.php', 'contato_grupo_list.php'),
(2150, 'a58673b6fef46ab2488e197fa2604ceb', 'contato_grupo_operation.php', 'contato_grupo_operation.php'),
(2151, 'ee3934d2d4c68d3e46b2893802c4ba88', 'contato_grupo_priority.php', 'contato_grupo_priority.php'),
(2152, '216f23cdfd5cea5df5622a207e666258', 'contato_grupo_remove.php', 'contato_grupo_remove.php'),
(2153, '01770ea5a656e9a10fce117d6018d30e', 'contato_grupo_view.php', 'contato_grupo_view.php'),
(2154, 'e51647bda3bac16e1b84b192f71fe694', 'contato_list.php', 'contato_list.php'),
(2155, 'dc3328f7230ffca0e81327742c52c071', 'contato_operation.php', 'contato_operation.php'),
(2156, '1b3cfb3ef3ce05cdbd6a940abd7daba3', 'contato_perfil_add.php', 'contato_perfil_add.php'),
(2157, '9be5395b69ce8501da739b55c1b1fb3a', 'contato_perfil_edit.php', 'contato_perfil_edit.php'),
(2158, '4f646f8bb8f5755e162ae2c13375e674', 'contato_perfil_list.php', 'contato_perfil_list.php'),
(2159, 'cf57fb7fb3744670b45b65d391726a5c', 'contato_perfil_operation.php', 'contato_perfil_operation.php'),
(2160, '84480964cf1f1fb36999d4bb95c6945b', 'contato_perfil_remove.php', 'contato_perfil_remove.php'),
(2161, '21a5516210576f1a0198411c7046f144', 'contato_perfil_view.php', 'contato_perfil_view.php'),
(2162, 'd41ad1cb21fd00e85567978968e148aa', 'contato_pesquisar.php', 'contato_pesquisar.php'),
(2163, '14910b400527793a5328e9aa113fa522', 'contato_pesquisar_processar.php', 'contato_pesquisar_processar.php'),
(2164, '6acf4bd3b40ea6f3ac5fd0a73a4eadad', 'contato_profissao_add.php', 'contato_profissao_add.php'),
(2165, 'cea240caba4f7fbdd0ac6784679de472', 'contato_profissao_edit.php', 'contato_profissao_edit.php'),
(2166, '7191cb7d715af470c1ecc689f39b96a0', 'contato_profissao_list.php', 'contato_profissao_list.php'),
(2167, '6dbf1bd7dfdc8d761a9f7f8ec1b354ec', 'contato_profissao_operation.php', 'contato_profissao_operation.php'),
(2168, '884593fb0ca0708ffdcac74e1ddd0d82', 'contato_profissao_priority.php', 'contato_profissao_priority.php'),
(2169, '9ecfe26f5d607128f353bbc7ed6418ac', 'contato_profissao_remove.php', 'contato_profissao_remove.php'),
(2170, '28eff9a925e8dc00d4651a552c83ca8e', 'contato_profissao_view.php', 'contato_profissao_view.php'),
(2171, '0d494ecd9ff1d59ae32d6013ccc5bb19', 'contato_relatorio_csv.php', 'contato_relatorio_csv.php'),
(2172, '4bd370d46f1a95c49b03ad7efeba0afd', 'contato_relatorio_etiqueta.php', 'contato_relatorio_etiqueta.php'),
(2173, '6af879ea953f7591a5b8e90fc9b6be7e', 'contato_relatorio_impressao.php', 'contato_relatorio_impressao.php'),
(2174, '877651ec68cd6a9b5d427e4a6c228707', 'contato_remove.php', 'contato_remove.php'),
(2175, 'c1810e430f2ec674d66fac4b54f7b2ac', 'contato_renda_add.php', 'contato_renda_add.php'),
(2176, '4fdf273f67c5cec2ba96b97b9d862920', 'contato_renda_edit.php', 'contato_renda_edit.php'),
(2177, '6f963d4631c03dae221213aaeae7039c', 'contato_renda_list.php', 'contato_renda_list.php'),
(2178, '2a6d09f2eb4ea347cd9bd1a672b2ee81', 'contato_renda_operation.php', 'contato_renda_operation.php'),
(2179, '249546e14abe642188b1da67cac7d009', 'contato_renda_priority.php', 'contato_renda_priority.php'),
(2180, '81d28fbaac8e35b22be764ea96c634f0', 'contato_renda_remove.php', 'contato_renda_remove.php'),
(2181, 'aefd80d6e704ddcf688bc191ff78d91b', 'contato_renda_view.php', 'contato_renda_view.php'),
(2182, 'fc37b4e8984eef3bbf004f5ab77e0f42', 'contato_view.php', 'contato_view.php'),
(2184, '1db4cca2eaebcefd99ee955fc52ce44e', 'noticia_export.php', 'noticia_export.php'),
(2185, 'dc16f59a09209a23cd3b02243de77486', 'acesso_live_export.php', 'acesso_live_export.php'),
(2186, '02fe608bfb1c74080c3c0171cfdce72d', 'acesso_online_export.php', 'acesso_online_export.php'),
(2187, '6db4c5c96be104e79ea87e8c617afb5f', 'acesso_rapido_bloco_export.php', 'acesso_rapido_bloco_export.php'),
(2188, '8e03ba7497221c9b8b99d3329129bcb1', 'acesso_rapido_export.php', 'acesso_rapido_export.php'),
(2189, '99e71a1cecc7a56c54d6146c41711a6b', 'agenda_categoria_export.php', 'agenda_categoria_export.php'),
(2190, 'ef2f7f772d23a1e9493945705a598a20', 'agenda_export.php', 'agenda_export.php'),
(2191, '0c61e685859aeeabec0ce12969f85964', 'app_componente_export.php', 'app_componente_export.php'),
(2192, 'a7d5e85f595718055236ac06f41932ce', 'app_componente_menu_export.php', 'app_componente_menu_export.php'),
(2193, '7d52587d7adee3e14420b9fe0dbeb96a', 'app_componente_pagina_export.php', 'app_componente_pagina_export.php'),
(2194, '4b975211fc34b30183202a826c3d6805', 'app_componente_permissao_export.php', 'app_componente_permissao_export.php'),
(2195, '3d1f3a6e9bb530b2ff3b7bcb7d6afdc2', 'app_componente_regra_export.php', 'app_componente_regra_export.php'),
(2196, 'dd89341a50c4a6ca9653253a21b0adc0', 'app_logon_export.php', 'app_logon_export.php'),
(2197, 'a393bfe9cc7dc9dab86b627e9978c5e1', 'app_logon_historico_export.php', 'app_logon_historico_export.php'),
(2198, '9cc7c23d25329eb5c0c14026022cbcb6', 'app_usuario_export.php', 'app_usuario_export.php'),
(2199, '1e5be5fef77bb668e8c8aa6a0896c920', 'app_usuario_grupo_export.php', 'app_usuario_grupo_export.php'),
(2200, '30fd893be05cd7be95358b827a717a5b', 'area_publicacao_export.php', 'area_publicacao_export.php'),
(2201, 'a5feb95e78ce630cfc5656644f6996d1', 'artigo_articulista_export.php', 'artigo_articulista_export.php'),
(2202, '41189d6a7f15e32f7c13bd677831320e', 'artigo_export.php', 'artigo_export.php'),
(2203, '2a1e1efafcfc9ac901d8e296ac07e664', 'banner_acesso_export.php', 'banner_acesso_export.php'),
(2204, '1e4a88df690cce8eac298f1fab299840', 'banner_export.php', 'banner_export.php'),
(2205, '7a08edab71cde0ede795fbef2ce7a773', 'banner_local_export.php', 'banner_local_export.php'),
(2209, '8343392faef42b389423367e5e565e78', 'contato_carteira_motorista_export.php', 'contato_carteira_motorista_export.php'),
(2210, '382f79bacf5d0b1a122dd7d89bd9447a', 'contato_email_disparo_export.php', 'contato_email_disparo_export.php'),
(2211, 'f60b5c5ebf18d27bc42b363dfac7276b', 'contato_email_export.php', 'contato_email_export.php'),
(2212, '6774e29938ffa4c50f78e1c81a6e9f88', 'contato_escolaridade_export.php', 'contato_escolaridade_export.php'),
(2213, '0ccc632c0787fcc571c1ebc618ba00ba', 'contato_estado_civil_export.php', 'contato_estado_civil_export.php'),
(2214, '6e93dcdb5bbfdfacc5b327da20844069', 'contato_export.php', 'contato_export.php'),
(2215, '56d10948c012bf3293586878759fc5a8', 'contato_grupo_export.php', 'contato_grupo_export.php'),
(2216, '209d58244a62cda875fba40a067a8f85', 'contato_perfil_export.php', 'contato_perfil_export.php'),
(2217, 'a2a370ea0bd890576436448c17430b11', 'contato_profissao_export.php', 'contato_profissao_export.php'),
(2218, '153b42f15eeb703345fcbf3fcdf9ba5d', 'contato_renda_export.php', 'contato_renda_export.php'),
(2219, '8e34d02d7fc67e155746a65eaae2470c', 'conteudo_export.php', 'conteudo_export.php'),
(2222, '1d63aab5df9f2b328706ecfdfcbe1ac9', 'download_categoria_export.php', 'download_categoria_export.php'),
(2223, '72e0f8465151c29df97a4fc47f2bd86a', 'download_export.php', 'download_export.php'),
(2224, '2cc66620fc2a8123ea2241429bde3328', 'editoria_export.php', 'editoria_export.php'),
(2225, 'd20c6d3cf6686d3705116df9afad9976', 'emkt_contato_export.php', 'emkt_contato_export.php'),
(2226, '22dbe07471f776084fd99fe48eab2fa5', 'emkt_contato_lista_export.php', 'emkt_contato_lista_export.php'),
(2227, 'acd64f9519c3577533af2b63e11ac38b', 'emkt_destinatario_export.php', 'emkt_destinatario_export.php'),
(2228, '17e4fd32a802e76faef983b2a2bdb448', 'emkt_disparo_export.php', 'emkt_disparo_export.php'),
(2229, 'ae63954a3434108a9602539b8baff182', 'emkt_export.php', 'emkt_export.php'),
(2230, '2498e786224d52be304b96b9616872af', 'emkt_lista_export.php', 'emkt_lista_export.php'),
(2231, 'aa53225ac5c385d111eb7e609c2f71b5', 'enquete_alternativa_export.php', 'enquete_alternativa_export.php'),
(2232, '284eef28b7e745c98bfb1c4ebb74c39a', 'enquete_export.php', 'enquete_export.php'),
(2233, '0d13bfe8f58aa50dad69bab6f9b64d64', 'enquete_resposta_export.php', 'enquete_resposta_export.php'),
(2234, '58eabcf6d19d2b2d9cfa34dbe43b15d0', 'fale_conosco_assunto_export.php', 'fale_conosco_assunto_export.php'),
(2235, 'a28ae663fac532b97b9fe6539d2f21a7', 'fale_conosco_export.php', 'fale_conosco_export.php'),
(2236, '708875c06c1b68670e4ccc928fbdc69b', 'galeria_album_export.php', 'galeria_album_export.php'),
(2237, 'ed3acd2d6af084fd23e0a071ed51f555', 'galeria_categoria_export.php', 'galeria_categoria_export.php'),
(2238, '4276f57d8ab602b01d2ae81397099864', 'galeria_foto_export.php', 'galeria_foto_export.php'),
(2243, '1dc16a29d074ee01097873fa74991f76', 'link_export.php', 'link_export.php'),
(2244, 'ca4c6b68ada3d205cf37d3573052868e', 'localidade_export.php', 'localidade_export.php'),
(2247, 'f2eb1644b746dd72876669788e268bbb', 'multimidia_export.php', 'multimidia_export.php'),
(2250, '537a78df8f721aeb99f2a7bb875f942a', 'noticia_acesso_export.php', 'noticia_acesso_export.php'),
(2251, '23781988e9c1ce228a4d33ea58d31e8a', 'noticia_comentario_export.php', 'noticia_comentario_export.php'),
(2252, '664cebe22161ae167fb885d802e3ef6f', 'pagina_export.php', 'pagina_export.php'),
(2255, '27f52490b773b7d2a6a567065e5a2a1b', 'site_export.php', 'site_export.php'),
(2256, 'aef3e3aed4b46d0e4acd42a2a0d05c99', 'site_grupo_export.php', 'site_grupo_export.php'),
(2259, '1776dbe7f2076398f327ba1264af5cfc', 'agenda_categoria_priority.php', 'agenda_categoria_priority.php'),
(2260, 'cd53a98a0d66f47ef67b8850575cd86a', 'audio_add.php', 'audio_add.php'),
(2261, '29c2b87a2962cd8c3294bfb1bf045395', 'audio_categoria_add.php', 'audio_categoria_add.php'),
(2262, 'dd25ceb4b04dd9fc0f90ca389ae682f0', 'audio_categoria_edit.php', 'audio_categoria_edit.php'),
(2263, 'd800729a8b57ab95323e7f85e9364ed7', 'audio_categoria_export.php', 'audio_categoria_export.php'),
(2264, '991a6397a7476a82adeeb814cee1016b', 'audio_categoria_list.php', 'audio_categoria_list.php'),
(2265, 'b3a7660fad8e1168469893093aab4a50', 'audio_categoria_operation.php', 'audio_categoria_operation.php'),
(2266, '6f6e78ba455733ed71bd263cd7e02f83', 'audio_categoria_priority.php', 'audio_categoria_priority.php'),
(2267, '3ce5ac1127e4a371b4771920aab6f932', 'audio_categoria_remove.php', 'audio_categoria_remove.php'),
(2268, '9b2c1d08d9172bc8ddb94a5eab812ea2', 'audio_categoria_view.php', 'audio_categoria_view.php'),
(2269, '2dac69ce52f666f2a57c9b5909973866', 'audio_edit.php', 'audio_edit.php'),
(2270, 'bf4edc255fe531a3069443c345feac02', 'audio_export.php', 'audio_export.php'),
(2271, '397f9fbcce43fa759a51797da3ad36d7', 'audio_list.php', 'audio_list.php'),
(2272, '62e159809eb57f56e414979893d1088f', 'audio_operation.php', 'audio_operation.php'),
(2273, '9e341779d880896f9b6481c9d3d62582', 'audio_remove.php', 'audio_remove.php'),
(2274, 'a00776f69ef204cede337f8c1fadeded', 'audio_view.php', 'audio_view.php'),
(2275, '38c90fff5a07b4b25ad28450701972da', 'galeria_categoria_priority.php', 'galeria_categoria_priority.php'),
(2276, '7b65cb23e395c34460e56c9528dd1ef3', 'galeria_foto_upload_file.php', 'galeria_foto_upload_file.php'),
(2277, 'd3edf0962c3421757ff0af86ca99700e', 'multimidia_upload_file.php', 'multimidia_upload_file.php'),
(2278, '6c46ac64420f32e10e89a017592f3b88', 'video_add.php', 'video_add.php'),
(2279, '44f56e40575301363f838455e9bf2b88', 'video_categoria_add.php', 'video_categoria_add.php'),
(2280, '69c4adcf41ec469e15bf99ba098f5bd7', 'video_categoria_edit.php', 'video_categoria_edit.php'),
(2281, '0f521ff03f49d5257b582ce391088d23', 'video_categoria_export.php', 'video_categoria_export.php'),
(2282, 'd2b33e9b5f73d88a7869262e96bb4274', 'video_categoria_list.php', 'video_categoria_list.php'),
(2283, 'c71d1fb733731a4bf9b36bbf6cdd7164', 'video_categoria_operation.php', 'video_categoria_operation.php'),
(2284, 'cac43662c3ea295299c8f9d1650f5a2f', 'video_categoria_priority.php', 'video_categoria_priority.php'),
(2285, '02036f3296242a18d8d8043b1c828756', 'video_categoria_remove.php', 'video_categoria_remove.php'),
(2286, '78a25b0a215025c514eb478ca3961822', 'video_categoria_view.php', 'video_categoria_view.php'),
(2287, 'a22d67845408878a5f4bc4a10f6beb42', 'video_edit.php', 'video_edit.php'),
(2288, '0144afccac73cff400a0a46dfd5efc63', 'video_export.php', 'video_export.php'),
(2289, 'bfcbf619ef7b2c0f7d2ded30fd145ca4', 'video_list.php', 'video_list.php'),
(2290, '7c36a62ab05aa951f3afedf8d6d30078', 'video_operation.php', 'video_operation.php'),
(2291, '49a4201de46f3c228704824c9ebb1a58', 'video_remove.php', 'video_remove.php'),
(2292, 'bcc0d241ce5332c4bdcba260cb787470', 'video_view.php', 'video_view.php'),
(2298, '61df4cbdb417a0ebf291b00185c8d7af', 'configuracao_edit.php', 'configuracao_edit.php'),
(2299, '8bd3a064dc7f5e68bb1be777d427dea9', 'participacao_popular_add.php', 'participacao_popular_add.php'),
(2300, '1a874c873deb0156e01bee8273558a24', 'participacao_popular_edit.php', 'participacao_popular_edit.php'),
(2301, 'f18e246707dc4581ca75e2d81db7aaa2', 'participacao_popular_export.php', 'participacao_popular_export.php'),
(2302, '7364c73285e2c1912bd3704a0e0724a3', 'participacao_popular_list.php', 'participacao_popular_list.php'),
(2303, 'ad190531083491f5caa5a87ffd834003', 'participacao_popular_operation.php', 'participacao_popular_operation.php'),
(2304, 'eeaf76f7574fea0dedd72d7965385056', 'participacao_popular_remove.php', 'participacao_popular_remove.php'),
(2305, '13332e7ba19d98b2627f538f4a2492e6', 'participacao_popular_view.php', 'participacao_popular_view.php'),
(2306, '81e6809e783621dc45eb94142cdcd3f9', 'cobertura_add.php', 'cobertura_add.php'),
(2307, 'ba64b301665144daffff3c2cee18d96c', 'cobertura_cobrir.php', 'cobertura_cobrir.php'),
(2308, 'e1dd4deabe0b9e0bbc176888ad8536fb', 'cobertura_edit.php', 'cobertura_edit.php'),
(2309, '5965987fa23ddffa5b67553c77d9e45a', 'cobertura_list.php', 'cobertura_list.php'),
(2310, '3fa4098c802de32b5d7ea5fac3750387', 'cobertura_nota_remove.php', 'cobertura_nota_remove.php'),
(2311, '573489179bf4c8a777112ce35cd40965', 'cobertura_operation.php', 'cobertura_operation.php'),
(2312, '8c3872632cfd4158080ba1a3103fa2ce', 'cobertura_remove.php', 'cobertura_remove.php'),
(2313, '6bec0610b22d44fb75cb27bce292b359', 'cobertura_view.php', 'cobertura_view.php'),
(2314, '7a50919a394817a4bb8ea00d75bba524', 'cobertura_export.php', 'cobertura_export.php'),
(2315, 'd773d6d16386f4af299aca68db2e786c', 'batepapo_add.php', 'batepapo_add.php'),
(2316, 'f0c2f3cfad0e32f8170c770a1cdaa2bd', 'batepapo_cobrir.php', 'batepapo_cobrir.php'),
(2317, '04e1a31f574d3d81ca293df667c31e87', 'batepapo_edit.php', 'batepapo_edit.php'),
(2318, 'e25c587fbf8e2bbee4bf1b90d0bcd31a', 'batepapo_list.php', 'batepapo_list.php'),
(2319, '34ce80acbe27be05fa432023dbeee70d', 'batepapo_operation.php', 'batepapo_operation.php'),
(2320, '44053ce9d53b566c028380d8220d1b95', 'batepapo_remove.php', 'batepapo_remove.php'),
(2321, '6c22d4ba4be1a602345f08c9830fd669', 'batepapo_view.php', 'batepapo_view.php'),
(2326, 'c9090e8609ddab0a08b1a983170c5813', 'batepapo_export.php', 'batepapo_export.php'),
(2327, 'e27d49cbbfe3a47834c0e4dba027f701', 'sms_add.php', 'sms_add.php'),
(2328, '8af47735b49e5b7d8ac131a4e726cd46', 'sms_edit.php', 'sms_edit.php'),
(2329, '57faab0bb1d90a7936e77b88329534e3', 'sms_export.php', 'sms_export.php'),
(2330, 'a09668f05050beec2b05f0f2b4c2019d', 'sms_list.php', 'sms_list.php'),
(2331, '00047feb3b889133f3cca7c0e9dd21f1', 'sms_operation.php', 'sms_operation.php'),
(2332, '9e865ac215ae4a8e314af6aaf429e33b', 'sms_remove.php', 'sms_remove.php'),
(2333, '8158812a7c3c501830a5ad4c69c7b3cf', 'sms_view.php', 'sms_view.php'),
(2336, '7fabc8af71a02b960370056b1d013122', 'bloco_menu_add.php', 'bloco_menu_add.php'),
(2337, 'af4432152dd880cfb7f93663dff78685', 'bloco_menu_edit.php', 'bloco_menu_edit.php'),
(2338, '642abe9d18a6e49cd86e760f4ca8ef26', 'bloco_menu_list.php', 'bloco_menu_list.php'),
(2339, 'c162f39497959cb07e6e4960f4b18474', 'bloco_menu_operation.php', 'bloco_menu_operation.php'),
(2340, 'c91c4f15fd9670c54721f30fca0bd371', 'bloco_menu_priority.php', 'bloco_menu_priority.php'),
(2341, 'cedccb4c606c6b2e7a43753ac2ccddef', 'bloco_menu_remove.php', 'bloco_menu_remove.php'),
(2342, '56a009a7d2e3be0382781782f9cb0a1d', 'bloco_menu_view.php', 'bloco_menu_view.php'),
(2343, '1816754b9d6b08318a0813ed9e8295a3', 'cron_contato_email_executar.php', 'cron_contato_email_executar.php'),
(2344, '2383f08cebb6105d839dabf292460ed4', 'cron_emkt_executar.php', 'cron_emkt_executar.php'),
(2345, '68bc639407b2f9bcbdb35092d5b13544', 'cron_twitter.php', 'cron_twitter.php'),
(2346, '8f6ab8d86cae6143529adb129ce3f62d', 'indique_export.php', 'indique_export.php'),
(2347, 'fffbc5670fdb7a349482bb200907d527', 'mural_recado_add.php', 'mural_recado_add.php'),
(2348, '69f731b97748c2161f985b66ecd7a4cd', 'mural_recado_edit.php', 'mural_recado_edit.php'),
(2349, '68f609212fbbcd39443d790b513177f3', 'mural_recado_list.php', 'mural_recado_list.php'),
(2350, 'a7e7ee36e13576741a32be2411a84402', 'mural_recado_operation.php', 'mural_recado_operation.php'),
(2351, '1baf1fce14c446e6a77556192d889325', 'mural_recado_remove.php', 'mural_recado_remove.php'),
(2352, 'df5f487c746856b6b6cae347b0af1c08', 'mural_recado_view.php', 'mural_recado_view.php'),
(2353, '369df40af694fec0968354bd67fd26f7', 'pessoa_destaque_export.php', 'pessoa_destaque_export.php'),
(2354, 'bc8ba46995dc0a2b0f4c5a825852b1ac', 'pessoa_export.php', 'pessoa_export.php'),
(2355, '0272740e28cf672ca4ef03fd82281cc5', 'usuario_add.php', 'usuario_add.php'),
(2356, '52827b29d6bb8619074ee7ad98e6c50f', 'usuario_edit.php', 'usuario_edit.php'),
(2357, 'bc60fa07c06630515e6eafdbddc329fe', 'usuario_export.php', 'usuario_export.php'),
(2358, '5452eca73b8ed49b0d82e94fd4ca9260', 'usuario_list.php', 'usuario_list.php'),
(2359, 'b4d6b12e28c45a193444a523f162a676', 'usuario_operation.php', 'usuario_operation.php'),
(2360, '3d27d3961a025c31fa9dcdfad428c26a', 'usuario_remove.php', 'usuario_remove.php'),
(2361, '362870e553881b93002c8f5aa5d08c1f', 'usuario_video_add.php', 'usuario_video_add.php'),
(2362, 'a7a38624886c2fce9d59f5d25a8f3b06', 'usuario_video_edit.php', 'usuario_video_edit.php'),
(2363, '0c5693544ab37400debc3210af23466b', 'usuario_video_export.php', 'usuario_video_export.php'),
(2365, '230484eb4403be2622c57896469170bf', 'jornal_edicao_list.php', 'jornal_edicao_list.php'),
(2366, 'fb3bb59bc4d6ffb1c50c0221bf5ce05c', 'jornal_edicao_operation.php', 'jornal_edicao_operation.php'),
(2367, 'ca78acac8a16d915c6a3aa6d57370926', 'jornal_edicao_view.php', 'jornal_edicao_view.php'),
(2368, 'd58a47e265f90f8816a7e2e1c0ef6ab7', 'jornal_edicao_add.php', 'jornal_edicao_add.php'),
(2369, 'c26ea026716eedc2463382527e706a97', 'jornal_edicao_edit.php', 'jornal_edicao_edit.php'),
(2370, 'f56ad805939cf3997697f7dac12d5b57', 'jornal_edicao_remove.php', 'jornal_edicao_remove.php'),
(2371, '213e267af1aa68b54765ef52e685ec63', 'jornal_estrutura_add.php', 'jornal_estrutura_add.php');
INSERT INTO `tb_app_componente_pagina` (`id_app_componente_pagina`, `identificador`, `url`, `descricao`) VALUES
(2372, '5b6aeebc1ab9d48d82d112689b1a24f8', 'jornal_estrutura_edit.php', 'jornal_estrutura_edit.php'),
(2373, '77c59ae66882072e47e5c390ccea1496', 'jornal_estrutura_view.php', 'jornal_estrutura_view.php'),
(2374, '598f1872abdd8688d5223a80709f8a2a', 'jornal_estrutura_list.php', 'jornal_estrutura_list.php'),
(2375, 'b0fd92f1ba47f63aa38fb43ecd8b86f9', 'jornal_estrutura_remove.php', 'jornal_estrutura_remove.php'),
(2376, '4c2d988925f4b54b9bfad98363b3b8a3', 'jornal_estrutura_operation.php', 'jornal_estrutura_operation.php'),
(2377, 'f7656cd7ab6e37114399380dd6100a42', 'jornal_estrutura_priority.php', 'jornal_estrutura_priority.php'),
(2378, '8b93e833b0ee777701ee85a44d62c05d', 'jornal_pagina_add.php', 'jornal_pagina_add.php'),
(2379, '6caa1219940eb54885633b43fb2e2b30', 'jornal_pagina_edit.php', 'jornal_pagina_edit.php'),
(2380, 'b68e4fa19692d40c23a83b247fe53dee', 'jornal_pagina_view.php', 'jornal_pagina_view.php'),
(2381, '931096752ee2d3d15971b9e9c1565e2c', 'jornal_pagina_list.php', 'jornal_pagina_list.php'),
(2382, 'fa66fd0bdff5b027a0fb50e18a3be17b', 'jornal_pagina_operation.php', 'jornal_pagina_operation.php'),
(2383, 'd8571127e0ae9ba06b47ad55efa90258', 'jornal_pagina_remove.php', 'jornal_pagina_remove.php'),
(2388, 'a16f194e6af928172763c9d85ac0629c', 'ajax.php', 'ajax.php'),
(2389, '9bd5c2af800c0f3e725effc72a3087e2', 'area_publicacao_bloco_add.php', 'area_publicacao_bloco_add.php'),
(2390, '57357c23cb15760c28872edbcf49e140', 'area_publicacao_bloco_edit.php', 'area_publicacao_bloco_edit.php'),
(2391, '604e964ef1806af5664bf4b4842316d0', 'area_publicacao_bloco_export.php', 'area_publicacao_bloco_export.php'),
(2392, 'd762a37a23548f8eb94b40032ca6bac5', 'area_publicacao_bloco_list.php', 'area_publicacao_bloco_list.php'),
(2393, '82d8a41b5789c1b07cb864ad8196cb19', 'area_publicacao_bloco_operation.php', 'area_publicacao_bloco_operation.php'),
(2394, '0eb69651074b7cdbf56fd89187a073fb', 'area_publicacao_bloco_priority.php', 'area_publicacao_bloco_priority.php'),
(2395, '6b0f4b82b527ad5700bae4b7edbf3a36', 'area_publicacao_bloco_remove.php', 'area_publicacao_bloco_remove.php'),
(2396, '03aee3b52e011660d466c7abb65f3ccd', 'area_publicacao_bloco_view.php', 'area_publicacao_bloco_view.php'),
(2397, 'a15219337c7e31b77394af18f122d29b', 'bairro_add.php', 'bairro_add.php'),
(2398, '10de063d1aaaf2cfbedc30578c033646', 'bairro_edit.php', 'bairro_edit.php'),
(2399, '1e40f97302f218ad1dfdbbac7027bd12', 'bairro_export.php', 'bairro_export.php'),
(2400, 'f4f8b2160a6a8564dca20d22990c77cf', 'bairro_list.php', 'bairro_list.php'),
(2401, 'de1a814feb5bab91527e5b95892eccf8', 'bairro_operation.php', 'bairro_operation.php'),
(2402, '6ccd5911686437373fe79b093bb86274', 'bairro_priority.php', 'bairro_priority.php'),
(2403, 'ee0677ce30999b72d6a53cc58b43b944', 'bairro_remove.php', 'bairro_remove.php'),
(2404, 'f9ad3851ce6c92832e3bcbc0005c5839', 'bairro_view.php', 'bairro_view.php'),
(2405, 'c7b7ec9bc1d4bdb69c921ab312773d8a', 'configuracao_add.php', 'configuracao_add.php'),
(2406, 'ee78b81a7c16ce788f14ddeec730db00', 'configuracao_export.php', 'configuracao_export.php'),
(2407, '54fba35872be8a0e055fb1daa175fc19', 'configuracao_list.php', 'configuracao_list.php'),
(2408, '48e1fff8ac9b8f08c0955ceffac1aa27', 'configuracao_operation.php', 'configuracao_operation.php'),
(2409, '0ecfd7bc25435bd9207187d9d4cb2320', 'configuracao_remove.php', 'configuracao_remove.php'),
(2410, '7a155ee54ef6527267e6246ce0dd68d6', 'configuracao_view.php', 'configuracao_view.php'),
(2411, 'ba024aad219bdb13db380f900c903061', 'curso_add.php', 'curso_add.php'),
(2412, '8ff2912bdff3b80b2a0c58f60d1be0aa', 'curso_categoria_add.php', 'curso_categoria_add.php'),
(2413, 'dcfad0ba461a3a120ba96df41cef85cf', 'curso_categoria_edit.php', 'curso_categoria_edit.php'),
(2414, 'ad9aa7802e9ec3c352799e00bd0420ec', 'curso_categoria_export.php', 'curso_categoria_export.php'),
(2415, 'f54beddf5287eb99f7ba54e3c73bd2d5', 'curso_categoria_list.php', 'curso_categoria_list.php'),
(2416, 'd1db4ed6cfe2439c693fcb8384fcb798', 'curso_categoria_operation.php', 'curso_categoria_operation.php'),
(2417, '258c74f11887fd563d1ec209941f146b', 'curso_categoria_priority.php', 'curso_categoria_priority.php'),
(2418, 'f59aa7ae0b981b1efe09d1a19a062a74', 'curso_categoria_remove.php', 'curso_categoria_remove.php'),
(2419, 'e8afb8e7d585a6737ffc4a1754d1d2c1', 'curso_categoria_view.php', 'curso_categoria_view.php'),
(2420, '8f6e32a1e948fa4e70ed5bfaef64b684', 'curso_edit.php', 'curso_edit.php'),
(2421, '7746deb082d6da25e3bd6d372e806a73', 'curso_estrutura_add.php', 'curso_estrutura_add.php'),
(2422, '4cdac086e8c22f29556f01764b3b18bb', 'curso_estrutura_edit.php', 'curso_estrutura_edit.php'),
(2423, 'd531ad0e72233dc5cf839922e08d5758', 'curso_estrutura_export.php', 'curso_estrutura_export.php'),
(2424, '56350287d577bc13a6aa1997a43f11a8', 'curso_estrutura_list.php', 'curso_estrutura_list.php'),
(2425, '8db31d5d1439ced0077a6c40cc45c85b', 'curso_estrutura_operation.php', 'curso_estrutura_operation.php'),
(2426, '674f29fc492c2c77f089f2e85b1e5d97', 'curso_estrutura_priority.php', 'curso_estrutura_priority.php'),
(2427, 'de2c13f65e86a32b68379799fed32b6f', 'curso_estrutura_remove.php', 'curso_estrutura_remove.php'),
(2428, '1e60d5e8d91d2bf11f4edf598c958c99', 'curso_estrutura_view.php', 'curso_estrutura_view.php'),
(2429, 'b902a66dd89adad8c220da81bce5c959', 'curso_export.php', 'curso_export.php'),
(2430, 'b3b946fd177a37c0a8a200c7c71919a4', 'curso_inscricao_add.php', 'curso_inscricao_add.php'),
(2431, '7107ad1beed0e7ecb0d2342311a69aa2', 'curso_inscricao_edit.php', 'curso_inscricao_edit.php'),
(2432, '909c3ada06250a4876937261ea6b37e7', 'curso_inscricao_export.php', 'curso_inscricao_export.php'),
(2433, 'ad7fe648c6afa5ab4424f65a81575cad', 'curso_inscricao_list.php', 'curso_inscricao_list.php'),
(2434, 'febc452ae5b53489136051ea17464aec', 'curso_inscricao_operation.php', 'curso_inscricao_operation.php'),
(2435, '4545cb0f41913d41f687d29a68d68a1e', 'curso_inscricao_remove.php', 'curso_inscricao_remove.php'),
(2436, '4e7b2c8050cc13c762fe963acbc63c36', 'curso_inscricao_view.php', 'curso_inscricao_view.php'),
(2437, '3b348bc457da6b59883f8909009509e8', 'curso_instituicao_add.php', 'curso_instituicao_add.php'),
(2438, '7708e5b7efe8a56044e4d3ff36d51b11', 'curso_instituicao_edit.php', 'curso_instituicao_edit.php'),
(2439, 'e0b30a8956b6e1d409619ff9008255fd', 'curso_instituicao_export.php', 'curso_instituicao_export.php'),
(2440, 'fe23c824d9f43610107ee22571b0df33', 'curso_instituicao_list.php', 'curso_instituicao_list.php'),
(2441, '59cc67e0666aba712b3eb29a24ec98dc', 'curso_instituicao_operation.php', 'curso_instituicao_operation.php'),
(2442, '33db79c2409a7e9f51a3428cb84c0489', 'curso_instituicao_priority.php', 'curso_instituicao_priority.php'),
(2443, '1d4aa309e594b5f7f7d7268e1642026c', 'curso_instituicao_remove.php', 'curso_instituicao_remove.php'),
(2444, '782c49f5d86d81eb6592da1a37c22c3f', 'curso_instituicao_view.php', 'curso_instituicao_view.php'),
(2445, '526cbefd0cec684b9de57703ba1bd68e', 'curso_list.php', 'curso_list.php'),
(2446, '6ab6ae2a91b9ebfae681e92145e2f188', 'curso_operation.php', 'curso_operation.php'),
(2447, '3e926bf84e85e60f2fc56b1b4b19e836', 'curso_priority.php', 'curso_priority.php'),
(2448, 'ce4b63eb994978b5b3b1b4ec0e1e4d30', 'curso_remove.php', 'curso_remove.php'),
(2449, 'c81f55d27f82bbb746bc2a75f4a5c764', 'curso_topico_add.php', 'curso_topico_add.php'),
(2450, '9c47a1dd669ff67a2cb2241d46be9342', 'curso_topico_edit.php', 'curso_topico_edit.php'),
(2451, 'b8d99120946a767ecab68be7a9842e78', 'curso_topico_export.php', 'curso_topico_export.php'),
(2452, '51c55425b7b34aadd9455f4a7f1c10e0', 'curso_topico_list.php', 'curso_topico_list.php'),
(2453, '7dcf9c5837d900c44b3e83743721c3a9', 'curso_topico_operation.php', 'curso_topico_operation.php'),
(2454, '968397f75cbbc141a02db9c00a26078a', 'curso_topico_remove.php', 'curso_topico_remove.php'),
(2455, '9a75e86f917ef22e18c41c8677adbc74', 'curso_topico_view.php', 'curso_topico_view.php'),
(2456, '0e861c8fe920f651d51eda3f3ebc62bd', 'curso_view.php', 'curso_view.php'),
(2457, '5aeb200a4b4a9f9c50b645786ba4b2fe', 'depoimento_add.php', 'depoimento_add.php'),
(2458, '9978a06750c72baf01aaab3dfc19c9ed', 'depoimento_edit.php', 'depoimento_edit.php'),
(2459, '3c3d1bd548081d2c4a0c6c48c41f6c56', 'depoimento_export.php', 'depoimento_export.php'),
(2460, '19f635e9608f6ca3ad8316d6be036d3e', 'depoimento_list.php', 'depoimento_list.php'),
(2461, 'aa0b70bef05e0fcd8e909562c4f5183f', 'depoimento_operation.php', 'depoimento_operation.php'),
(2462, '02def59d8ec9fa0257dc4a9c77392a15', 'depoimento_remove.php', 'depoimento_remove.php'),
(2463, 'e94e92d10d0e3652f95e3c26bc1506f2', 'depoimento_view.php', 'depoimento_view.php'),
(2464, '9235189af49260c067c61bf1acf58fc2', 'enquete_alternativa_add.php', 'enquete_alternativa_add.php'),
(2465, '5433e144f3bab5361261aa5fdb36fee6', 'enquete_alternativa_edit.php', 'enquete_alternativa_edit.php'),
(2466, 'b2919d91f14d93945975a9c43c9cb00c', 'enquete_alternativa_list.php', 'enquete_alternativa_list.php'),
(2467, '66219379d171ab7ecd336a0725b2d204', 'enquete_alternativa_operation.php', 'enquete_alternativa_operation.php'),
(2468, '2250db721fa17e15e01fb9a0353b9314', 'enquete_alternativa_remove.php', 'enquete_alternativa_remove.php'),
(2469, 'bd24c3a69b4824b21a1390207abfac9a', 'enquete_alternativa_view.php', 'enquete_alternativa_view.php'),
(2470, '2a00239e35c91397187cd1129f3906c1', 'enquete_resposta_add.php', 'enquete_resposta_add.php'),
(2471, 'd3ff8d014354c8f0f0869fef661eace7', 'enquete_resposta_edit.php', 'enquete_resposta_edit.php'),
(2472, '435b3b23b353da2d869db0e7b44e8fcf', 'enquete_resposta_list.php', 'enquete_resposta_list.php'),
(2473, '790672c19ff8e02b8456c8601607868a', 'enquete_resposta_operation.php', 'enquete_resposta_operation.php'),
(2474, '33bbcfff960c05faf6af73db8880415b', 'enquete_resposta_remove.php', 'enquete_resposta_remove.php'),
(2475, '1b222435119212cd4c696fc36d352120', 'enquete_resposta_view.php', 'enquete_resposta_view.php'),
(2476, 'd2b7e4566ec1b2c2c1aab8345d07c8bc', 'localidade_add.php', 'localidade_add.php'),
(2477, '0305f652d14cf206f10f96856d186c60', 'localidade_edit.php', 'localidade_edit.php'),
(2478, '3b8c1fa70455e031706c8b7850f28282', 'localidade_list.php', 'localidade_list.php'),
(2479, '438688c0ca85a80e84b1cf14fe735236', 'localidade_operation.php', 'localidade_operation.php'),
(2480, '69e7c1e7e889d4d0471afaee6ee1d762', 'localidade_remove.php', 'localidade_remove.php'),
(2481, '3251aeb9bee199a76d27d658dd3a6e9d', 'localidade_view.php', 'localidade_view.php'),
(2482, '30cf741279400336f8e849d8fb9cd742', 'mural_recado_export.php', 'mural_recado_export.php'),
(2483, '039171bfa9aa92f42fc5b61b46676121', 'noticia_autocomplete.php', 'noticia_autocomplete.php'),
(2484, 'cc46743456644f9d5702be2d442bd9d5', 'produto_add.php', 'produto_add.php'),
(2485, '3f5c09b261d58d706e10e87b45aa6960', 'produto_categoria_add.php', 'produto_categoria_add.php'),
(2486, '342202889972f332f2d6e1299d5cf926', 'produto_categoria_edit.php', 'produto_categoria_edit.php'),
(2487, 'cfaae043894be55ce16c98310a9d91e3', 'produto_categoria_export.php', 'produto_categoria_export.php'),
(2488, '6dce8c4256abc35d1da8a40939d3a697', 'produto_categoria_list.php', 'produto_categoria_list.php'),
(2489, 'b3e9914d27cde1e9e393ae64e6991118', 'produto_categoria_operation.php', 'produto_categoria_operation.php'),
(2490, 'b47793e9c74bdd66198e1166244666bb', 'produto_categoria_priority.php', 'produto_categoria_priority.php'),
(2491, 'f2ef2ae6b3e3b1ccdb53f068d2056568', 'produto_categoria_remove.php', 'produto_categoria_remove.php'),
(2492, 'eefaeea034aa838d68dc4773078e4222', 'produto_categoria_view.php', 'produto_categoria_view.php'),
(2493, '01a88c76026b33d5c31b8db3d2eeae36', 'produto_edit.php', 'produto_edit.php'),
(2494, '7ba12c184675712698a5af1a3f1c222b', 'produto_estrutura_add.php', 'produto_estrutura_add.php'),
(2495, '5ee850ad94e38b0b2b323ff57db1220e', 'produto_estrutura_edit.php', 'produto_estrutura_edit.php'),
(2496, 'beaca9be01944638700bbcffda0f920d', 'produto_estrutura_export.php', 'produto_estrutura_export.php'),
(2497, '7596c07877a6193dd8b18b97ed06865a', 'produto_estrutura_list.php', 'produto_estrutura_list.php'),
(2498, '3b747ef0fbcf1c4f318b7a32442503dc', 'produto_estrutura_operation.php', 'produto_estrutura_operation.php'),
(2499, 'f2222dfd3f3f20f0e0eb9f8ef79fee18', 'produto_estrutura_priority.php', 'produto_estrutura_priority.php'),
(2500, 'd99cd55e1e417e374dcbca403e4eb7a0', 'produto_estrutura_remove.php', 'produto_estrutura_remove.php'),
(2501, '253a77f49de82dd0cc1ac0fa1830f372', 'produto_estrutura_view.php', 'produto_estrutura_view.php'),
(2502, '24a08c0296e1fe3b030937ab4167fb4c', 'produto_export.php', 'produto_export.php'),
(2503, 'b3eb9d0329f3a1edee290af95ea6e333', 'produto_inscricao_add.php', 'produto_inscricao_add.php'),
(2504, 'a5e667133126e616943d419104eaf44a', 'produto_inscricao_edit.php', 'produto_inscricao_edit.php'),
(2505, 'ed700052d63b7d9647e5d7f2bec93fbe', 'produto_inscricao_export.php', 'produto_inscricao_export.php'),
(2506, '0a7c469468af8dcdf7db2218420e8abd', 'produto_inscricao_list.php', 'produto_inscricao_list.php'),
(2507, 'e028711cfbf908c281905932e377c3ea', 'produto_inscricao_operation.php', 'produto_inscricao_operation.php'),
(2508, 'ecf206e93c3b57c8791e201b6ee43ac0', 'produto_inscricao_remove.php', 'produto_inscricao_remove.php'),
(2509, 'fb39a75a48b5db88194deb6c1f19253c', 'produto_inscricao_view.php', 'produto_inscricao_view.php'),
(2510, 'cbc1181be36de0ad92de97395f31fc7c', 'produto_list.php', 'produto_list.php'),
(2511, '0fa97a69c99452528fee43555e03f6f2', 'produto_operation.php', 'produto_operation.php'),
(2512, '9c6da999372c6dbcb5bdaed5db1ebe5d', 'produto_priority.php', 'produto_priority.php'),
(2513, '762f89330525031c3dcba0e651f195ba', 'produto_remove.php', 'produto_remove.php'),
(2514, '164c3f86e06b4f06b219e10ef57a6325', 'produto_topico_add.php', 'produto_topico_add.php'),
(2515, 'e198fa96354f33faef132163cba65ca7', 'produto_topico_edit.php', 'produto_topico_edit.php'),
(2516, 'eb4070463963b2de365dcc5ac2819f8f', 'produto_topico_export.php', 'produto_topico_export.php'),
(2517, '5fca2dfe2f8ec3224f03ba347d33c9d6', 'produto_topico_list.php', 'produto_topico_list.php'),
(2518, 'a72124265f0bd4ae903780962b4fe4b8', 'produto_topico_operation.php', 'produto_topico_operation.php'),
(2519, 'bde2407f90dc9d65cf52b6ae901c91b6', 'produto_topico_remove.php', 'produto_topico_remove.php'),
(2520, '6d5a4c89f24211975d8782324388cb21', 'produto_topico_view.php', 'produto_topico_view.php'),
(2521, 'd00cb5c34d45d12da085a5d1f4660166', 'produto_view.php', 'produto_view.php'),
(2522, 'b1861fe95c9c8791f95ef0dd39087151', 'site_grupo_operation.php', 'site_grupo_operation.php'),
(2523, '72f165c7ecaf7feecda03551b444a99f', 'tag_autocomplete.php', 'tag_autocomplete.php'),
(2525, '718834f70325f2227b04f23247856bc6', 'acervo_caso_add.php', 'acervo_caso_add.php'),
(2526, 'b05266b2878d53ceee0cfc0d248b491e', 'acervo_caso_documento_add.php', 'acervo_caso_documento_add.php'),
(2527, 'f660fa7f297c4fec059ea3f21ef5bd0a', 'acervo_caso_documento_edit.php', 'acervo_caso_documento_edit.php'),
(2528, '03fd4374bcbb63a71cd2286927083549', 'acervo_caso_documento_export.php', 'acervo_caso_documento_export.php'),
(2529, '499b613e2c4b6da72922676a1dfabe70', 'acervo_caso_documento_list.php', 'acervo_caso_documento_list.php'),
(2530, 'e7bc33e9827114707830f4ce59cbd1fe', 'acervo_caso_documento_operation.php', 'acervo_caso_documento_operation.php'),
(2531, '6e04be1c4da50270b66965b3537198a4', 'acervo_caso_documento_remove.php', 'acervo_caso_documento_remove.php'),
(2532, '61685adb2b59404d07c457c72cc33918', 'acervo_caso_documento_view.php', 'acervo_caso_documento_view.php'),
(2533, '3e9c15f7feabbfc519f4f48675674628', 'acervo_caso_edit.php', 'acervo_caso_edit.php'),
(2534, '5c2326589f9121ad8a16f150b123709c', 'acervo_caso_entrevista_add.php', 'acervo_caso_entrevista_add.php'),
(2535, '1bc88bc2a4a182bf679dad7733b3b5cf', 'acervo_caso_entrevista_edit.php', 'acervo_caso_entrevista_edit.php'),
(2536, 'a0bae9c5fcd5fb0d2adc7ef71e71ae02', 'acervo_caso_entrevista_export.php', 'acervo_caso_entrevista_export.php'),
(2537, '74e2f99af558f8cac50f915a105dc4e7', 'acervo_caso_entrevista_list.php', 'acervo_caso_entrevista_list.php'),
(2538, '4a6a7e0a2fafb7b45bf7028468349dd1', 'acervo_caso_entrevista_operation.php', 'acervo_caso_entrevista_operation.php'),
(2539, '9f8c8e8fec32f746bf28c94258b8a849', 'acervo_caso_entrevista_remove.php', 'acervo_caso_entrevista_remove.php'),
(2540, '34485ce81593dd5762650bfdc994a16c', 'acervo_caso_entrevista_view.php', 'acervo_caso_entrevista_view.php'),
(2541, '4fef0d15af965544d6e2040a7284f3cd', 'acervo_caso_export.php', 'acervo_caso_export.php'),
(2542, '45b82ac491ba75c6ab9f3e40110e0d35', 'acervo_caso_list.php', 'acervo_caso_list.php'),
(2543, '4d6085dd1ed82dc5490057b30d5d6fb3', 'acervo_caso_localidade_add.php', 'acervo_caso_localidade_add.php'),
(2544, 'f1022225d7259b13177cfa8ce1d894ee', 'acervo_caso_localidade_edit.php', 'acervo_caso_localidade_edit.php'),
(2545, '9b2780fd29e56b85a5d154915eca01cf', 'acervo_caso_localidade_export.php', 'acervo_caso_localidade_export.php'),
(2546, 'fcb843098f56e8ff0322e38008d927f3', 'acervo_caso_localidade_list.php', 'acervo_caso_localidade_list.php'),
(2547, '03a5dd644a5f874612a782d944f412f8', 'acervo_caso_localidade_operation.php', 'acervo_caso_localidade_operation.php'),
(2548, 'eb1eec48c8a453ce78a3d8c061b48b08', 'acervo_caso_localidade_remove.php', 'acervo_caso_localidade_remove.php'),
(2549, 'ad17970b7327768aafdd6702b48385cb', 'acervo_caso_localidade_view.php', 'acervo_caso_localidade_view.php'),
(2550, '9b45831eac0db6d12be6039f9da397d5', 'acervo_caso_operation.php', 'acervo_caso_operation.php'),
(2551, '33fe3be19d226c484232348db819a5a0', 'acervo_caso_remove.php', 'acervo_caso_remove.php'),
(2552, 'eebc4d29333dfa8fb687790eed637fe1', 'acervo_caso_view.php', 'acervo_caso_view.php'),
(2553, '7a8b40dd62f84256ef760e0de8e7c003', 'conteudo_priority.php', 'conteudo_priority.php'),
(2554, '3e9bd36c807858eaaa938ee7f787aebb', 'cron_tempo.php', 'cron_tempo.php'),
(2555, '453bb2e7a4fcf0761b5a21d15c685c6e', 'tempo_cidade_add.php', 'tempo_cidade_add.php'),
(2556, '1ca4ff3559c1e155f0a6d32394e20ac5', 'tempo_cidade_edit.php', 'tempo_cidade_edit.php'),
(2557, '52dd5a479557abb9aac45fd17dc4cc93', 'tempo_cidade_export.php', 'tempo_cidade_export.php'),
(2558, 'aa66de6c4290ff4f9251ecaa1efa0bbc', 'tempo_cidade_list.php', 'tempo_cidade_list.php'),
(2559, '12e56749c5bafcf4ad92bc2855d44a34', 'tempo_cidade_operation.php', 'tempo_cidade_operation.php'),
(2560, '748875ee663ee9dcaac71638f2dd57fd', 'tempo_cidade_priority.php', 'tempo_cidade_priority.php'),
(2561, '80a65313fffedbc2f2fcc66a7fd334ce', 'tempo_cidade_remove.php', 'tempo_cidade_remove.php'),
(2562, '6a3d23d02e7c807aec2f66097d8c9c27', 'tempo_cidade_view.php', 'tempo_cidade_view.php'),
(2563, '2cff1b7a350faebf9e6d1a5891f48cdb', 'tempo_legenda_add.php', 'tempo_legenda_add.php'),
(2564, '863fd175ed875127d94b0857d6883ade', 'tempo_legenda_edit.php', 'tempo_legenda_edit.php'),
(2565, 'd6b18d60ed2bbbd277e1a360e55cece5', 'tempo_legenda_export.php', 'tempo_legenda_export.php'),
(2566, '3afd38c868c6233a253c65359b56e0cd', 'tempo_legenda_list.php', 'tempo_legenda_list.php'),
(2567, '3ba2443e1b2f0a410c6f18504eba0672', 'tempo_legenda_operation.php', 'tempo_legenda_operation.php'),
(2568, 'e8f0afd5aecda9bc8c5bea153d9feaf8', 'tempo_legenda_remove.php', 'tempo_legenda_remove.php'),
(2569, '4b4370032bc09ee1361c1f666b26d233', 'tempo_legenda_view.php', 'tempo_legenda_view.php'),
(2571, 'f5f02df70a995dfafbcbd47a45cc0189', '_import.php', '_import.php'),
(2572, '52bd1f15dc2437474185550648664e66', 'associado_add.php', 'associado_add.php'),
(2573, '58e77c41f545dab7263db402440634b0', 'associado_contratacao_add.php', 'associado_contratacao_add.php'),
(2574, '87997747f548fedb5a87b29d99235846', 'associado_contratacao_edit.php', 'associado_contratacao_edit.php'),
(2575, '2cb9497cf3f73c528aeb163f6eb1bc8e', 'associado_contratacao_export.php', 'associado_contratacao_export.php'),
(2576, '55f89f81ae46d57e8f361bc06a37d211', 'associado_contratacao_list.php', 'associado_contratacao_list.php'),
(2577, '7eea3a53e18edd53c5d966cef996b3dd', 'associado_contratacao_operation.php', 'associado_contratacao_operation.php'),
(2578, 'c8c8ec439c117094f14b1335724e0c43', 'associado_contratacao_remove.php', 'associado_contratacao_remove.php'),
(2579, '8f14fa996076e94d033f611a3ec252e0', 'associado_contratacao_view.php', 'associado_contratacao_view.php'),
(2580, 'ac57ce494d41ac2fc923300f021b860c', 'associado_edit.php', 'associado_edit.php'),
(2581, '35ae2052d3091140c6ac4c0becd8aa10', 'associado_export.php', 'associado_export.php'),
(2582, 'a8a7e376a830515ac5cf4d9e36b260c1', 'associado_list.php', 'associado_list.php'),
(2583, '505b362f87674a4deb46c6dd561adbed', 'associado_operation.php', 'associado_operation.php'),
(2584, 'fc2a79a29b4838e9d4ab7a41a1d36bdf', 'associado_perfil_add.php', 'associado_perfil_add.php'),
(2585, 'b84b1c83d079bdd37ce035b7738dbca9', 'associado_perfil_edit.php', 'associado_perfil_edit.php'),
(2586, 'c836b5c7954cfb87c590c6e0270540ac', 'associado_perfil_export.php', 'associado_perfil_export.php'),
(2587, '80f926cc010ce92e92ba98cbd87890cb', 'associado_perfil_list.php', 'associado_perfil_list.php'),
(2588, '40fdf890e87ca4eebea367edd51e6b34', 'associado_perfil_operation.php', 'associado_perfil_operation.php'),
(2589, '1a4fb0c72636b33d6303af78f6d99df7', 'associado_perfil_priority.php', 'associado_perfil_priority.php'),
(2590, 'd16d82595e22f82cd248b09ebea52a8f', 'associado_perfil_remove.php', 'associado_perfil_remove.php'),
(2591, 'ebec4e51af63f7f586ca4b685bc267db', 'associado_perfil_view.php', 'associado_perfil_view.php'),
(2592, '2d5b4417953ac10b098c6c9f33e9d2ff', 'associado_plano_add.php', 'associado_plano_add.php'),
(2593, '23a2c70f209435fec9099315b81037ca', 'associado_plano_edit.php', 'associado_plano_edit.php'),
(2594, '4d4cf4593aa1956625026c4d4a78df1f', 'associado_plano_export.php', 'associado_plano_export.php'),
(2595, '64c4edc3e10edc0f1f444a21fae20249', 'associado_plano_list.php', 'associado_plano_list.php'),
(2596, 'c6072153a79d8e4b9dde1014e4d3702a', 'associado_plano_operation.php', 'associado_plano_operation.php'),
(2597, '1eb06192c197742fc708edfeee312989', 'associado_plano_priority.php', 'associado_plano_priority.php'),
(2598, 'fe9a7f54cbbc5c1c8ec52bc708fa48f5', 'associado_plano_remove.php', 'associado_plano_remove.php'),
(2599, '26ac52ecb79568b6d7b421b7494cb7d4', 'associado_plano_view.php', 'associado_plano_view.php'),
(2600, '5b5a09019c0200012be4a69b056d1db6', 'associado_remove.php', 'associado_remove.php'),
(2601, '7d583a8263a9751d5b57628bbdc625f6', 'associado_view.php', 'associado_view.php'),
(2602, '0a0bf16c58f4d44dcfb75642213ceef6', 'jornal_estrutura_export.php', 'jornal_estrutura_export.php'),
(2603, 'cff7955c47498c7b433181ef8a66ac9a', 'arquivo_add.php', 'arquivo_add.php'),
(2604, '28db820b348c589eded6dad442b1642a', 'arquivo_anexo_add.php', 'arquivo_anexo_add.php'),
(2605, '5230dbb026bfa12bb59365fdcbe1611a', 'arquivo_anexo_edit.php', 'arquivo_anexo_edit.php'),
(2606, '84c38dd8cedc6caa9c6e9fb3b3733ca3', 'arquivo_anexo_export.php', 'arquivo_anexo_export.php'),
(2607, '6ba845420f96544c8eb635b15288ed32', 'arquivo_anexo_list.php', 'arquivo_anexo_list.php'),
(2608, '9736c73f637b8163bcadb57055b9cd9f', 'arquivo_anexo_operation.php', 'arquivo_anexo_operation.php'),
(2609, '33242f7bc2b3b935ba1cbf73a4af97ae', 'arquivo_anexo_remove.php', 'arquivo_anexo_remove.php'),
(2610, 'c3d76cbaf4a3abae92eadfa0a832e911', 'arquivo_anexo_view.php', 'arquivo_anexo_view.php'),
(2611, 'a3155707e09b40f9f917f68b7d6d4194', 'arquivo_disciplina_add.php', 'arquivo_disciplina_add.php'),
(2612, '75439583824c6cf6fc952a64c2be5b76', 'arquivo_disciplina_edit.php', 'arquivo_disciplina_edit.php'),
(2613, 'e4031d61e1b4d6fd8b516f54e271ec1b', 'arquivo_disciplina_export.php', 'arquivo_disciplina_export.php'),
(2614, 'e8396fd5e8a05e0d8adcd877f4608442', 'arquivo_disciplina_list.php', 'arquivo_disciplina_list.php'),
(2615, '48640305447875b9ef51e9bf0986bf1e', 'arquivo_disciplina_operation.php', 'arquivo_disciplina_operation.php'),
(2616, '56275e74460850e74303b7664e3a4c7b', 'arquivo_disciplina_priority.php', 'arquivo_disciplina_priority.php'),
(2617, '84326945f0f62fba40f06ff1b42ab672', 'arquivo_disciplina_remove.php', 'arquivo_disciplina_remove.php'),
(2618, '377c25d1b4b4815e0fd412abd071bc46', 'arquivo_disciplina_view.php', 'arquivo_disciplina_view.php'),
(2619, 'b7d757ee2d413c85c333cc5314e6294d', 'arquivo_download_add.php', 'arquivo_download_add.php'),
(2620, '8db2118c9e9654a69f2f9fa6c35fb8f9', 'arquivo_download_edit.php', 'arquivo_download_edit.php'),
(2621, '804d0326986f0e062cd5980c022718ac', 'arquivo_download_export.php', 'arquivo_download_export.php'),
(2622, '35f544d7cf689ce692550c2b0a656da8', 'arquivo_download_list.php', 'arquivo_download_list.php'),
(2623, '6c1d150dff7894705b572930336f787a', 'arquivo_download_operation.php', 'arquivo_download_operation.php'),
(2624, 'b9f7218a0949b6b2aa790be77c5c1bf7', 'arquivo_download_remove.php', 'arquivo_download_remove.php'),
(2625, '2aa4acdab4fdeaaeb06343d7ad2fdf84', 'arquivo_download_view.php', 'arquivo_download_view.php'),
(2626, '1ffecefdc7c19b4dd05ee68c26b2c47a', 'arquivo_edit.php', 'arquivo_edit.php'),
(2627, '1c065590c2ce6c096ec7efd11445385a', 'arquivo_export.php', 'arquivo_export.php'),
(2628, '6158bb946a8239165bdc58ee2147c33b', 'arquivo_historico_add.php', 'arquivo_historico_add.php'),
(2629, '93d711c4b7ab2c040d1e1b48640d7fa2', 'arquivo_historico_edit.php', 'arquivo_historico_edit.php'),
(2630, 'd5798e1d56e196504395a1ee8d193231', 'arquivo_historico_export.php', 'arquivo_historico_export.php'),
(2631, '74314d3cb6fd4c8346be12f2a74f4f7b', 'arquivo_historico_list.php', 'arquivo_historico_list.php'),
(2632, '9f4894c283f6a82192d3580891f99986', 'arquivo_historico_operation.php', 'arquivo_historico_operation.php'),
(2633, '8789f6596172f8e690bd63a74e5e722f', 'arquivo_historico_remove.php', 'arquivo_historico_remove.php'),
(2634, '058f88a71f389d767df14670a554fa10', 'arquivo_historico_view.php', 'arquivo_historico_view.php'),
(2635, 'b77ca560b3d892d07ac1d3f431ccf90a', 'arquivo_list.php', 'arquivo_list.php'),
(2636, '57f0ad585edbde1c31540ff686b9ec67', 'arquivo_operation.php', 'arquivo_operation.php'),
(2637, '80a1b88eba831a8d584fd5548b4d8371', 'arquivo_remove.php', 'arquivo_remove.php'),
(2638, 'c270ccd2196e29c3548b90c0ef9908df', 'arquivo_view.php', 'arquivo_view.php'),
(2639, 'ca24a934347d99a24fda36cd98c88e1d', 'cron_emkt_mensagem.php', 'cron_emkt_mensagem.php'),
(2640, 'be42a68cbc38e5524c3a176a1b726d1d', 'cronograma_etapa_add.php', 'cronograma_etapa_add.php'),
(2641, 'fecaa6ad7033611468cdce1f3fb034d8', 'cronograma_etapa_edit.php', 'cronograma_etapa_edit.php'),
(2642, '0ef1844409b7209620f461a46d5f310e', 'cronograma_etapa_export.php', 'cronograma_etapa_export.php'),
(2643, '94b4a40e039101f75e2d0b41234be950', 'cronograma_etapa_list.php', 'cronograma_etapa_list.php'),
(2644, '05b53df8f8a416de078d37a194ad43db', 'cronograma_etapa_operation.php', 'cronograma_etapa_operation.php'),
(2645, '569af7d07181154df4886fca23246230', 'cronograma_etapa_remove.php', 'cronograma_etapa_remove.php'),
(2646, '18b8fbe086ad6a62987faa5f25c18360', 'cronograma_etapa_view.php', 'cronograma_etapa_view.php'),
(2647, '581c2cfc70549913763ca4daca2a2832', 'cronograma_farol_add.php', 'cronograma_farol_add.php'),
(2648, '59a03ad222cd4cdee1a3cf979378d991', 'cronograma_farol_edit.php', 'cronograma_farol_edit.php'),
(2649, '3d1c128f7bb690f46530ea0330e17ff1', 'cronograma_farol_export.php', 'cronograma_farol_export.php'),
(2650, 'dd54c31ad5317982cea37e728a31afb2', 'cronograma_farol_list.php', 'cronograma_farol_list.php'),
(2651, 'd80a62deaba9a9aca260ba7fe8d938aa', 'cronograma_farol_operation.php', 'cronograma_farol_operation.php'),
(2652, 'f708c0a900c3d2656c64e8f98c3ce320', 'cronograma_farol_priority.php', 'cronograma_farol_priority.php'),
(2653, '95cd198e563163f976fd06cab4b10002', 'cronograma_farol_remove.php', 'cronograma_farol_remove.php'),
(2654, '4f35e20ff9c7a57f049450f88be6fea9', 'cronograma_farol_view.php', 'cronograma_farol_view.php'),
(2655, '582e561192a70778432045f396f4871b', 'cronograma_tipo_add.php', 'cronograma_tipo_add.php'),
(2656, 'a290d8c1e0cee8fb2512c6526f63253b', 'cronograma_tipo_edit.php', 'cronograma_tipo_edit.php'),
(2657, '2b543c5a73659a921c0152fb5c5ffa17', 'cronograma_tipo_export.php', 'cronograma_tipo_export.php'),
(2658, '1c5181f7f43dbd732ab82c150c677a8d', 'cronograma_tipo_list.php', 'cronograma_tipo_list.php'),
(2659, '5f8cf195d4dbd77923ff9da82d69ee94', 'cronograma_tipo_operation.php', 'cronograma_tipo_operation.php'),
(2660, '72c77eb32e2f590a01a8be0dcd9ab6ce', 'cronograma_tipo_priority.php', 'cronograma_tipo_priority.php'),
(2661, '49398a3b89609ae66c7bd11412062a4e', 'cronograma_tipo_remove.php', 'cronograma_tipo_remove.php'),
(2662, '8804cee8399d68a56382862ae04d5cf5', 'cronograma_tipo_view.php', 'cronograma_tipo_view.php'),
(2663, '0caa66c06e5e8951f1f34f4176405930', 'curriculo_acesso_add.php', 'curriculo_acesso_add.php'),
(2664, 'bbfd7cbfca7f013ff18ecb00fee670c3', 'curriculo_acesso_edit.php', 'curriculo_acesso_edit.php'),
(2665, 'b5d5cf3a00850b933caf0b56b7a8eb2e', 'curriculo_acesso_export.php', 'curriculo_acesso_export.php'),
(2666, '8e0e32b0f07c0f034dd608b2b6074587', 'curriculo_acesso_list.php', 'curriculo_acesso_list.php'),
(2667, '6675f7365190527fa9a8878bd4344694', 'curriculo_acesso_operation.php', 'curriculo_acesso_operation.php'),
(2668, '54ce20cd4b25f1cef85004165fce2053', 'curriculo_acesso_remove.php', 'curriculo_acesso_remove.php'),
(2669, '355883aa45fe8c0852318ceb82b34112', 'curriculo_acesso_view.php', 'curriculo_acesso_view.php'),
(2670, '0485204c833c74a9cb88d9c8ced51161', 'curriculo_add.php', 'curriculo_add.php'),
(2671, '3a6c2ce59eee944a21f439f6884253c6', 'curriculo_area_add.php', 'curriculo_area_add.php'),
(2672, '3ebb1200d5fc20d7b71761211e10a7f5', 'curriculo_area_edit.php', 'curriculo_area_edit.php'),
(2673, 'b23ad603bd1c89f82d83154fb422af3e', 'curriculo_area_export.php', 'curriculo_area_export.php'),
(2674, 'efa531611c429598e43e44b502c8e274', 'curriculo_area_list.php', 'curriculo_area_list.php'),
(2675, '69073b8deefd6a6d4b9c7e0f41ac7430', 'curriculo_area_operation.php', 'curriculo_area_operation.php'),
(2676, '15a25ee8a664a45539dc2be8ebda0d14', 'curriculo_area_priority.php', 'curriculo_area_priority.php'),
(2677, 'c9fa673d216dd82d587d45f160922f8f', 'curriculo_area_remove.php', 'curriculo_area_remove.php'),
(2678, '8f58fdd7d27fcf7dbc82a7e839e4d732', 'curriculo_area_view.php', 'curriculo_area_view.php'),
(2679, 'a6e417226a03658715f6e6c69467db2a', 'curriculo_edit.php', 'curriculo_edit.php'),
(2680, '9b9872b065a9c2c927e7aa702e4ab1e6', 'curriculo_export.php', 'curriculo_export.php'),
(2681, '9258fac2ac0027cec36eb5dc1f5d9b15', 'curriculo_list.php', 'curriculo_list.php'),
(2682, 'ef93ad44876f3e900914d5d4dc97927c', 'curriculo_operation.php', 'curriculo_operation.php'),
(2683, '2c2b6f319eec29e65e023703df88476f', 'curriculo_remove.php', 'curriculo_remove.php'),
(2684, '7af7fb3680089fb34a714608f88a51f9', 'curriculo_segmento_add.php', 'curriculo_segmento_add.php'),
(2685, '9bcddba8e56214675c6a13c22b6783e0', 'curriculo_segmento_edit.php', 'curriculo_segmento_edit.php'),
(2686, '4405dc39d180701a43eb489051bd7390', 'curriculo_segmento_export.php', 'curriculo_segmento_export.php'),
(2687, '92a154f9112f712b440424ccde101e45', 'curriculo_segmento_list.php', 'curriculo_segmento_list.php'),
(2688, '4cb1e6b6cd9087d817e705416be78d4d', 'curriculo_segmento_operation.php', 'curriculo_segmento_operation.php'),
(2689, '8113a4f9eb3fa46c38b957510e9edafa', 'curriculo_segmento_priority.php', 'curriculo_segmento_priority.php'),
(2690, '944b50088331195671f4e835ae8bd882', 'curriculo_segmento_remove.php', 'curriculo_segmento_remove.php'),
(2691, '2b6fe8bd95bfec5065841b1072908a0f', 'curriculo_segmento_view.php', 'curriculo_segmento_view.php'),
(2692, 'e8dc0ce396da65f1e376964555f171eb', 'curriculo_view.php', 'curriculo_view.php'),
(2693, 'de6885f4cc8a7b84098cbf7a085c13fc', 'documento_add.php', 'documento_add.php'),
(2694, '0e8694424b8bdd5cff248287d5df341d', 'documento_download_add.php', 'documento_download_add.php'),
(2695, '5bca4cc54c6f847884750c46327e9be4', 'documento_download_edit.php', 'documento_download_edit.php'),
(2696, 'f68d2c4d12c7684825dfe4d86119ed98', 'documento_download_export.php', 'documento_download_export.php'),
(2697, 'b781e65d8bbb85240ffd721fd60c1882', 'documento_download_list.php', 'documento_download_list.php'),
(2698, '184b494e4e1ca11fa18c450361140bc7', 'documento_download_operation.php', 'documento_download_operation.php'),
(2699, 'fc0afe0ecbc05f3a0b945719947288a3', 'documento_download_remove.php', 'documento_download_remove.php'),
(2700, '313540446bff6d3a699bd3acc0012aff', 'documento_download_view.php', 'documento_download_view.php'),
(2701, '732549ce089b6c98ea634043a8910e2f', 'documento_edit.php', 'documento_edit.php'),
(2702, 'a77ca0fbdbc2da7b6c0eb997031f6d59', 'documento_export.php', 'documento_export.php'),
(2703, '29f7937d7aa82cde97954633b3be8327', 'documento_list.php', 'documento_list.php'),
(2704, 'a9b0393a79e91eba6c63c57c29899f74', 'documento_operation.php', 'documento_operation.php'),
(2705, '6c4ef57fba11b51d04fd9e594d942d68', 'documento_remove.php', 'documento_remove.php'),
(2706, 'a710c18545e7f9d4056b8db791ed0dbb', 'documento_view.php', 'documento_view.php'),
(2707, 'a808b835c6abfc23f156e2ebd43a97db', 'empreendimento_add.php', 'empreendimento_add.php'),
(2708, 'df77915fb1c6bc4485c23dfd156396d1', 'empreendimento_edit.php', 'empreendimento_edit.php'),
(2709, '07f042397773884bc5c21db7c0fca216', 'empreendimento_export.php', 'empreendimento_export.php'),
(2710, '8cc193419efd465a04c47f3ecab49369', 'empreendimento_list.php', 'empreendimento_list.php'),
(2711, '9686f5b4d921650111c90fb2b01c8b08', 'empreendimento_operation.php', 'empreendimento_operation.php'),
(2712, 'eaa45e4252bded49dc3061b8d5d44318', 'empreendimento_remove.php', 'empreendimento_remove.php'),
(2713, 'f4c2b3ca78411c9ac77bbca2d1cf456b', 'empreendimento_view.php', 'empreendimento_view.php'),
(2714, '7238f7cb47430f393e11da67f74d2b63', 'foto_add.php', 'foto_add.php'),
(2715, 'ae5de5adb206fa6b33ed111a41872cbe', 'foto_edit.php', 'foto_edit.php'),
(2716, '2bf1ef604b036bb0a0ca77516115b8df', 'foto_export.php', 'foto_export.php'),
(2717, '1ee8f7eacb20fb670a5f2c292ecf235b', 'foto_list.php', 'foto_list.php'),
(2718, '3a85d6fdf4693fba434b86878f4c4e06', 'foto_operation.php', 'foto_operation.php'),
(2719, '5e18d374cf183ff34069d4118a90bfe9', 'foto_remove.php', 'foto_remove.php'),
(2720, 'efe5e021b00eed1e1a1cec3906d398ed', 'foto_view.php', 'foto_view.php'),
(2721, '346b52745625332b6634bbf96597dfce', 'loja_add.php', 'loja_add.php'),
(2722, '4169cf5e0d71638642bcb513ef4197c9', 'loja_edit.php', 'loja_edit.php'),
(2723, '19fefb8e32114054a0b8b2eed145033b', 'loja_export.php', 'loja_export.php'),
(2724, 'fb9351410479ebbdec78a2d72f1db357', 'loja_list.php', 'loja_list.php'),
(2725, '1e2d3a6b732397f45c380e5cfa747e68', 'loja_operation.php', 'loja_operation.php'),
(2726, 'd3447c078e7f79998a45a8957a73b801', 'loja_remove.php', 'loja_remove.php'),
(2727, '260bbfb58c76be64ee9c8bd7e6e11037', 'loja_view.php', 'loja_view.php'),
(2728, '94648fe0e1b0c33361cdaea41d280433', 'lojista_add.php', 'lojista_add.php'),
(2729, 'e6628afcd3e4ef3d044e7be4f488ba60', 'lojista_cronograma_add.php', 'lojista_cronograma_add.php'),
(2730, 'a23f022b51fd36f31d20a35dd7c2566b', 'lojista_cronograma_edit.php', 'lojista_cronograma_edit.php'),
(2731, 'a52b26fda13f655a8c9e3679be32efef', 'lojista_cronograma_export.php', 'lojista_cronograma_export.php'),
(2732, '89284ac110d64b5413996dc18ca78e19', 'lojista_cronograma_list.php', 'lojista_cronograma_list.php'),
(2733, 'ceab4668178d373aa098f25f5661302c', 'lojista_cronograma_operation.php', 'lojista_cronograma_operation.php'),
(2734, 'a5876166864e7f1cb0b53d7f05828366', 'lojista_cronograma_remove.php', 'lojista_cronograma_remove.php'),
(2735, '058c61dd0d2cafa0281aa770b7d08107', 'lojista_cronograma_view.php', 'lojista_cronograma_view.php'),
(2736, 'c953680074268e9607cfc963947c884f', 'lojista_edit.php', 'lojista_edit.php'),
(2737, 'f757f1c232ee4b8d858f702caec0183a', 'lojista_etapa_add.php', 'lojista_etapa_add.php'),
(2738, '32ce849e73ebed3f9f7789d4da76e85c', 'lojista_etapa_edit.php', 'lojista_etapa_edit.php'),
(2739, '83e25ba8792d0cc346c3a3a90b50fb83', 'lojista_etapa_export.php', 'lojista_etapa_export.php'),
(2740, '6acdb2214a30e540625db2d72a9b3f38', 'lojista_etapa_list.php', 'lojista_etapa_list.php'),
(2741, '3ef786c6f33833d141867d586f8bba73', 'lojista_etapa_operation.php', 'lojista_etapa_operation.php'),
(2742, '9ec08e7644bbb889cbfcfade51181034', 'lojista_etapa_remove.php', 'lojista_etapa_remove.php'),
(2743, '4f9bb3d840a1526d2549cca2afa44abd', 'lojista_etapa_view.php', 'lojista_etapa_view.php'),
(2744, '84f78e9685a9ba393c2c69ed2b847e4f', 'lojista_export.php', 'lojista_export.php'),
(2745, '68a4bf626a793b68478aa35f3b91b9e5', 'lojista_list.php', 'lojista_list.php'),
(2746, 'f2e7c8f3f54622dd02179f8942dd05da', 'lojista_operation.php', 'lojista_operation.php'),
(2747, 'bdf8023b82f339be8a8b3602cd094525', 'lojista_pessoa_add.php', 'lojista_pessoa_add.php'),
(2748, '744634b5a68e31cd3603f6d2d05bcf68', 'lojista_pessoa_edit.php', 'lojista_pessoa_edit.php'),
(2749, '018950953bfe13a5ddee5f01de8f4729', 'lojista_pessoa_export.php', 'lojista_pessoa_export.php'),
(2750, 'c6fe8955b6d29c6d9fc8c629b36a665b', 'lojista_pessoa_list.php', 'lojista_pessoa_list.php'),
(2751, 'c9f8f31bd7c1ab2a4c3dc115ce14a79f', 'lojista_pessoa_operation.php', 'lojista_pessoa_operation.php'),
(2752, '821b5a8d156b03f1a53ba1c392147ba3', 'lojista_pessoa_perfil_add.php', 'lojista_pessoa_perfil_add.php'),
(2753, '18131687e3f6ec748995c2091e17d7d1', 'lojista_pessoa_perfil_edit.php', 'lojista_pessoa_perfil_edit.php'),
(2754, '644c0135486e9c1d4c4e52c60e38dd88', 'lojista_pessoa_perfil_export.php', 'lojista_pessoa_perfil_export.php'),
(2755, 'f46b5fc5a5355d7e4715209eb9915226', 'lojista_pessoa_perfil_list.php', 'lojista_pessoa_perfil_list.php'),
(2756, 'c4344e2a3736402710ad9a35cd8a7943', 'lojista_pessoa_perfil_operation.php', 'lojista_pessoa_perfil_operation.php'),
(2757, '47d940410ab63a7ca11610667e72ed77', 'lojista_pessoa_perfil_priority.php', 'lojista_pessoa_perfil_priority.php'),
(2758, '8fb65d7a68c71c76f48cc38bf992024a', 'lojista_pessoa_perfil_remove.php', 'lojista_pessoa_perfil_remove.php'),
(2759, '99e37caff8cce9a15b3e1b29434f26a5', 'lojista_pessoa_perfil_view.php', 'lojista_pessoa_perfil_view.php'),
(2760, 'd1f9a1a8b9e48be19db30478abcf4604', 'lojista_pessoa_remove.php', 'lojista_pessoa_remove.php'),
(2761, 'be21d8552c9c4408cb0cd3ee3d7afc28', 'lojista_pessoa_view.php', 'lojista_pessoa_view.php'),
(2762, '20ec61320e894d3844420fb7e163c97a', 'lojista_remove.php', 'lojista_remove.php'),
(2763, '6a6e2569394f103aed8d06882e5e0274', 'lojista_view.php', 'lojista_view.php'),
(2764, '2d591b92a0f265e4566cbf865626b41b', 'mensagem_acesso_add.php', 'mensagem_acesso_add.php'),
(2765, '0f2162205a196ddc156536e5e68f36ff', 'mensagem_acesso_edit.php', 'mensagem_acesso_edit.php'),
(2766, '3a99c979560e4a011ef3d4c72fd771dc', 'mensagem_acesso_export.php', 'mensagem_acesso_export.php'),
(2767, '6d5aab60f5a1ab60e829526a57451446', 'mensagem_acesso_list.php', 'mensagem_acesso_list.php'),
(2768, '83db9ced3feef8b6a7fa03bb968fe00d', 'mensagem_acesso_operation.php', 'mensagem_acesso_operation.php'),
(2769, '7f38749d4a2a96c66f4994259ab13d81', 'mensagem_acesso_remove.php', 'mensagem_acesso_remove.php'),
(2770, 'e82177a9e4b81acd585eefe5e11e6bc3', 'mensagem_acesso_view.php', 'mensagem_acesso_view.php'),
(2771, 'bed1e2a263e7976b7f50ea0163019c8e', 'mensagem_add.php', 'mensagem_add.php'),
(2772, '1af235eab7811d4bdaac130fdd721b44', 'mensagem_edit.php', 'mensagem_edit.php'),
(2773, 'b0ea830fd73c5395a3c779a3b8d044c0', 'mensagem_export.php', 'mensagem_export.php'),
(2774, 'a58cd7fbff7ff7b3eba5c2b1a6f09a92', 'mensagem_list.php', 'mensagem_list.php'),
(2775, 'f3a24b95c3dcdcb17d9d234c64af72eb', 'mensagem_operation.php', 'mensagem_operation.php'),
(2776, '06b5f49d2957d695061534a34c1fb78f', 'mensagem_remove.php', 'mensagem_remove.php'),
(2777, '24b3aae7b001d9e8ca495b792a8150fb', 'mensagem_resposta_add.php', 'mensagem_resposta_add.php'),
(2778, '87dc351250f29fbd95a7242c46c18b0e', 'mensagem_resposta_edit.php', 'mensagem_resposta_edit.php'),
(2779, 'b3597f928b82dc8504d98eeab3637118', 'mensagem_resposta_export.php', 'mensagem_resposta_export.php'),
(2780, '029f707cc969d40b05b744ec85ada8aa', 'mensagem_resposta_list.php', 'mensagem_resposta_list.php'),
(2781, 'd59a18257a299913e2bb5d0d25fb091d', 'mensagem_resposta_operation.php', 'mensagem_resposta_operation.php'),
(2782, '5c2cf6d0d9f3e0e554273b2a8983265b', 'mensagem_resposta_remove.php', 'mensagem_resposta_remove.php'),
(2783, 'cd3c492190ca94c2d344d7318102932d', 'mensagem_resposta_view.php', 'mensagem_resposta_view.php'),
(2784, 'ecb7f09e166b18af55d53c0766376588', 'mensagem_view.php', 'mensagem_view.php'),
(2785, '706023975da3b4980444225d92b30bb4', 'segmento_add.php', 'segmento_add.php'),
(2786, '73baf1a013ad00d6a001d2f8cd690b81', 'segmento_edit.php', 'segmento_edit.php'),
(2787, 'c03c2271b5551958ca44281b2199f9ae', 'segmento_export.php', 'segmento_export.php'),
(2788, 'a06c6bae2b310c86b01ffb6bd5d84562', 'segmento_list.php', 'segmento_list.php'),
(2789, '9c572d665f3098dd9ab7a31a73dd9d1e', 'segmento_operation.php', 'segmento_operation.php'),
(2790, 'f478c54d54e32af66703374350fa3b02', 'segmento_priority.php', 'segmento_priority.php'),
(2791, '223bd98b72b361b09af18e2f23efecb0', 'segmento_remove.php', 'segmento_remove.php'),
(2792, '54dfc943ff84845645cc596b71f3c788', 'segmento_view.php', 'segmento_view.php'),
(2793, '9cb4413dafd115bebdae573dc6ee8d99', 'usuario_perfil_add.php', 'usuario_perfil_add.php'),
(2794, '68cc0f17938eb90ca442fb543fbe8bc5', 'usuario_perfil_edit.php', 'usuario_perfil_edit.php'),
(2795, 'ea07ef5cad836811f9380fb332b6318e', 'usuario_perfil_export.php', 'usuario_perfil_export.php'),
(2796, 'f9a946b007876274e21c875585c18c67', 'usuario_perfil_list.php', 'usuario_perfil_list.php'),
(2797, '9fb446539335da4c06c0dcab712c9c69', 'usuario_perfil_operation.php', 'usuario_perfil_operation.php'),
(2798, '78f57ab13f9e45e81d359a61521b4c39', 'usuario_perfil_remove.php', 'usuario_perfil_remove.php'),
(2799, 'dd0d173d53d16d13bd19b9f0568e17fd', 'usuario_perfil_view.php', 'usuario_perfil_view.php'),
(2800, 'dad5c0addee42d4c281318cf77883b11', 'usuario_view.php', 'usuario_view.php'),
(2801, 'a907c4b83a432d42e11379df3c9b6c30', 'arquivo_tipo_add.php', 'arquivo_tipo_add.php'),
(2802, '3279af281720436c80cabe621f66054d', 'arquivo_tipo_edit.php', 'arquivo_tipo_edit.php'),
(2803, '8a20d77979064885fca30d2378dc3264', 'arquivo_tipo_export.php', 'arquivo_tipo_export.php'),
(2804, 'fda16d268a5d7fb2e6d782ccc3499c35', 'arquivo_tipo_list.php', 'arquivo_tipo_list.php'),
(2805, '1155b95e18b26e15dbb3af3607e02524', 'arquivo_tipo_operation.php', 'arquivo_tipo_operation.php'),
(2806, 'e60f72b2f68691e514cf30d48852e255', 'arquivo_tipo_priority.php', 'arquivo_tipo_priority.php'),
(2807, 'e0332478a08708ebcbb7c30203b2484e', 'arquivo_tipo_remove.php', 'arquivo_tipo_remove.php'),
(2808, '0a0f0f8c32b825ffd5469427800639c9', 'arquivo_tipo_view.php', 'arquivo_tipo_view.php'),
(2809, 'fc3c112f1dc79fa95d5391b510514672', 'cronograma_etapa_priority.php', 'cronograma_etapa_priority.php'),
(2826, '63e2b14ffa35e9c127fac6acf8d25ef3', 'painel_menu_add.php', 'painel_menu_add.php'),
(2827, '09a9e3d03f47b418dd8e07c33e770fbe', 'painel_menu_edit.php', 'painel_menu_edit.php'),
(2828, '6dc825910750360694c2f87fe73cc7b6', 'painel_menu_export.php', 'painel_menu_export.php'),
(2829, '0d088869df446401d2a8e41462cbcb5b', 'painel_menu_list.php', 'painel_menu_list.php'),
(2830, 'f3daad51b96924a9e5817557d03eecf2', 'painel_menu_operation.php', 'painel_menu_operation.php'),
(2831, '46cd0fca789f0d4c98e1fbf58f188737', 'painel_menu_priority.php', 'painel_menu_priority.php'),
(2832, '318ce53379fe5dcc63c85ca46321ecb1', 'painel_menu_remove.php', 'painel_menu_remove.php'),
(2833, '08830be3a0aabc2cb2e99c793b879c3f', 'painel_menu_view.php', 'painel_menu_view.php');

-- --------------------------------------------------------

--
-- Estrutura da tabela `tb_app_componente_permissao`
--

CREATE TABLE IF NOT EXISTS `tb_app_componente_permissao` (
  `id_app_permissao` bigint(20) NOT NULL,
  `id_app_usuario_grupo` bigint(20) DEFAULT NULL,
  `id_app_componente` bigint(20) DEFAULT NULL,
  `permissao` bigint(20) DEFAULT NULL
) ENGINE=MyISAM AUTO_INCREMENT=9276 DEFAULT CHARSET=latin1;

--
-- Extraindo dados da tabela `tb_app_componente_permissao`
--

INSERT INTO `tb_app_componente_permissao` (`id_app_permissao`, `id_app_usuario_grupo`, `id_app_componente`, `permissao`) VALUES
(3158, 1, 1063, 1),
(6323, 2, 14, 1),
(6322, 2, 13, 1),
(6321, 2, 12, 1),
(6320, 2, 11, 1),
(6319, 2, 10, 1),
(6318, 2, 9, 1),
(6317, 2, 8, 1),
(6316, 2, 7, 1),
(6315, 2, 6, 1),
(6314, 2, 17, 1),
(6313, 2, 4, 1),
(6312, 2, 1910, 1),
(6310, 2, 1133, 1),
(6309, 2, 1708, 1),
(6308, 2, 1818, 1),
(6307, 2, 1707, 1),
(6306, 2, 1577, 1),
(6304, 2, 1132, 1),
(6303, 2, 1153, 1),
(6302, 2, 1727, 1),
(6301, 2, 1154, 1),
(6300, 2, 1152, 1),
(6298, 2, 1494, 1),
(3157, 1, 1395, 1),
(6297, 2, 1495, 1),
(6296, 2, 1493, 1),
(6295, 2, 1794, 1),
(6294, 2, 1566, 1),
(6293, 2, 1430, 1),
(6292, 2, 1817, 1),
(6291, 2, 1816, 1),
(8553, 3, 2657, 1),
(8552, 3, 2656, 1),
(8551, 3, 2655, 1),
(8550, 3, 2654, 1),
(8549, 3, 2653, 1),
(8548, 3, 2652, 1),
(7116, 3, 2323, 1),
(7115, 3, 2324, 1),
(6289, 2, 1472, 1),
(6288, 2, 1473, 1),
(6287, 2, 1471, 1),
(6931, 2, 1850, 1),
(6930, 2, 1558, 1),
(6929, 2, 1394, 1),
(6928, 2, 1393, 1),
(6927, 2, 1392, 1),
(6926, 2, 1574, 1),
(6925, 2, 1391, 1),
(6924, 2, 1390, 1),
(6923, 2, 1389, 1),
(6922, 2, 1388, 1),
(6921, 2, 1387, 1),
(6920, 2, 1386, 1),
(6919, 2, 1385, 1),
(6918, 2, 1384, 1),
(6917, 2, 1383, 1),
(6916, 2, 1382, 1),
(6915, 2, 1381, 1),
(6914, 2, 1380, 1),
(6913, 2, 1379, 1),
(6912, 2, 1378, 1),
(6911, 2, 1377, 1),
(6898, 2, 1894, 1),
(6897, 2, 1893, 1),
(6896, 2, 1892, 1),
(6895, 2, 1891, 1),
(6894, 2, 1890, 1),
(6893, 2, 1889, 1),
(6892, 2, 1888, 1),
(6891, 2, 1407, 1),
(6890, 2, 1406, 1),
(6889, 2, 1405, 1),
(6888, 2, 1404, 1),
(6887, 2, 1403, 1),
(6886, 2, 1706, 1),
(6885, 2, 1705, 1),
(6884, 2, 1704, 1),
(6883, 2, 1703, 1),
(6882, 2, 1702, 1),
(6881, 2, 1701, 1),
(6880, 2, 1402, 1),
(6879, 2, 1401, 1),
(6878, 2, 1400, 1),
(6877, 2, 1399, 1),
(6876, 2, 1398, 1),
(6875, 2, 1397, 1),
(6874, 2, 1396, 1),
(6860, 2, 1492, 1),
(6859, 2, 1491, 1),
(6858, 2, 1490, 1),
(6857, 2, 1489, 1),
(6856, 2, 1488, 1),
(6855, 2, 1487, 1),
(6854, 2, 1486, 1),
(6243, 1, 1376, 1),
(6242, 1, 1375, 1),
(6241, 1, 1372, 1),
(6240, 1, 1371, 1),
(6840, 2, 1376, 1),
(6839, 2, 1375, 1),
(6838, 2, 1429, 1),
(6837, 2, 1428, 1),
(6285, 2, 1621, 1),
(6284, 2, 1452, 1),
(6283, 2, 1517, 1),
(6836, 2, 1427, 1),
(6835, 2, 1426, 1),
(6834, 2, 1425, 1),
(6833, 2, 1424, 1),
(6832, 2, 1423, 1),
(6831, 2, 1374, 1),
(6830, 2, 1373, 1),
(6282, 2, 1871, 1),
(6281, 2, 1516, 1),
(6802, 2, 1372, 1),
(6276, 2, 1146, 1),
(6787, 2, 1470, 1),
(6786, 2, 1802, 1),
(6785, 2, 1469, 1),
(6784, 2, 1575, 1),
(6783, 2, 1468, 1),
(6782, 2, 1467, 1),
(6781, 2, 1466, 1),
(6780, 2, 1465, 1),
(6779, 2, 1464, 1),
(6778, 2, 1463, 1),
(6777, 2, 1462, 1),
(6776, 2, 1461, 1),
(6775, 2, 1460, 1),
(6774, 2, 1459, 1),
(6275, 2, 1144, 1),
(6274, 2, 1143, 1),
(6273, 2, 1444, 1),
(6272, 2, 1443, 1),
(6271, 2, 1422, 1),
(6773, 2, 1458, 1),
(6772, 2, 1457, 1),
(6771, 2, 1456, 1),
(6770, 2, 1455, 1),
(6769, 2, 1454, 1),
(6768, 2, 1453, 1),
(6767, 2, 1529, 1),
(6766, 2, 1528, 1),
(6765, 2, 1527, 1),
(6764, 2, 1526, 1),
(6763, 2, 1525, 1),
(6762, 2, 1524, 1),
(6761, 2, 1523, 1),
(6760, 2, 1530, 1),
(6759, 2, 1522, 1),
(6758, 2, 1521, 1),
(6757, 2, 1520, 1),
(6756, 2, 1519, 1),
(6755, 2, 1518, 1),
(6754, 2, 1371, 1),
(6270, 2, 1421, 1),
(6269, 2, 49, 1),
(6268, 2, 2079, 1),
(6753, 2, 1451, 1),
(6752, 2, 1450, 1),
(6751, 2, 1449, 1),
(6750, 2, 1448, 1),
(6749, 2, 1447, 1),
(6748, 2, 1446, 1),
(6747, 2, 1445, 1),
(6746, 2, 1782, 1),
(6267, 2, 2078, 1),
(6266, 2, 2077, 1),
(9275, 3, 3, 1),
(9274, 3, 1278, 1),
(9273, 3, 1276, 1),
(9272, 3, 1063, 1),
(9271, 3, 1573, 1),
(8547, 3, 2651, 1),
(8546, 3, 2650, 1),
(8545, 3, 2649, 1),
(8544, 3, 2648, 1),
(8543, 3, 2647, 1),
(8542, 3, 2646, 1),
(8541, 3, 2645, 1),
(8540, 3, 2809, 1),
(8539, 3, 2644, 1),
(8538, 3, 2643, 1),
(8537, 3, 2642, 1),
(8536, 3, 2641, 1),
(8535, 3, 2640, 1),
(8534, 3, 1370, 1),
(8533, 3, 1369, 1),
(8532, 3, 2553, 1),
(8531, 3, 1368, 1),
(8530, 3, 1367, 1),
(8529, 3, 2219, 1),
(8528, 3, 1366, 1),
(8527, 3, 1365, 1),
(8526, 3, 2182, 1),
(8525, 3, 2181, 1),
(8524, 3, 2180, 1),
(8523, 3, 2179, 1),
(8522, 3, 2178, 1),
(8521, 3, 2177, 1),
(8520, 3, 2218, 1),
(8519, 3, 2176, 1),
(8518, 3, 2175, 1),
(8517, 3, 2174, 1),
(8516, 3, 2173, 1),
(8515, 3, 2172, 1),
(8514, 3, 2171, 1),
(8513, 3, 2170, 1),
(8512, 3, 2169, 1),
(8511, 3, 2168, 1),
(8510, 3, 2167, 1),
(8509, 3, 2166, 1),
(8508, 3, 2217, 1),
(8507, 3, 2165, 1),
(8506, 3, 2164, 1),
(8505, 3, 2163, 1),
(8504, 3, 2162, 1),
(6745, 2, 1781, 1),
(6744, 2, 1780, 1),
(6265, 2, 2076, 1),
(6264, 2, 2102, 1),
(7563, 2, 2335, 1),
(8503, 3, 2161, 1),
(8502, 3, 2160, 1),
(8501, 3, 2159, 1),
(8500, 3, 2158, 1),
(8499, 3, 2216, 1),
(8498, 3, 2157, 1),
(8497, 3, 2156, 1),
(8496, 3, 2155, 1),
(8495, 3, 2154, 1),
(8494, 3, 2153, 1),
(8493, 3, 2152, 1),
(8492, 3, 2151, 1),
(8491, 3, 2150, 1),
(8490, 3, 2149, 1),
(8489, 3, 2215, 1),
(6263, 2, 2101, 1),
(6262, 2, 2100, 1),
(8488, 3, 2148, 1),
(8487, 3, 2147, 1),
(8486, 3, 2214, 1),
(8485, 3, 2146, 1),
(8484, 3, 2145, 1),
(8483, 3, 2144, 1),
(8482, 3, 2143, 1),
(8481, 3, 2142, 1),
(8480, 3, 2213, 1),
(8479, 3, 2141, 1),
(8478, 3, 2140, 1),
(8477, 3, 2139, 1),
(8476, 3, 2138, 1),
(8475, 3, 2137, 1),
(8474, 3, 2136, 1),
(8473, 3, 2135, 1),
(8472, 3, 2212, 1),
(8471, 3, 2134, 1),
(8470, 3, 2133, 1),
(8469, 3, 2132, 1),
(8468, 3, 2131, 1),
(8467, 3, 2130, 1),
(8466, 3, 2129, 1),
(8465, 3, 2128, 1),
(8464, 3, 2127, 1),
(8463, 3, 2211, 1),
(8462, 3, 2126, 1),
(8461, 3, 2125, 1),
(8460, 3, 2124, 1),
(8459, 3, 2123, 1),
(8458, 3, 2210, 1),
(8457, 3, 2122, 1),
(8456, 3, 2121, 1),
(8455, 3, 2120, 1),
(8454, 3, 2119, 1),
(8453, 3, 2118, 1),
(8452, 3, 2117, 1),
(8451, 3, 2116, 1),
(8450, 3, 2115, 1),
(8449, 3, 2114, 1),
(8448, 3, 2113, 1),
(8447, 3, 2209, 1),
(8446, 3, 2112, 1),
(8445, 3, 2111, 1),
(8444, 3, 2110, 1),
(8443, 3, 2410, 1),
(8442, 3, 2409, 1),
(8441, 3, 2408, 1),
(8440, 3, 2407, 1),
(8439, 3, 2406, 1),
(8438, 3, 2298, 1),
(8437, 3, 2405, 1),
(8436, 3, 2313, 1),
(8435, 3, 2312, 1),
(8434, 3, 2311, 1),
(8433, 3, 2310, 1),
(8432, 3, 2309, 1),
(8431, 3, 2314, 1),
(8430, 3, 2308, 1),
(8429, 3, 2307, 1),
(8428, 3, 2306, 1),
(8427, 3, 2342, 1),
(8426, 3, 2341, 1),
(8425, 3, 2340, 1),
(8424, 3, 2339, 1),
(8423, 3, 2338, 1),
(8422, 3, 2337, 1),
(8421, 3, 2336, 1),
(8420, 3, 2321, 1),
(8419, 3, 2320, 1),
(8418, 3, 2319, 1),
(8417, 3, 2318, 1),
(8416, 3, 2326, 1),
(8415, 3, 2317, 1),
(8414, 3, 2316, 1),
(8413, 3, 2315, 1),
(8412, 3, 1485, 1),
(8411, 3, 1484, 1),
(8410, 3, 1483, 1),
(8409, 3, 1482, 1),
(8408, 3, 1481, 1),
(8407, 3, 1480, 1),
(8406, 3, 1479, 1),
(8405, 3, 2205, 1),
(8404, 3, 1478, 1),
(8403, 3, 1477, 1),
(8402, 3, 1476, 1),
(8401, 3, 2204, 1),
(8400, 3, 1475, 1),
(8399, 3, 1474, 1),
(8398, 3, 2203, 1),
(8397, 3, 2404, 1),
(8396, 3, 2403, 1),
(8395, 3, 2402, 1),
(8394, 3, 2401, 1),
(8393, 3, 2400, 1),
(8392, 3, 2399, 1),
(8391, 3, 2398, 1),
(8390, 3, 2397, 1),
(8389, 3, 2274, 1),
(8388, 3, 2273, 1),
(8387, 3, 2272, 1),
(8386, 3, 2271, 1),
(8385, 3, 2270, 1),
(8384, 3, 2269, 1),
(8383, 3, 2268, 1),
(8382, 3, 2267, 1),
(8381, 3, 2266, 1),
(8380, 3, 2265, 1),
(8379, 3, 2264, 1),
(8378, 3, 2263, 1),
(8377, 3, 2262, 1),
(8376, 3, 2261, 1),
(8375, 3, 2260, 1),
(8374, 3, 2601, 1),
(8373, 3, 2600, 1),
(8372, 3, 2599, 1),
(8371, 3, 2598, 1),
(8370, 3, 2597, 1),
(8369, 3, 2596, 1),
(8368, 3, 2595, 1),
(8367, 3, 2594, 1),
(8366, 3, 2593, 1),
(8365, 3, 2592, 1),
(8364, 3, 2591, 1),
(8363, 3, 2590, 1),
(8362, 3, 2589, 1),
(8361, 3, 2588, 1),
(8360, 3, 2587, 1),
(8359, 3, 2586, 1),
(8358, 3, 2585, 1),
(8357, 3, 2584, 1),
(8356, 3, 2583, 1),
(8355, 3, 2582, 1),
(8354, 3, 2581, 1),
(8353, 3, 2580, 1),
(8352, 3, 2579, 1),
(8351, 3, 2578, 1),
(6743, 2, 1779, 1),
(6742, 2, 1778, 1),
(6741, 2, 1777, 1),
(6740, 2, 1776, 1),
(6739, 2, 1775, 1),
(6738, 2, 1774, 1),
(6737, 2, 1773, 1),
(6736, 2, 1772, 1),
(6735, 2, 1771, 1),
(6734, 2, 1770, 1),
(6733, 2, 1769, 1),
(6732, 2, 1768, 1),
(6731, 2, 1767, 1),
(6730, 2, 1766, 1),
(6729, 2, 1765, 1),
(6728, 2, 1764, 1),
(6727, 2, 1763, 1),
(6726, 2, 1762, 1),
(6725, 2, 1761, 1),
(6724, 2, 1760, 1),
(6723, 2, 1759, 1),
(6722, 2, 1758, 1),
(6721, 2, 1757, 1),
(6720, 2, 1756, 1),
(6719, 2, 1755, 1),
(6718, 2, 1754, 1),
(6717, 2, 1753, 1),
(6716, 2, 1752, 1),
(6715, 2, 1751, 1),
(6714, 2, 1750, 1),
(6713, 2, 1749, 1),
(6712, 2, 1748, 1),
(6711, 2, 1747, 1),
(6710, 2, 1746, 1),
(6709, 2, 1787, 1),
(6708, 2, 1745, 1),
(6707, 2, 1744, 1),
(6706, 2, 1743, 1),
(6705, 2, 1681, 1),
(6704, 2, 1680, 1),
(6703, 2, 1679, 1),
(6702, 2, 1678, 1),
(6701, 2, 1677, 1),
(6700, 2, 1676, 1),
(6699, 2, 1675, 1),
(6261, 2, 2083, 1),
(6260, 2, 2082, 1),
(8350, 3, 2577, 1),
(8349, 3, 2576, 1),
(8348, 3, 2575, 1),
(6259, 2, 2081, 1),
(8347, 3, 2574, 1),
(8346, 3, 2573, 1),
(8345, 3, 2572, 1),
(8344, 3, 1442, 1),
(8343, 3, 1441, 1),
(8342, 3, 1434, 1),
(8341, 3, 1433, 1),
(8340, 3, 2202, 1),
(8339, 3, 1432, 1),
(8338, 3, 1440, 1),
(8337, 3, 1439, 1),
(8336, 3, 1438, 1),
(8335, 3, 1437, 1),
(8334, 3, 2201, 1),
(8333, 3, 1436, 1),
(8332, 3, 1435, 1),
(8331, 3, 1431, 1),
(8330, 3, 2638, 1),
(8329, 3, 2808, 1),
(8328, 3, 2807, 1),
(8327, 3, 2806, 1),
(8326, 3, 2805, 1),
(8325, 3, 2804, 1),
(8324, 3, 2803, 1),
(8323, 3, 2802, 1),
(8322, 3, 2801, 1),
(8321, 3, 2637, 1),
(8320, 3, 2636, 1),
(8319, 3, 2635, 1),
(8318, 3, 2634, 1),
(8317, 3, 2633, 1),
(8316, 3, 2632, 1),
(8315, 3, 2631, 1),
(8314, 3, 2630, 1),
(8313, 3, 2629, 1),
(8312, 3, 2628, 1),
(8311, 3, 2627, 1),
(6698, 2, 1870, 1),
(6697, 2, 1869, 1),
(6696, 2, 1868, 1),
(6695, 2, 1867, 1),
(6694, 2, 1866, 1),
(6693, 2, 1865, 1),
(6692, 2, 1864, 1),
(6691, 2, 1863, 1),
(6690, 2, 1862, 1),
(6689, 2, 1861, 1),
(6688, 2, 1860, 1),
(6687, 2, 1859, 1),
(6686, 2, 1858, 1),
(8310, 3, 2626, 1),
(6258, 2, 2085, 1),
(8309, 3, 2625, 1),
(8308, 3, 2624, 1),
(8307, 3, 2623, 1),
(8306, 3, 2622, 1),
(8305, 3, 2621, 1),
(8304, 3, 2620, 1),
(8303, 3, 2619, 1),
(8302, 3, 2618, 1),
(8301, 3, 2617, 1),
(8300, 3, 2616, 1),
(8299, 3, 2615, 1),
(8298, 3, 2614, 1),
(6672, 2, 1370, 1),
(6671, 2, 1369, 1),
(6670, 2, 1368, 1),
(6669, 2, 1367, 1),
(6668, 2, 1366, 1),
(6667, 2, 1365, 1),
(6666, 2, 2182, 1),
(6665, 2, 2181, 1),
(6664, 2, 2180, 1),
(6663, 2, 2179, 1),
(6662, 2, 2178, 1),
(6661, 2, 2177, 1),
(6660, 2, 2176, 1),
(6659, 2, 2175, 1),
(6658, 2, 2174, 1),
(6657, 2, 2173, 1),
(6656, 2, 2172, 1),
(6655, 2, 2171, 1),
(6654, 2, 2170, 1),
(6653, 2, 2169, 1),
(6652, 2, 2168, 1),
(6651, 2, 2167, 1),
(6650, 2, 2166, 1),
(6649, 2, 2165, 1),
(6648, 2, 2164, 1),
(6647, 2, 2163, 1),
(6646, 2, 2162, 1),
(6645, 2, 2161, 1),
(6644, 2, 2160, 1),
(6643, 2, 2159, 1),
(6642, 2, 2158, 1),
(6641, 2, 2157, 1),
(6640, 2, 2156, 1),
(6639, 2, 2155, 1),
(6638, 2, 2154, 1),
(6637, 2, 2153, 1),
(6636, 2, 2152, 1),
(6635, 2, 2151, 1),
(6634, 2, 2150, 1),
(6633, 2, 2149, 1),
(6632, 2, 2148, 1),
(6631, 2, 2147, 1),
(6630, 2, 2146, 1),
(8297, 3, 2613, 1),
(8296, 3, 2612, 1),
(8295, 3, 2611, 1),
(8294, 3, 2610, 1),
(9270, 3, 17, 1),
(9269, 3, 4, 1),
(9268, 3, 2296, 1),
(9267, 3, 2297, 1),
(9266, 3, 2293, 1),
(9265, 3, 2294, 1),
(9264, 3, 2295, 1),
(9263, 3, 1494, 1),
(8293, 3, 2609, 1),
(9262, 3, 1133, 1),
(8292, 3, 2608, 1),
(8291, 3, 2607, 1),
(8290, 3, 2606, 1),
(8289, 3, 2605, 1),
(8288, 3, 2604, 1),
(8287, 3, 2603, 1),
(8286, 3, 1668, 1),
(8285, 3, 1667, 1),
(8284, 3, 1666, 1),
(8283, 3, 1665, 1),
(8282, 3, 1664, 1),
(8281, 3, 2200, 1),
(8280, 3, 1663, 1),
(8279, 3, 2396, 1),
(8278, 3, 2395, 1),
(8277, 3, 2394, 1),
(8276, 3, 2393, 1),
(8275, 3, 2392, 1),
(8274, 3, 2391, 1),
(8273, 3, 2390, 1),
(8272, 3, 2389, 1),
(8271, 3, 1662, 1),
(8270, 3, 1364, 1),
(8269, 3, 1363, 1),
(8268, 3, 1362, 1),
(8267, 3, 1361, 1),
(8266, 3, 1360, 1),
(8265, 3, 1359, 1),
(8264, 3, 1358, 1),
(8263, 3, 2199, 1),
(8262, 3, 1357, 1),
(8261, 3, 1356, 1),
(8260, 3, 2198, 1),
(8259, 3, 1355, 1),
(8258, 3, 1354, 1),
(8257, 3, 2197, 1),
(8256, 3, 2196, 1),
(8255, 3, 1353, 1),
(8254, 3, 1352, 1),
(8253, 3, 1351, 1),
(8252, 3, 1350, 1),
(8251, 3, 1349, 1),
(8250, 3, 1348, 1),
(8249, 3, 2195, 1),
(8248, 3, 1347, 1),
(8247, 3, 1346, 1),
(8246, 3, 1345, 1),
(8245, 3, 1344, 1),
(8244, 3, 1343, 1),
(8243, 3, 1342, 1),
(8242, 3, 1341, 1),
(8241, 3, 1340, 1),
(8240, 3, 1339, 1),
(8239, 3, 1338, 1),
(8238, 3, 2194, 1),
(6257, 2, 2084, 1),
(6629, 2, 2145, 1),
(6628, 2, 2144, 1),
(6627, 2, 2143, 1),
(6626, 2, 2142, 1),
(6625, 2, 2141, 1),
(6624, 2, 2140, 1),
(6623, 2, 2139, 1),
(6256, 2, 2086, 1),
(6622, 2, 2138, 1),
(6621, 2, 2137, 1),
(6620, 2, 2136, 1),
(6619, 2, 2135, 1),
(6618, 2, 2134, 1),
(6617, 2, 2133, 1),
(6616, 2, 2132, 1),
(6615, 2, 2131, 1),
(6614, 2, 2130, 1),
(6613, 2, 2129, 1),
(6612, 2, 2128, 1),
(6611, 2, 2127, 1),
(6610, 2, 2126, 1),
(6609, 2, 2125, 1),
(6608, 2, 2124, 1),
(6607, 2, 2123, 1),
(6255, 2, 2080, 1),
(6254, 2, 2075, 1),
(6253, 2, 1131, 1),
(6252, 2, 1130, 1),
(6251, 2, 1129, 1),
(6250, 2, 1712, 1),
(8237, 3, 1337, 1),
(8236, 3, 1336, 1),
(6606, 2, 2122, 1),
(6605, 2, 2121, 1),
(6604, 2, 2120, 1),
(6603, 2, 2119, 1),
(6602, 2, 2118, 1),
(6601, 2, 2117, 1),
(6600, 2, 2116, 1),
(6599, 2, 2115, 1),
(6598, 2, 2114, 1),
(6597, 2, 2113, 1),
(6596, 2, 2112, 1),
(6595, 2, 2111, 1),
(6594, 2, 2110, 1),
(8235, 3, 1335, 1),
(8234, 3, 1334, 1),
(8233, 3, 1333, 1),
(8232, 3, 1332, 1),
(8231, 3, 1331, 1),
(8230, 3, 1330, 1),
(9261, 3, 1621, 1),
(9260, 3, 2387, 1),
(9259, 3, 1708, 1),
(9258, 3, 1818, 1),
(9257, 3, 1707, 1),
(9256, 3, 1577, 1),
(9255, 3, 1132, 1),
(9254, 3, 1153, 1),
(9253, 3, 1727, 1),
(8229, 3, 2193, 1),
(8228, 3, 1329, 1),
(8227, 3, 1328, 1),
(8226, 3, 1327, 1),
(8225, 3, 1326, 1),
(8224, 3, 1325, 1),
(8223, 3, 1324, 1),
(8222, 3, 1323, 1),
(8221, 3, 1322, 1),
(8220, 3, 1321, 1),
(8219, 3, 1320, 1),
(8218, 3, 2192, 1),
(8217, 3, 1319, 1),
(8216, 3, 1318, 1),
(8215, 3, 1317, 1),
(8214, 3, 1316, 1),
(8213, 3, 1315, 1),
(8212, 3, 1314, 1),
(8211, 3, 2191, 1),
(8210, 3, 1313, 1),
(8209, 3, 1312, 1),
(8208, 3, 2388, 1),
(8207, 3, 1849, 1),
(9252, 3, 2335, 1),
(8206, 3, 1848, 1),
(8205, 3, 1847, 1),
(8204, 3, 1846, 1),
(8203, 3, 2190, 1),
(8202, 3, 1845, 1),
(8201, 3, 1844, 1),
(8200, 3, 1843, 1),
(8199, 3, 2259, 1),
(8198, 3, 1842, 1),
(8197, 3, 1841, 1),
(8196, 3, 2189, 1),
(8195, 3, 1840, 1),
(8194, 3, 1839, 1),
(8193, 3, 1838, 1),
(8192, 3, 1565, 1),
(8191, 3, 1564, 1),
(8190, 3, 1563, 1),
(8189, 3, 1562, 1),
(8188, 3, 1561, 1),
(8187, 3, 2188, 1),
(8186, 3, 1560, 1),
(8185, 3, 1801, 1),
(8184, 3, 1800, 1),
(8183, 3, 1799, 1),
(8182, 3, 1798, 1),
(8181, 3, 1797, 1),
(8180, 3, 2187, 1),
(8179, 3, 1796, 1),
(9251, 3, 1154, 1),
(8178, 3, 1795, 1),
(8177, 3, 1559, 1),
(8176, 3, 2186, 1),
(8175, 3, 2185, 1),
(8174, 3, 2552, 1),
(8173, 3, 2551, 1),
(8172, 3, 2550, 1),
(8171, 3, 2549, 1),
(8170, 3, 2548, 1),
(8169, 3, 2547, 1),
(8168, 3, 2546, 1),
(8167, 3, 2545, 1),
(8166, 3, 2544, 1),
(8165, 3, 2543, 1),
(8164, 3, 2542, 1),
(8163, 3, 2541, 1),
(8162, 3, 2540, 1),
(8161, 3, 2539, 1),
(8160, 3, 2538, 1),
(8159, 3, 2537, 1),
(8158, 3, 2536, 1),
(8157, 3, 2535, 1),
(8156, 3, 2534, 1),
(8155, 3, 2533, 1),
(8154, 3, 2532, 1),
(8153, 3, 2531, 1),
(8152, 3, 2530, 1),
(8151, 3, 2529, 1),
(8150, 3, 2528, 1),
(8149, 3, 2527, 1),
(8148, 3, 2526, 1),
(8147, 3, 2525, 1),
(6541, 2, 1485, 1),
(6540, 2, 1484, 1),
(6539, 2, 1483, 1),
(6538, 2, 1482, 1),
(6537, 2, 1481, 1),
(6536, 2, 1480, 1),
(6535, 2, 1479, 1),
(6534, 2, 1478, 1),
(6533, 2, 1477, 1),
(6532, 2, 1476, 1),
(6531, 2, 1475, 1),
(6530, 2, 1474, 1),
(6529, 2, 1442, 1),
(6528, 2, 1441, 1),
(6527, 2, 1434, 1),
(6526, 2, 1433, 1),
(6525, 2, 1432, 1),
(6524, 2, 1440, 1),
(9250, 3, 1152, 1),
(9249, 3, 2364, 1),
(9248, 3, 1495, 1),
(6523, 2, 1439, 1),
(6522, 2, 1438, 1),
(6521, 2, 1437, 1),
(6520, 2, 1436, 1),
(6519, 2, 1435, 1),
(6518, 2, 1431, 1),
(6517, 2, 1668, 1),
(6516, 2, 1667, 1),
(6515, 2, 1666, 1),
(6514, 2, 1665, 1),
(6513, 2, 1664, 1),
(6512, 2, 1663, 1),
(6511, 2, 1662, 1),
(6510, 2, 1364, 1),
(6509, 2, 1363, 1),
(6508, 2, 1362, 1),
(6507, 2, 1361, 1),
(6506, 2, 1360, 1),
(6505, 2, 1359, 1),
(6504, 2, 1358, 1),
(6503, 2, 1357, 1),
(6502, 2, 1356, 1),
(6501, 2, 1355, 1),
(6500, 2, 1354, 1),
(6499, 2, 1353, 1),
(9247, 3, 1493, 1),
(9246, 3, 1794, 1),
(9245, 3, 1566, 1),
(9244, 3, 1430, 1),
(9243, 3, 2385, 1),
(6244, 1, 1393, 1),
(6245, 1, 1850, 1),
(6324, 2, 16, 1),
(6325, 2, 15, 1),
(6326, 2, 1573, 1),
(6327, 2, 1155, 1),
(6328, 2, 5, 1),
(6329, 2, 19, 1),
(6330, 2, 18, 1),
(6331, 2, 1063, 1),
(6332, 2, 1276, 1),
(6333, 2, 1277, 1),
(6334, 2, 1278, 1),
(6335, 2, 3, 1),
(6336, 2, 1555, 1),
(6337, 2, 1556, 1),
(6338, 2, 1557, 1),
(6498, 2, 1352, 1),
(6497, 2, 1351, 1),
(6496, 2, 1350, 1),
(6495, 2, 1349, 1),
(6494, 2, 1348, 1),
(6493, 2, 1347, 1),
(6492, 2, 1346, 1),
(6491, 2, 1345, 1),
(6490, 2, 1344, 1),
(6489, 2, 1343, 1),
(6488, 2, 1342, 1),
(6487, 2, 1341, 1),
(6486, 2, 1340, 1),
(6485, 2, 1339, 1),
(6484, 2, 1338, 1),
(6483, 2, 1337, 1),
(6482, 2, 1336, 1),
(6481, 2, 1335, 1),
(6480, 2, 1334, 1),
(6479, 2, 1333, 1),
(6478, 2, 1332, 1),
(6477, 2, 1331, 1),
(6476, 2, 1330, 1),
(6475, 2, 1329, 1),
(6474, 2, 1328, 1),
(6473, 2, 1327, 1),
(6472, 2, 1326, 1),
(6471, 2, 1325, 1),
(6470, 2, 1324, 1),
(6469, 2, 1323, 1),
(6468, 2, 1322, 1),
(6467, 2, 1321, 1),
(6466, 2, 1320, 1),
(6465, 2, 1319, 1),
(6464, 2, 1318, 1),
(6463, 2, 1317, 1),
(6462, 2, 1316, 1),
(6461, 2, 1315, 1),
(6460, 2, 1314, 1),
(6459, 2, 1313, 1),
(6458, 2, 1312, 1),
(6457, 2, 1849, 1),
(6456, 2, 1848, 1),
(6455, 2, 1847, 1),
(6454, 2, 1846, 1),
(6453, 2, 1845, 1),
(6452, 2, 1844, 1),
(6451, 2, 1843, 1),
(6450, 2, 1842, 1),
(6449, 2, 1841, 1),
(6448, 2, 1840, 1),
(6447, 2, 1839, 1),
(6446, 2, 1838, 1),
(9242, 3, 2386, 1),
(9241, 3, 2384, 1),
(9240, 3, 1472, 1),
(7144, 3, 2325, 1),
(9239, 3, 1473, 1),
(9238, 3, 1471, 1),
(9237, 3, 1452, 1),
(9236, 3, 2822, 1),
(9235, 3, 2823, 1),
(9234, 3, 2821, 1),
(9233, 3, 1517, 1),
(9232, 3, 1871, 1),
(9231, 3, 1516, 1),
(6432, 2, 1565, 1),
(6431, 2, 1564, 1),
(6430, 2, 1563, 1),
(6429, 2, 1562, 1),
(6428, 2, 1561, 1),
(6427, 2, 1560, 1),
(6426, 2, 1801, 1),
(6425, 2, 1800, 1),
(6424, 2, 1799, 1),
(6423, 2, 1798, 1),
(6422, 2, 1797, 1),
(6421, 2, 1796, 1),
(6420, 2, 1795, 1),
(6419, 2, 1559, 1),
(9230, 3, 2825, 1),
(6933, 2, 2184, 1),
(6934, 2, 2185, 1),
(6935, 2, 2186, 1),
(6936, 2, 2187, 1),
(6937, 2, 2188, 1),
(6938, 2, 2189, 1),
(6939, 2, 2190, 1),
(6940, 2, 2191, 1),
(6941, 2, 2192, 1),
(6942, 2, 2193, 1),
(6943, 2, 2194, 1),
(6944, 2, 2195, 1),
(6945, 2, 2196, 1),
(6946, 2, 2197, 1),
(6947, 2, 2198, 1),
(6948, 2, 2199, 1),
(6949, 2, 2200, 1),
(6950, 2, 2201, 1),
(6951, 2, 2202, 1),
(6952, 2, 2203, 1),
(6953, 2, 2204, 1),
(6954, 2, 2205, 1),
(9229, 3, 2819, 1),
(9228, 3, 2818, 1),
(9227, 3, 2817, 1),
(6958, 2, 2209, 1),
(6959, 2, 2210, 1),
(6960, 2, 2211, 1),
(6961, 2, 2212, 1),
(6962, 2, 2213, 1),
(6963, 2, 2214, 1),
(6964, 2, 2215, 1),
(6965, 2, 2216, 1),
(6966, 2, 2217, 1),
(6967, 2, 2218, 1),
(6968, 2, 2219, 1),
(9226, 3, 2815, 1),
(9225, 3, 2816, 1),
(6971, 2, 2222, 1),
(6972, 2, 2223, 1),
(6973, 2, 2224, 1),
(6974, 2, 2225, 1),
(6975, 2, 2226, 1),
(6976, 2, 2227, 1),
(6977, 2, 2228, 1),
(6978, 2, 2229, 1),
(6979, 2, 2230, 1),
(6980, 2, 2231, 1),
(6981, 2, 2232, 1),
(6982, 2, 2233, 1),
(6983, 2, 2234, 1),
(6984, 2, 2235, 1),
(6985, 2, 2236, 1),
(6986, 2, 2237, 1),
(6987, 2, 2238, 1),
(9224, 3, 2813, 1),
(9223, 3, 2814, 1),
(9222, 3, 2811, 1),
(9221, 3, 2812, 1),
(6992, 2, 2243, 1),
(6993, 2, 2244, 1),
(9220, 3, 2810, 1),
(9219, 3, 2258, 1),
(6996, 2, 2247, 1),
(9218, 3, 1444, 1),
(9217, 3, 1443, 1),
(6999, 2, 2250, 1),
(7000, 2, 2251, 1),
(7001, 2, 2252, 1),
(9216, 3, 1422, 1),
(7083, 2, 2334, 1),
(7004, 2, 2255, 1),
(7005, 2, 2256, 1),
(7006, 2, 2257, 1),
(7007, 2, 2258, 1),
(7008, 2, 2259, 1),
(7009, 2, 2260, 1),
(7010, 2, 2261, 1),
(7011, 2, 2262, 1),
(7012, 2, 2263, 1),
(7013, 2, 2264, 1),
(7014, 2, 2265, 1),
(7015, 2, 2266, 1),
(7016, 2, 2267, 1),
(7017, 2, 2268, 1),
(7018, 2, 2269, 1),
(7019, 2, 2270, 1),
(7020, 2, 2271, 1),
(7021, 2, 2272, 1),
(7022, 2, 2273, 1),
(7023, 2, 2274, 1),
(7024, 2, 2275, 1),
(7025, 2, 2276, 1),
(7026, 2, 2277, 1),
(7027, 2, 2278, 1),
(7028, 2, 2279, 1),
(7029, 2, 2280, 1),
(7030, 2, 2281, 1),
(7031, 2, 2282, 1),
(7032, 2, 2283, 1),
(7033, 2, 2284, 1),
(7034, 2, 2285, 1),
(7035, 2, 2286, 1),
(7036, 2, 2287, 1),
(7037, 2, 2288, 1),
(7038, 2, 2289, 1),
(7039, 2, 2290, 1),
(7040, 2, 2291, 1),
(7041, 2, 2292, 1),
(7042, 2, 2293, 1),
(7043, 2, 2294, 1),
(7044, 2, 2295, 1),
(7045, 2, 2296, 1),
(7046, 2, 2297, 1),
(7047, 2, 2298, 1),
(7048, 2, 2299, 1),
(7049, 2, 2300, 1),
(7050, 2, 2301, 1),
(7051, 2, 2302, 1),
(7052, 2, 2303, 1),
(7053, 2, 2304, 1),
(7054, 2, 2305, 1),
(7055, 2, 2306, 1),
(7056, 2, 2307, 1),
(7057, 2, 2308, 1),
(7058, 2, 2309, 1),
(7059, 2, 2310, 1),
(7060, 2, 2311, 1),
(7061, 2, 2312, 1),
(7062, 2, 2313, 1),
(7063, 2, 2314, 1),
(7064, 2, 2315, 1),
(7065, 2, 2316, 1),
(7066, 2, 2317, 1),
(7067, 2, 2318, 1),
(7068, 2, 2319, 1),
(7069, 2, 2320, 1),
(7070, 2, 2321, 1),
(7071, 2, 2322, 1),
(7072, 2, 2323, 1),
(7073, 2, 2324, 1),
(7074, 2, 2325, 1),
(7075, 2, 2326, 1),
(7076, 2, 2327, 1),
(7077, 2, 2328, 1),
(7078, 2, 2329, 1),
(7079, 2, 2330, 1),
(7080, 2, 2331, 1),
(7081, 2, 2332, 1),
(7082, 2, 2333, 1),
(7564, 2, 2336, 1),
(7565, 2, 2337, 1),
(7566, 2, 2338, 1),
(7567, 2, 2339, 1),
(7568, 2, 2340, 1),
(7569, 2, 2341, 1),
(7570, 2, 2342, 1),
(7571, 2, 2343, 1),
(7572, 2, 2344, 1),
(7573, 2, 2345, 1),
(7574, 2, 2346, 1),
(7575, 2, 2347, 1),
(7576, 2, 2348, 1),
(7577, 2, 2349, 1),
(7578, 2, 2350, 1),
(7579, 2, 2351, 1),
(7580, 2, 2352, 1),
(7581, 2, 2353, 1),
(7582, 2, 2354, 1),
(7583, 2, 2355, 1),
(7584, 2, 2356, 1),
(7585, 2, 2357, 1),
(7586, 2, 2358, 1),
(7587, 2, 2359, 1),
(7588, 2, 2360, 1),
(7589, 2, 2361, 1),
(7590, 2, 2362, 1),
(7591, 2, 2363, 1),
(7592, 2, 2364, 1),
(7593, 2, 2365, 1),
(7594, 2, 2366, 1),
(7595, 2, 2367, 1),
(7596, 2, 2368, 1),
(7597, 2, 2369, 1),
(7598, 2, 2370, 1),
(7599, 2, 2371, 1),
(7600, 2, 2372, 1),
(7601, 2, 2373, 1),
(7602, 2, 2374, 1),
(7603, 2, 2375, 1),
(7604, 2, 2376, 1),
(7605, 2, 2377, 1),
(7606, 2, 2378, 1),
(7607, 2, 2379, 1),
(7608, 2, 2380, 1),
(7609, 2, 2381, 1),
(7610, 2, 2382, 1),
(7611, 2, 2383, 1),
(7612, 2, 2384, 1),
(7613, 2, 2385, 1),
(7614, 2, 2386, 1),
(7615, 2, 2387, 1),
(7616, 2, 2388, 1),
(7617, 2, 2389, 1),
(7618, 2, 2390, 1),
(7619, 2, 2391, 1),
(7620, 2, 2392, 1),
(7621, 2, 2393, 1),
(7622, 2, 2394, 1),
(7623, 2, 2395, 1),
(7624, 2, 2396, 1),
(7625, 2, 2397, 1),
(7626, 2, 2398, 1),
(7627, 2, 2399, 1),
(7628, 2, 2400, 1),
(7629, 2, 2401, 1),
(7630, 2, 2402, 1),
(7631, 2, 2403, 1),
(7632, 2, 2404, 1),
(7633, 2, 2405, 1),
(7634, 2, 2406, 1),
(7635, 2, 2407, 1),
(7636, 2, 2408, 1),
(7637, 2, 2409, 1),
(7638, 2, 2410, 1),
(7639, 2, 2411, 1),
(7640, 2, 2412, 1),
(7641, 2, 2413, 1),
(7642, 2, 2414, 1),
(7643, 2, 2415, 1),
(7644, 2, 2416, 1),
(7645, 2, 2417, 1),
(7646, 2, 2418, 1),
(7647, 2, 2419, 1),
(7648, 2, 2420, 1),
(7649, 2, 2421, 1),
(7650, 2, 2422, 1),
(7651, 2, 2423, 1),
(7652, 2, 2424, 1),
(7653, 2, 2425, 1),
(7654, 2, 2426, 1),
(7655, 2, 2427, 1),
(7656, 2, 2428, 1),
(7657, 2, 2429, 1),
(7658, 2, 2430, 1),
(7659, 2, 2431, 1),
(7660, 2, 2432, 1),
(7661, 2, 2433, 1),
(7662, 2, 2434, 1),
(7663, 2, 2435, 1),
(7664, 2, 2436, 1),
(7665, 2, 2437, 1),
(7666, 2, 2438, 1),
(7667, 2, 2439, 1),
(7668, 2, 2440, 1),
(7669, 2, 2441, 1),
(7670, 2, 2442, 1),
(7671, 2, 2443, 1),
(7672, 2, 2444, 1),
(7673, 2, 2445, 1),
(7674, 2, 2446, 1),
(7675, 2, 2447, 1),
(7676, 2, 2448, 1),
(7677, 2, 2449, 1),
(7678, 2, 2450, 1),
(7679, 2, 2451, 1),
(7680, 2, 2452, 1),
(7681, 2, 2453, 1),
(7682, 2, 2454, 1),
(7683, 2, 2455, 1),
(7684, 2, 2456, 1),
(7685, 2, 2457, 1),
(7686, 2, 2458, 1),
(7687, 2, 2459, 1),
(7688, 2, 2460, 1),
(7689, 2, 2461, 1),
(7690, 2, 2462, 1),
(7691, 2, 2463, 1),
(7692, 2, 2464, 1),
(7693, 2, 2465, 1),
(7694, 2, 2466, 1),
(7695, 2, 2467, 1),
(7696, 2, 2468, 1),
(7697, 2, 2469, 1),
(7698, 2, 2470, 1),
(7699, 2, 2471, 1),
(7700, 2, 2472, 1),
(7701, 2, 2473, 1),
(7702, 2, 2474, 1),
(7703, 2, 2475, 1),
(7704, 2, 2476, 1),
(7705, 2, 2477, 1),
(7706, 2, 2478, 1),
(7707, 2, 2479, 1),
(7708, 2, 2480, 1),
(7709, 2, 2481, 1),
(7710, 2, 2482, 1),
(7711, 2, 2483, 1),
(7712, 2, 2484, 1),
(7713, 2, 2485, 1),
(7714, 2, 2486, 1),
(7715, 2, 2487, 1),
(7716, 2, 2488, 1),
(7717, 2, 2489, 1),
(7718, 2, 2490, 1),
(7719, 2, 2491, 1),
(7720, 2, 2492, 1),
(7721, 2, 2493, 1),
(7722, 2, 2494, 1),
(7723, 2, 2495, 1),
(7724, 2, 2496, 1),
(7725, 2, 2497, 1),
(7726, 2, 2498, 1),
(7727, 2, 2499, 1),
(7728, 2, 2500, 1),
(7729, 2, 2501, 1),
(7730, 2, 2502, 1),
(7731, 2, 2503, 1),
(7732, 2, 2504, 1),
(7733, 2, 2505, 1),
(7734, 2, 2506, 1),
(7735, 2, 2507, 1),
(7736, 2, 2508, 1),
(7737, 2, 2509, 1),
(7738, 2, 2510, 1),
(7739, 2, 2511, 1),
(7740, 2, 2512, 1),
(7741, 2, 2513, 1),
(7742, 2, 2514, 1),
(7743, 2, 2515, 1),
(7744, 2, 2516, 1),
(7745, 2, 2517, 1),
(7746, 2, 2518, 1),
(7747, 2, 2519, 1),
(7748, 2, 2520, 1),
(7749, 2, 2521, 1),
(7750, 2, 2522, 1),
(7751, 2, 2523, 1),
(7752, 2, 2524, 1),
(7753, 2, 2525, 1),
(7754, 2, 2526, 1),
(7755, 2, 2527, 1),
(7756, 2, 2528, 1),
(7757, 2, 2529, 1),
(7758, 2, 2530, 1),
(7759, 2, 2531, 1),
(7760, 2, 2532, 1),
(7761, 2, 2533, 1),
(7762, 2, 2534, 1),
(7763, 2, 2535, 1),
(7764, 2, 2536, 1),
(7765, 2, 2537, 1),
(7766, 2, 2538, 1),
(7767, 2, 2539, 1),
(7768, 2, 2540, 1),
(7769, 2, 2541, 1),
(7770, 2, 2542, 1),
(7771, 2, 2543, 1),
(7772, 2, 2544, 1),
(7773, 2, 2545, 1),
(7774, 2, 2546, 1),
(7775, 2, 2547, 1),
(7776, 2, 2548, 1),
(7777, 2, 2549, 1),
(7778, 2, 2550, 1),
(7779, 2, 2551, 1),
(7780, 2, 2552, 1),
(7781, 2, 2553, 1),
(7782, 2, 2554, 1),
(7783, 2, 2555, 1),
(7784, 2, 2556, 1),
(7785, 2, 2557, 1),
(7786, 2, 2558, 1),
(7787, 2, 2559, 1),
(7788, 2, 2560, 1),
(7789, 2, 2561, 1),
(7790, 2, 2562, 1),
(7791, 2, 2563, 1),
(7792, 2, 2564, 1),
(7793, 2, 2565, 1),
(7794, 2, 2566, 1),
(7795, 2, 2567, 1),
(7796, 2, 2568, 1),
(7797, 2, 2569, 1),
(7798, 2, 2570, 1),
(7799, 2, 2571, 1),
(7800, 2, 2572, 1),
(7801, 2, 2573, 1),
(7802, 2, 2574, 1),
(7803, 2, 2575, 1),
(7804, 2, 2576, 1),
(7805, 2, 2577, 1),
(7806, 2, 2578, 1),
(7807, 2, 2579, 1),
(7808, 2, 2580, 1),
(7809, 2, 2581, 1),
(7810, 2, 2582, 1),
(7811, 2, 2583, 1),
(7812, 2, 2584, 1),
(7813, 2, 2585, 1),
(7814, 2, 2586, 1),
(7815, 2, 2587, 1),
(7816, 2, 2588, 1),
(7817, 2, 2589, 1),
(7818, 2, 2590, 1),
(7819, 2, 2591, 1),
(7820, 2, 2592, 1),
(7821, 2, 2593, 1),
(7822, 2, 2594, 1),
(7823, 2, 2595, 1),
(7824, 2, 2596, 1),
(7825, 2, 2597, 1),
(7826, 2, 2598, 1),
(7827, 2, 2599, 1),
(7828, 2, 2600, 1),
(7829, 2, 2601, 1),
(7830, 2, 2602, 1),
(7831, 2, 2603, 1),
(7832, 2, 2604, 1),
(7833, 2, 2605, 1),
(7834, 2, 2606, 1),
(7835, 2, 2607, 1),
(7836, 2, 2608, 1),
(7837, 2, 2609, 1),
(7838, 2, 2610, 1),
(7839, 2, 2611, 1),
(7840, 2, 2612, 1),
(7841, 2, 2613, 1),
(7842, 2, 2614, 1),
(7843, 2, 2615, 1),
(7844, 2, 2616, 1),
(7845, 2, 2617, 1),
(7846, 2, 2618, 1),
(7847, 2, 2619, 1),
(7848, 2, 2620, 1),
(7849, 2, 2621, 1),
(7850, 2, 2622, 1),
(7851, 2, 2623, 1),
(7852, 2, 2624, 1),
(7853, 2, 2625, 1),
(7854, 2, 2626, 1),
(7855, 2, 2627, 1),
(7856, 2, 2628, 1),
(7857, 2, 2629, 1),
(7858, 2, 2630, 1),
(7859, 2, 2631, 1),
(7860, 2, 2632, 1),
(7861, 2, 2633, 1),
(7862, 2, 2634, 1),
(7863, 2, 2635, 1),
(7864, 2, 2636, 1),
(7865, 2, 2637, 1),
(7866, 2, 2638, 1),
(7867, 2, 2639, 1),
(7868, 2, 2640, 1),
(7869, 2, 2641, 1),
(7870, 2, 2642, 1),
(7871, 2, 2643, 1),
(7872, 2, 2644, 1),
(7873, 2, 2645, 1),
(7874, 2, 2646, 1),
(7875, 2, 2647, 1),
(7876, 2, 2648, 1),
(7877, 2, 2649, 1),
(7878, 2, 2650, 1),
(7879, 2, 2651, 1),
(7880, 2, 2652, 1),
(7881, 2, 2653, 1),
(7882, 2, 2654, 1),
(7883, 2, 2655, 1),
(7884, 2, 2656, 1),
(7885, 2, 2657, 1),
(7886, 2, 2658, 1),
(7887, 2, 2659, 1),
(7888, 2, 2660, 1),
(7889, 2, 2661, 1),
(7890, 2, 2662, 1),
(7891, 2, 2663, 1),
(7892, 2, 2664, 1),
(7893, 2, 2665, 1),
(7894, 2, 2666, 1),
(7895, 2, 2667, 1),
(7896, 2, 2668, 1),
(7897, 2, 2669, 1),
(7898, 2, 2670, 1),
(7899, 2, 2671, 1),
(7900, 2, 2672, 1),
(7901, 2, 2673, 1),
(7902, 2, 2674, 1),
(7903, 2, 2675, 1),
(7904, 2, 2676, 1),
(7905, 2, 2677, 1),
(7906, 2, 2678, 1),
(7907, 2, 2679, 1),
(7908, 2, 2680, 1),
(7909, 2, 2681, 1),
(7910, 2, 2682, 1),
(7911, 2, 2683, 1),
(7912, 2, 2684, 1),
(7913, 2, 2685, 1),
(7914, 2, 2686, 1),
(7915, 2, 2687, 1),
(7916, 2, 2688, 1),
(7917, 2, 2689, 1),
(7918, 2, 2690, 1),
(7919, 2, 2691, 1),
(7920, 2, 2692, 1),
(7921, 2, 2693, 1),
(7922, 2, 2694, 1),
(7923, 2, 2695, 1),
(7924, 2, 2696, 1),
(7925, 2, 2697, 1),
(7926, 2, 2698, 1),
(7927, 2, 2699, 1),
(7928, 2, 2700, 1),
(7929, 2, 2701, 1),
(7930, 2, 2702, 1),
(7931, 2, 2703, 1),
(7932, 2, 2704, 1),
(7933, 2, 2705, 1),
(7934, 2, 2706, 1),
(7935, 2, 2707, 1),
(7936, 2, 2708, 1),
(7937, 2, 2709, 1),
(7938, 2, 2710, 1),
(7939, 2, 2711, 1),
(7940, 2, 2712, 1),
(7941, 2, 2713, 1),
(7942, 2, 2714, 1),
(7943, 2, 2715, 1),
(7944, 2, 2716, 1),
(7945, 2, 2717, 1),
(7946, 2, 2718, 1),
(7947, 2, 2719, 1),
(7948, 2, 2720, 1),
(7949, 2, 2721, 1),
(7950, 2, 2722, 1),
(7951, 2, 2723, 1),
(7952, 2, 2724, 1),
(7953, 2, 2725, 1),
(7954, 2, 2726, 1),
(7955, 2, 2727, 1),
(7956, 2, 2728, 1),
(7957, 2, 2729, 1),
(7958, 2, 2730, 1),
(7959, 2, 2731, 1),
(7960, 2, 2732, 1),
(7961, 2, 2733, 1),
(7962, 2, 2734, 1),
(7963, 2, 2735, 1),
(7964, 2, 2736, 1),
(7965, 2, 2737, 1),
(7966, 2, 2738, 1),
(7967, 2, 2739, 1),
(7968, 2, 2740, 1),
(7969, 2, 2741, 1),
(7970, 2, 2742, 1),
(7971, 2, 2743, 1),
(7972, 2, 2744, 1),
(7973, 2, 2745, 1),
(7974, 2, 2746, 1),
(7975, 2, 2747, 1),
(7976, 2, 2748, 1),
(7977, 2, 2749, 1),
(7978, 2, 2750, 1),
(7979, 2, 2751, 1),
(7980, 2, 2752, 1),
(7981, 2, 2753, 1),
(7982, 2, 2754, 1),
(7983, 2, 2755, 1),
(7984, 2, 2756, 1),
(7985, 2, 2757, 1),
(7986, 2, 2758, 1),
(7987, 2, 2759, 1),
(7988, 2, 2760, 1),
(7989, 2, 2761, 1),
(7990, 2, 2762, 1),
(7991, 2, 2763, 1),
(7992, 2, 2764, 1),
(7993, 2, 2765, 1),
(7994, 2, 2766, 1),
(7995, 2, 2767, 1),
(7996, 2, 2768, 1),
(7997, 2, 2769, 1),
(7998, 2, 2770, 1),
(7999, 2, 2771, 1),
(8000, 2, 2772, 1),
(8001, 2, 2773, 1),
(8002, 2, 2774, 1),
(8003, 2, 2775, 1),
(8004, 2, 2776, 1),
(8005, 2, 2777, 1),
(8006, 2, 2778, 1),
(8007, 2, 2779, 1),
(8008, 2, 2780, 1),
(8009, 2, 2781, 1),
(8010, 2, 2782, 1),
(8011, 2, 2783, 1),
(8012, 2, 2784, 1),
(8013, 2, 2785, 1),
(8014, 2, 2786, 1),
(8015, 2, 2787, 1),
(8016, 2, 2788, 1),
(8017, 2, 2789, 1),
(8018, 2, 2790, 1),
(8019, 2, 2791, 1),
(8020, 2, 2792, 1),
(8021, 2, 2793, 1),
(8022, 2, 2794, 1),
(8023, 2, 2795, 1),
(8024, 2, 2796, 1),
(8025, 2, 2797, 1),
(8026, 2, 2798, 1),
(8027, 2, 2799, 1),
(8028, 2, 2800, 1),
(8029, 2, 2801, 1),
(8030, 2, 2802, 1),
(8031, 2, 2803, 1),
(8032, 2, 2804, 1),
(8033, 2, 2805, 1),
(8034, 2, 2806, 1),
(8035, 2, 2807, 1),
(8036, 2, 2808, 1),
(8037, 2, 2809, 1),
(8038, 2, 2810, 1),
(8039, 2, 2811, 1),
(8040, 2, 2812, 1),
(8041, 2, 2813, 1),
(8042, 2, 2814, 1),
(8043, 2, 2815, 1),
(8044, 2, 2816, 1),
(8045, 2, 2817, 1),
(8046, 2, 2818, 1),
(8047, 2, 2819, 1),
(8048, 2, 2820, 1),
(8049, 2, 2821, 1),
(8050, 2, 2822, 1),
(8051, 2, 2823, 1),
(8052, 2, 2824, 1),
(8053, 2, 2825, 1),
(9215, 3, 2257, 1),
(9214, 3, 1421, 1),
(9213, 3, 49, 1),
(9212, 3, 2079, 1),
(9211, 3, 2078, 1),
(9210, 3, 2077, 1),
(9209, 3, 2076, 1),
(9208, 3, 2102, 1),
(9207, 3, 2101, 1),
(9206, 3, 2100, 1),
(9205, 3, 2083, 1),
(9204, 3, 2082, 1),
(9203, 3, 2081, 1),
(9202, 3, 2085, 1),
(9201, 3, 2084, 1),
(9200, 3, 2086, 1),
(9199, 3, 2080, 1),
(9198, 3, 2075, 1),
(9197, 3, 2322, 1),
(9196, 3, 1817, 1),
(9195, 3, 1816, 1),
(9194, 3, 1712, 1),
(9193, 3, 1131, 1),
(9192, 3, 1130, 1),
(8554, 3, 2658, 1),
(8555, 3, 2659, 1),
(8556, 3, 2660, 1),
(8557, 3, 2661, 1),
(8558, 3, 2662, 1),
(8559, 3, 2343, 1),
(8560, 3, 2344, 1),
(8561, 3, 2639, 1),
(8562, 3, 2554, 1),
(8563, 3, 2345, 1),
(8564, 3, 2663, 1),
(8565, 3, 2664, 1),
(8566, 3, 2665, 1),
(8567, 3, 2666, 1),
(8568, 3, 2667, 1),
(8569, 3, 2668, 1),
(8570, 3, 2669, 1),
(8571, 3, 2670, 1),
(8572, 3, 2671, 1),
(8573, 3, 2672, 1),
(8574, 3, 2673, 1),
(8575, 3, 2674, 1),
(8576, 3, 2675, 1),
(8577, 3, 2676, 1),
(8578, 3, 2677, 1),
(8579, 3, 2678, 1),
(8580, 3, 2679, 1),
(8581, 3, 2680, 1),
(8582, 3, 2681, 1),
(8583, 3, 2682, 1),
(8584, 3, 2683, 1),
(8585, 3, 2684, 1),
(8586, 3, 2685, 1),
(8587, 3, 2686, 1),
(8588, 3, 2687, 1),
(8589, 3, 2688, 1),
(8590, 3, 2689, 1),
(8591, 3, 2690, 1),
(8592, 3, 2691, 1),
(8593, 3, 2692, 1),
(8594, 3, 2411, 1),
(8595, 3, 2412, 1),
(8596, 3, 2413, 1),
(8597, 3, 2414, 1),
(8598, 3, 2415, 1),
(8599, 3, 2416, 1),
(8600, 3, 2417, 1),
(8601, 3, 2418, 1),
(8602, 3, 2419, 1),
(8603, 3, 2420, 1),
(8604, 3, 2421, 1),
(8605, 3, 2422, 1),
(8606, 3, 2423, 1),
(8607, 3, 2424, 1),
(8608, 3, 2425, 1),
(8609, 3, 2426, 1),
(8610, 3, 2427, 1),
(8611, 3, 2428, 1),
(8612, 3, 2429, 1),
(8613, 3, 2430, 1),
(8614, 3, 2431, 1),
(8615, 3, 2432, 1),
(8616, 3, 2433, 1),
(8617, 3, 2434, 1),
(8618, 3, 2435, 1),
(8619, 3, 2436, 1),
(8620, 3, 2437, 1),
(8621, 3, 2438, 1),
(8622, 3, 2439, 1),
(8623, 3, 2440, 1),
(8624, 3, 2441, 1),
(8625, 3, 2442, 1),
(8626, 3, 2443, 1),
(8627, 3, 2444, 1),
(8628, 3, 2445, 1),
(8629, 3, 2446, 1),
(8630, 3, 2447, 1),
(8631, 3, 2448, 1),
(8632, 3, 2449, 1),
(8633, 3, 2450, 1),
(8634, 3, 2451, 1),
(8635, 3, 2452, 1),
(8636, 3, 2453, 1),
(8637, 3, 2454, 1),
(8638, 3, 2455, 1),
(8639, 3, 2456, 1),
(8640, 3, 2457, 1),
(8641, 3, 2458, 1),
(8642, 3, 2459, 1),
(8643, 3, 2460, 1),
(8644, 3, 2461, 1),
(8645, 3, 2462, 1),
(8646, 3, 2463, 1),
(8647, 3, 2693, 1),
(8648, 3, 2694, 1),
(8649, 3, 2695, 1),
(8650, 3, 2696, 1),
(8651, 3, 2697, 1),
(8652, 3, 2698, 1),
(8653, 3, 2699, 1),
(8654, 3, 2700, 1),
(8655, 3, 2701, 1),
(8656, 3, 2702, 1),
(8657, 3, 2703, 1),
(8658, 3, 2704, 1),
(8659, 3, 2705, 1),
(8660, 3, 2706, 1),
(8661, 3, 1858, 1),
(8662, 3, 1859, 1),
(8663, 3, 1860, 1),
(8664, 3, 2222, 1),
(8665, 3, 1861, 1),
(8666, 3, 1862, 1),
(8667, 3, 1863, 1),
(8668, 3, 1864, 1),
(8669, 3, 1865, 1),
(8670, 3, 1866, 1),
(8671, 3, 2223, 1),
(8672, 3, 1867, 1),
(8673, 3, 1868, 1),
(8674, 3, 2334, 1),
(8675, 3, 1869, 1),
(8676, 3, 1870, 1),
(8677, 3, 1675, 1),
(8678, 3, 1676, 1),
(8679, 3, 2224, 1),
(8680, 3, 1677, 1),
(8681, 3, 1678, 1),
(8682, 3, 1679, 1),
(8683, 3, 1680, 1),
(8684, 3, 1681, 1),
(8685, 3, 1743, 1),
(8686, 3, 1744, 1),
(8687, 3, 1745, 1),
(8688, 3, 2225, 1),
(8689, 3, 1787, 1),
(8690, 3, 1746, 1),
(8691, 3, 1747, 1),
(8692, 3, 1748, 1),
(8693, 3, 2226, 1),
(8694, 3, 1749, 1),
(8695, 3, 1750, 1),
(8696, 3, 1751, 1),
(8697, 3, 1752, 1),
(8698, 3, 1753, 1),
(8699, 3, 1754, 1),
(8700, 3, 1755, 1),
(8701, 3, 1756, 1),
(8702, 3, 1757, 1),
(8703, 3, 2227, 1),
(8704, 3, 1758, 1),
(8705, 3, 1759, 1),
(8706, 3, 1760, 1),
(8707, 3, 1761, 1),
(8708, 3, 1762, 1),
(8709, 3, 1763, 1),
(8710, 3, 1764, 1),
(8711, 3, 1765, 1),
(8712, 3, 2228, 1),
(8713, 3, 1766, 1),
(8714, 3, 1767, 1),
(8715, 3, 1768, 1),
(8716, 3, 1769, 1),
(8717, 3, 1770, 1),
(8718, 3, 1771, 1),
(8719, 3, 1772, 1),
(8720, 3, 2229, 1),
(8721, 3, 1773, 1),
(8722, 3, 1774, 1),
(8723, 3, 1775, 1),
(8724, 3, 2230, 1),
(8725, 3, 1776, 1),
(8726, 3, 1777, 1),
(8727, 3, 1778, 1),
(8728, 3, 1779, 1),
(8729, 3, 1780, 1),
(8730, 3, 1781, 1),
(8731, 3, 1782, 1),
(8732, 3, 2707, 1),
(8733, 3, 2708, 1),
(8734, 3, 2709, 1),
(8735, 3, 2710, 1),
(8736, 3, 2711, 1),
(8737, 3, 2712, 1),
(8738, 3, 2713, 1),
(8739, 3, 1445, 1),
(8740, 3, 2464, 1),
(8741, 3, 2465, 1),
(8742, 3, 2231, 1),
(8743, 3, 2466, 1),
(8744, 3, 2467, 1),
(8745, 3, 1446, 1),
(8746, 3, 2468, 1),
(8747, 3, 2469, 1),
(8748, 3, 1447, 1),
(8749, 3, 2232, 1),
(8750, 3, 1448, 1),
(8751, 3, 1449, 1),
(8752, 3, 1450, 1),
(8753, 3, 2470, 1),
(8754, 3, 2471, 1),
(8755, 3, 2233, 1),
(8756, 3, 2472, 1),
(8757, 3, 2473, 1),
(8758, 3, 2474, 1),
(8759, 3, 2475, 1),
(8760, 3, 1451, 1),
(8761, 3, 1371, 1),
(8762, 3, 1518, 1),
(8763, 3, 1519, 1),
(8764, 3, 1520, 1),
(8765, 3, 2234, 1),
(8766, 3, 1521, 1),
(8767, 3, 1522, 1),
(8768, 3, 1530, 1),
(8769, 3, 1523, 1),
(8770, 3, 1524, 1),
(8771, 3, 1525, 1),
(8772, 3, 2235, 1),
(8773, 3, 1526, 1),
(8774, 3, 1527, 1),
(8775, 3, 1528, 1),
(8776, 3, 1529, 1),
(8777, 3, 2714, 1),
(8778, 3, 2715, 1),
(8779, 3, 2716, 1),
(8780, 3, 2717, 1),
(8781, 3, 2718, 1),
(8782, 3, 2719, 1),
(8783, 3, 2720, 1),
(8784, 3, 1453, 1),
(8785, 3, 1454, 1),
(8786, 3, 2236, 1),
(8787, 3, 1455, 1),
(8788, 3, 1456, 1),
(8789, 3, 1457, 1),
(8790, 3, 1458, 1),
(8791, 3, 1459, 1),
(8792, 3, 1460, 1),
(8793, 3, 2237, 1),
(8794, 3, 1461, 1),
(8795, 3, 1462, 1),
(8796, 3, 2275, 1),
(8797, 3, 1463, 1),
(8798, 3, 1464, 1),
(8799, 3, 1465, 1),
(8800, 3, 1466, 1),
(8801, 3, 2238, 1),
(8802, 3, 1467, 1),
(8803, 3, 1468, 1),
(8804, 3, 1575, 1),
(8805, 3, 1469, 1),
(8806, 3, 1802, 1),
(8807, 3, 2276, 1),
(8808, 3, 1470, 1),
(8809, 3, 1372, 1),
(8810, 3, 2346, 1),
(8811, 3, 2368, 1),
(8812, 3, 2369, 1),
(8813, 3, 2365, 1),
(8814, 3, 2366, 1),
(8815, 3, 2370, 1),
(8816, 3, 2367, 1),
(8817, 3, 2371, 1),
(8818, 3, 2372, 1),
(8819, 3, 2602, 1),
(8820, 3, 2374, 1),
(8821, 3, 2376, 1),
(8822, 3, 2377, 1),
(8823, 3, 2375, 1),
(8824, 3, 2373, 1),
(8825, 3, 2378, 1),
(8826, 3, 2379, 1),
(8827, 3, 2381, 1),
(8828, 3, 2382, 1),
(8829, 3, 2383, 1),
(8830, 3, 2380, 1),
(8831, 3, 1373, 1),
(8832, 3, 1374, 1),
(8833, 3, 1423, 1),
(8834, 3, 1424, 1),
(8835, 3, 2243, 1),
(8836, 3, 1425, 1),
(8837, 3, 1426, 1),
(8838, 3, 1427, 1),
(8839, 3, 1428, 1),
(8840, 3, 1429, 1),
(8841, 3, 2476, 1),
(8842, 3, 2477, 1),
(8843, 3, 2244, 1),
(8844, 3, 2478, 1),
(8845, 3, 2479, 1),
(8846, 3, 2480, 1),
(8847, 3, 2481, 1),
(8848, 3, 1375, 1),
(8849, 3, 1376, 1),
(8850, 3, 2721, 1),
(8851, 3, 2722, 1),
(8852, 3, 2723, 1),
(8853, 3, 2724, 1),
(8854, 3, 2725, 1),
(8855, 3, 2726, 1),
(8856, 3, 2727, 1),
(8857, 3, 2728, 1),
(8858, 3, 2729, 1),
(8859, 3, 2730, 1),
(8860, 3, 2731, 1),
(8861, 3, 2732, 1),
(8862, 3, 2733, 1),
(8863, 3, 2734, 1),
(8864, 3, 2735, 1),
(8865, 3, 2736, 1),
(8866, 3, 2737, 1),
(8867, 3, 2738, 1),
(8868, 3, 2739, 1),
(8869, 3, 2740, 1),
(8870, 3, 2741, 1),
(8871, 3, 2742, 1),
(8872, 3, 2743, 1),
(8873, 3, 2744, 1),
(8874, 3, 2745, 1),
(8875, 3, 2746, 1),
(8876, 3, 2747, 1),
(8877, 3, 2748, 1),
(8878, 3, 2749, 1),
(8879, 3, 2750, 1),
(8880, 3, 2751, 1),
(8881, 3, 2752, 1),
(8882, 3, 2753, 1),
(8883, 3, 2754, 1),
(8884, 3, 2755, 1),
(8885, 3, 2756, 1),
(8886, 3, 2757, 1),
(8887, 3, 2758, 1),
(8888, 3, 2759, 1),
(8889, 3, 2760, 1),
(8890, 3, 2761, 1),
(8891, 3, 2762, 1),
(8892, 3, 2763, 1),
(8893, 3, 2764, 1),
(8894, 3, 2765, 1),
(8895, 3, 2766, 1),
(8896, 3, 2767, 1),
(8897, 3, 2768, 1),
(8898, 3, 2769, 1),
(8899, 3, 2770, 1),
(8900, 3, 2771, 1),
(8901, 3, 2772, 1),
(8902, 3, 2773, 1),
(8903, 3, 2774, 1),
(8904, 3, 2775, 1),
(8905, 3, 2776, 1),
(8906, 3, 2777, 1),
(8907, 3, 2778, 1),
(8908, 3, 2779, 1),
(8909, 3, 2780, 1),
(8910, 3, 2781, 1),
(8911, 3, 2782, 1),
(8912, 3, 2783, 1),
(8913, 3, 2784, 1),
(8914, 3, 1486, 1),
(8915, 3, 1487, 1),
(8916, 3, 2247, 1),
(8917, 3, 1488, 1),
(8918, 3, 1489, 1),
(8919, 3, 1490, 1),
(8920, 3, 1491, 1),
(8921, 3, 2277, 1),
(8922, 3, 1492, 1),
(8923, 3, 2347, 1),
(8924, 3, 2348, 1),
(8925, 3, 2482, 1),
(8926, 3, 2349, 1),
(8927, 3, 2350, 1),
(8928, 3, 2351, 1),
(8929, 3, 2352, 1),
(8930, 3, 2250, 1),
(8931, 3, 1396, 1),
(8932, 3, 2483, 1),
(8933, 3, 1397, 1),
(8934, 3, 1398, 1),
(8935, 3, 1399, 1),
(8936, 3, 1400, 1),
(8937, 3, 1401, 1),
(8938, 3, 1402, 1),
(8939, 3, 1701, 1),
(8940, 3, 1702, 1),
(8941, 3, 2251, 1),
(8942, 3, 1703, 1),
(8943, 3, 1704, 1),
(8944, 3, 1705, 1),
(8945, 3, 1706, 1),
(8946, 3, 1403, 1),
(8947, 3, 2184, 1),
(8948, 3, 1404, 1),
(8949, 3, 1405, 1),
(8950, 3, 1406, 1),
(8951, 3, 1407, 1),
(8952, 3, 1888, 1),
(8953, 3, 1889, 1),
(8954, 3, 2252, 1),
(8955, 3, 1890, 1),
(8956, 3, 1891, 1),
(8957, 3, 1892, 1),
(8958, 3, 1893, 1),
(8959, 3, 1894, 1),
(8960, 3, 2299, 1),
(8961, 3, 2300, 1),
(8962, 3, 2301, 1),
(8963, 3, 2302, 1),
(8964, 3, 2303, 1),
(8965, 3, 2304, 1),
(8966, 3, 2305, 1),
(8967, 3, 2353, 1),
(8968, 3, 2354, 1),
(8969, 3, 2484, 1),
(8970, 3, 2485, 1),
(8971, 3, 2486, 1),
(8972, 3, 2487, 1),
(8973, 3, 2488, 1),
(8974, 3, 2489, 1),
(8975, 3, 2490, 1),
(8976, 3, 2491, 1),
(8977, 3, 2492, 1),
(8978, 3, 2493, 1),
(8979, 3, 2494, 1),
(8980, 3, 2495, 1),
(8981, 3, 2496, 1),
(8982, 3, 2497, 1),
(8983, 3, 2498, 1),
(8984, 3, 2499, 1),
(8985, 3, 2500, 1),
(8986, 3, 2501, 1),
(8987, 3, 2502, 1),
(8988, 3, 2503, 1),
(8989, 3, 2504, 1),
(8990, 3, 2505, 1),
(8991, 3, 2506, 1),
(8992, 3, 2507, 1),
(8993, 3, 2508, 1),
(8994, 3, 2509, 1),
(8995, 3, 2510, 1),
(8996, 3, 2511, 1),
(8997, 3, 2512, 1),
(8998, 3, 2513, 1),
(8999, 3, 2514, 1),
(9000, 3, 2515, 1),
(9001, 3, 2516, 1),
(9002, 3, 2517, 1),
(9003, 3, 2518, 1),
(9004, 3, 2519, 1),
(9005, 3, 2520, 1),
(9006, 3, 2521, 1),
(9007, 3, 1377, 1),
(9008, 3, 1378, 1),
(9009, 3, 1379, 1),
(9010, 3, 1380, 1),
(9011, 3, 1381, 1),
(9012, 3, 1382, 1),
(9013, 3, 1383, 1),
(9014, 3, 2785, 1),
(9015, 3, 2786, 1),
(9016, 3, 2787, 1),
(9017, 3, 2788, 1),
(9018, 3, 2789, 1),
(9019, 3, 2790, 1),
(9020, 3, 2791, 1),
(9021, 3, 2792, 1),
(9022, 3, 1384, 1),
(9023, 3, 1385, 1),
(9024, 3, 2255, 1),
(9025, 3, 1386, 1),
(9026, 3, 1387, 1),
(9027, 3, 2256, 1),
(9028, 3, 1388, 1),
(9029, 3, 2522, 1),
(9030, 3, 1389, 1),
(9031, 3, 1390, 1),
(9032, 3, 1391, 1),
(9033, 3, 1574, 1),
(9034, 3, 1392, 1),
(9035, 3, 1393, 1),
(9036, 3, 1394, 1),
(9037, 3, 2327, 1),
(9038, 3, 2328, 1),
(9039, 3, 2329, 1),
(9040, 3, 2330, 1),
(9041, 3, 2331, 1),
(9042, 3, 2332, 1),
(9043, 3, 2333, 1),
(9044, 3, 1558, 1),
(9045, 3, 2523, 1),
(9046, 3, 2555, 1),
(9047, 3, 2556, 1),
(9048, 3, 2557, 1),
(9049, 3, 2558, 1),
(9050, 3, 2559, 1),
(9051, 3, 2560, 1),
(9052, 3, 2561, 1),
(9053, 3, 2562, 1),
(9054, 3, 2563, 1),
(9055, 3, 2564, 1),
(9056, 3, 2565, 1),
(9057, 3, 2566, 1),
(9058, 3, 2567, 1),
(9059, 3, 2568, 1),
(9060, 3, 2569, 1),
(9061, 3, 1850, 1),
(9062, 3, 2355, 1),
(9063, 3, 2356, 1),
(9064, 3, 2357, 1),
(9065, 3, 2358, 1),
(9066, 3, 2359, 1),
(9067, 3, 2793, 1),
(9068, 3, 2794, 1),
(9069, 3, 2795, 1),
(9070, 3, 2796, 1),
(9071, 3, 2797, 1),
(9072, 3, 2798, 1),
(9073, 3, 2799, 1),
(9074, 3, 2360, 1),
(9075, 3, 2361, 1),
(9076, 3, 2362, 1),
(9077, 3, 2363, 1),
(9078, 3, 2800, 1),
(9079, 3, 2278, 1),
(9080, 3, 2279, 1),
(9081, 3, 2280, 1),
(9082, 3, 2281, 1),
(9083, 3, 2282, 1),
(9084, 3, 2283, 1),
(9085, 3, 2284, 1),
(9086, 3, 2285, 1),
(9087, 3, 2286, 1),
(9088, 3, 2287, 1),
(9089, 3, 2288, 1),
(9090, 3, 2289, 1),
(9091, 3, 2290, 1),
(9092, 3, 2291, 1),
(9093, 3, 2292, 1),
(9094, 3, 2571, 1),
(9095, 2, 2826, 1),
(9096, 2, 2827, 1),
(9097, 2, 2828, 1),
(9098, 2, 2829, 1),
(9099, 2, 2830, 1),
(9100, 2, 2831, 1),
(9101, 2, 2832, 1),
(9102, 2, 2833, 1);

-- --------------------------------------------------------

--
-- Estrutura da tabela `tb_app_componente_regra`
--

CREATE TABLE IF NOT EXISTS `tb_app_componente_regra` (
  `id_app_componente_regra` bigint(20) NOT NULL DEFAULT '0',
  `identificador` varchar(50) DEFAULT NULL,
  `descricao` varchar(50) DEFAULT NULL
) ENGINE=MyISAM DEFAULT CHARSET=latin1;

-- --------------------------------------------------------

--
-- Estrutura da tabela `tb_app_logon`
--

CREATE TABLE IF NOT EXISTS `tb_app_logon` (
  `id_app_logon` bigint(20) NOT NULL,
  `id_app_usuario` bigint(20) DEFAULT NULL,
  `datahora_login` datetime DEFAULT NULL,
  `datahora_logout` datetime DEFAULT NULL,
  `ip` varchar(20) DEFAULT NULL
) ENGINE=MyISAM AUTO_INCREMENT=63 DEFAULT CHARSET=latin1;

--
-- Extraindo dados da tabela `tb_app_logon`
--

INSERT INTO `tb_app_logon` (`id_app_logon`, `id_app_usuario`, `datahora_login`, `datahora_logout`, `ip`) VALUES
(1, 1, '2015-03-17 21:16:51', '2015-03-17 21:16:51', '127.0.0.1'),
(2, 1, '2015-03-17 21:17:47', '2015-03-17 21:17:47', '127.0.0.1'),
(3, 1, '2015-04-07 20:32:12', '2015-04-07 20:32:12', '127.0.0.1'),
(4, 1, '2015-04-08 09:15:02', '2015-04-08 09:15:02', '127.0.0.1'),
(5, 1, '2015-04-08 09:51:39', '2015-04-08 09:51:39', '127.0.0.1'),
(6, 1, '2015-04-08 15:12:42', '2015-04-08 15:12:42', '127.0.0.1'),
(7, 1, '2015-04-08 20:35:40', '2015-04-08 20:35:40', '127.0.0.1'),
(8, 1, '2015-04-09 10:13:38', '2015-04-09 10:13:38', '127.0.0.1'),
(9, 1, '2015-04-09 14:37:25', '2015-04-09 14:37:25', '127.0.0.1'),
(10, 1, '2015-04-10 16:04:53', '2015-04-10 16:04:53', '127.0.0.1'),
(11, 1, '2015-04-11 14:21:20', '2015-04-11 14:21:20', '127.0.0.1'),
(12, 1, '2015-04-11 19:05:23', '2015-04-11 19:05:23', '127.0.0.1'),
(13, 1, '2015-04-12 09:57:19', '2015-04-12 09:57:19', '127.0.0.1'),
(14, 1, '2015-04-13 08:53:16', '2015-04-13 08:53:16', '127.0.0.1'),
(15, 1, '2015-04-13 11:33:05', '2015-04-13 11:33:05', '127.0.0.1'),
(16, 1, '2015-04-13 20:46:40', '2015-04-13 20:46:40', '127.0.0.1'),
(17, 1, '2015-04-14 10:28:50', '2015-04-14 10:28:50', '127.0.0.1'),
(18, 1, '2015-04-14 10:45:42', '2015-04-14 10:45:42', '127.0.0.1'),
(19, 1, '2015-04-15 20:51:26', '2015-04-15 20:51:26', '127.0.0.1'),
(20, 1, '2015-04-20 09:32:40', '2015-04-20 09:32:40', '127.0.0.1'),
(21, 1, '2015-04-22 15:16:43', '2015-04-22 15:16:43', '177.126.89.13'),
(22, 1, '2015-06-01 17:53:29', '2015-06-01 17:53:29', '177.126.89.13'),
(23, 1, '2015-06-17 11:02:53', '2015-06-17 11:02:53', '177.126.89.13'),
(24, 22, '2015-07-23 14:39:00', '2015-07-23 14:39:00', '200.214.191.220'),
(25, 1, '2015-09-14 09:35:01', '2015-09-14 09:35:01', '179.155.150.211'),
(26, 1, '2015-11-25 11:35:10', '2015-11-25 11:35:10', '179.155.159.143'),
(27, 1, '2016-12-16 11:42:01', '2016-12-16 11:42:01', '177.126.89.13'),
(28, 24, '2016-12-16 14:27:37', '2016-12-16 14:27:37', '177.126.89.13'),
(29, 1, '2017-02-20 16:10:09', '2017-02-20 16:10:09', '179.155.143.116'),
(30, 21, '2017-02-20 17:31:39', '2017-02-20 17:31:39', '179.155.143.116'),
(31, 25, '2017-02-22 09:05:50', '2017-02-22 09:05:50', '177.126.89.13'),
(32, 25, '2017-03-01 16:03:04', '2017-03-01 16:03:04', '177.126.89.13'),
(33, 25, '2017-03-20 10:57:38', '2017-03-20 10:57:38', '177.126.89.13'),
(34, 25, '2017-03-20 16:04:59', '2017-03-20 16:04:59', '177.126.89.13'),
(35, 25, '2017-06-05 16:37:05', '2017-06-05 16:37:05', '177.126.89.13'),
(36, 21, '2018-01-29 15:02:40', '2018-01-29 15:02:40', '179.155.152.26'),
(37, 21, '2018-01-29 15:49:19', '2018-01-29 15:49:19', '179.155.152.26'),
(38, 21, '2018-02-06 15:55:07', '2018-02-06 15:55:07', '179.155.152.26'),
(39, 21, '2018-02-14 10:59:40', '2018-02-14 10:59:40', '179.155.152.26'),
(40, 21, '2018-02-15 11:10:48', '2018-02-15 11:10:48', '179.155.152.26'),
(41, 21, '2018-02-20 09:20:29', '2018-02-20 09:20:29', '179.155.152.26'),
(42, 21, '2018-02-22 10:51:36', '2018-02-22 10:51:36', '200.241.35.4'),
(43, 21, '2018-02-22 12:18:00', '2018-02-22 12:18:00', '200.241.35.4'),
(44, 21, '2018-02-22 13:02:16', '2018-02-22 13:02:16', '200.241.35.4'),
(45, 21, '2018-02-22 15:19:30', '2018-02-22 15:19:30', '200.241.35.4'),
(46, 27, '2018-02-22 15:20:44', '2018-02-22 15:20:44', '200.241.35.4'),
(47, 28, '2018-02-22 15:26:03', '2018-02-22 15:26:03', '200.241.35.4'),
(48, 26, '2018-02-22 15:41:07', '2018-02-22 15:41:07', '200.241.35.4'),
(49, 29, '2018-02-22 15:46:07', '2018-02-22 15:46:07', '200.241.35.4'),
(50, 22, '2018-02-22 15:52:45', '2018-02-22 15:52:45', '200.241.35.4'),
(51, 26, '2018-02-22 18:28:50', '2018-02-22 18:28:50', '200.241.35.4'),
(52, 29, '2018-02-22 18:39:47', '2018-02-22 18:39:47', '200.241.35.4'),
(53, 27, '2018-02-22 18:48:38', '2018-02-22 18:48:38', '200.241.35.4'),
(54, 21, '2018-02-22 18:49:44', '2018-02-22 18:49:44', '200.241.35.4'),
(55, 21, '2018-02-26 09:11:21', '2018-02-26 09:11:21', '179.155.152.26'),
(56, 21, '2018-03-01 10:58:55', '2018-03-01 10:58:55', '179.155.152.26'),
(57, 21, '2018-03-26 19:19:51', '2018-03-26 19:19:51', '::1'),
(58, 21, '2018-04-02 20:01:50', '2018-04-02 20:01:50', '::1'),
(59, 21, '2018-05-06 13:29:35', '2018-05-06 13:29:35', '::1'),
(60, 21, '2018-05-07 19:16:02', '2018-05-07 19:16:02', '::1'),
(61, 21, '2018-05-12 09:26:48', '2018-05-12 09:26:48', '::1'),
(62, 21, '2018-06-04 21:01:37', '2018-06-04 21:01:37', '::1');

-- --------------------------------------------------------

--
-- Estrutura da tabela `tb_app_logon_historico`
--

CREATE TABLE IF NOT EXISTS `tb_app_logon_historico` (
  `id_app_logon_historico` bigint(20) NOT NULL,
  `id_app_logon` bigint(20) DEFAULT NULL,
  `datahora` datetime DEFAULT NULL,
  `url` varchar(255) DEFAULT NULL,
  `parametro` varchar(255) DEFAULT NULL,
  `metodo` varchar(10) DEFAULT NULL,
  `browser` varchar(255) DEFAULT NULL,
  `host` varchar(100) DEFAULT NULL
) ENGINE=MyISAM DEFAULT CHARSET=latin1;

-- --------------------------------------------------------

--
-- Estrutura da tabela `tb_app_usuario`
--

CREATE TABLE IF NOT EXISTS `tb_app_usuario` (
  `id_app_usuario` bigint(20) NOT NULL,
  `identificador` varchar(32) NOT NULL DEFAULT '',
  `id_app_usuario_grupo` bigint(20) NOT NULL DEFAULT '0',
  `nome` varchar(100) DEFAULT NULL,
  `email` varchar(100) DEFAULT NULL,
  `login` varchar(20) NOT NULL DEFAULT '',
  `senha` varchar(100) NOT NULL DEFAULT '',
  `status` bigint(20) DEFAULT '0'
) ENGINE=MyISAM AUTO_INCREMENT=31 DEFAULT CHARSET=latin1;

--
-- Extraindo dados da tabela `tb_app_usuario`
--

INSERT INTO `tb_app_usuario` (`id_app_usuario`, `identificador`, `id_app_usuario_grupo`, `nome`, `email`, `login`, `senha`, `status`) VALUES
(21, 'ce2be6aa37aa1857a43f29279e4023f1', 2, 'Tayse Virgulino', 'tayse1000@gmail.com', 'tayse', 'df7bee4dc665fc3a078ebf4e407684a9', 1);

-- --------------------------------------------------------

--
-- Estrutura da tabela `tb_app_usuario_grupo`
--

CREATE TABLE IF NOT EXISTS `tb_app_usuario_grupo` (
  `id_app_usuario_grupo` bigint(20) NOT NULL,
  `identificador` varchar(32) NOT NULL DEFAULT '',
  `nome` varchar(100) NOT NULL DEFAULT '',
  `sigla` varchar(5) DEFAULT NULL,
  `tipo` bigint(20) DEFAULT '0'
) ENGINE=MyISAM AUTO_INCREMENT=4 DEFAULT CHARSET=latin1;

--
-- Extraindo dados da tabela `tb_app_usuario_grupo`
--

INSERT INTO `tb_app_usuario_grupo` (`id_app_usuario_grupo`, `identificador`, `nome`, `sigla`, `tipo`) VALUES
(1, 'a30d6bc4669b437f898291a8e439ad8e', 'VISITANTE', 'VS', 1),
(2, '4fc56d7b7e5946aa4afc6f5c0306ab5f', 'ADMINISTRADOR', 'ADM', 1),
(3, 'eee993cbbc4d0de49686c050342cbf9a', 'USUÁRIO AVANÇADO', 'AV', 0);

-- --------------------------------------------------------

--
-- Estrutura da tabela `tb_arquivo`
--

CREATE TABLE IF NOT EXISTS `tb_arquivo` (
  `id_arquivo` bigint(20) NOT NULL,
  `identificador` varchar(32) NOT NULL,
  `id_lojista` bigint(20) NOT NULL,
  `id_arquivo_disciplina` bigint(20) NOT NULL,
  `id_arquivo_tipo` bigint(20) NOT NULL,
  `id_usuario` bigint(20) NOT NULL DEFAULT '0',
  `id_usuario_responsavel` bigint(20) NOT NULL DEFAULT '0',
  `titulo` varchar(255) NOT NULL,
  `texto` text,
  `datahora` datetime NOT NULL,
  `datahora_edicao` datetime NOT NULL,
  `status` int(11) DEFAULT '1'
) ENGINE=InnoDB DEFAULT CHARSET=latin1;

-- --------------------------------------------------------

--
-- Estrutura da tabela `tb_arquivo_anexo`
--

CREATE TABLE IF NOT EXISTS `tb_arquivo_anexo` (
  `id_arquivo_anexo` bigint(20) NOT NULL,
  `identificador` varchar(32) NOT NULL,
  `id_arquivo` bigint(20) NOT NULL,
  `id_arquivo_historico` bigint(20) NOT NULL,
  `arquivo` varchar(255) NOT NULL,
  `datahora` datetime NOT NULL
) ENGINE=InnoDB DEFAULT CHARSET=latin1;

-- --------------------------------------------------------

--
-- Estrutura da tabela `tb_arquivo_disciplina`
--

CREATE TABLE IF NOT EXISTS `tb_arquivo_disciplina` (
  `id_arquivo_disciplina` bigint(20) NOT NULL,
  `identificador` varchar(32) NOT NULL,
  `titulo` varchar(255) NOT NULL,
  `prioridade` int(11) DEFAULT '1',
  `status` int(11) DEFAULT '1'
) ENGINE=InnoDB DEFAULT CHARSET=latin1;

-- --------------------------------------------------------

--
-- Estrutura da tabela `tb_arquivo_download`
--

CREATE TABLE IF NOT EXISTS `tb_arquivo_download` (
  `id_arquivo_download` bigint(20) NOT NULL,
  `identificador` varchar(32) NOT NULL,
  `id_arquivo_anexo` bigint(20) NOT NULL,
  `id_usuario` bigint(20) NOT NULL,
  `datahora` datetime NOT NULL,
  `ip` varchar(32) NOT NULL
) ENGINE=InnoDB DEFAULT CHARSET=latin1;

-- --------------------------------------------------------

--
-- Estrutura da tabela `tb_arquivo_historico`
--

CREATE TABLE IF NOT EXISTS `tb_arquivo_historico` (
  `id_arquivo_historico` bigint(20) NOT NULL,
  `identificador` varchar(32) NOT NULL,
  `id_arquivo` bigint(20) NOT NULL,
  `id_arquivo_tipo` bigint(20) NOT NULL,
  `id_usuario` bigint(20) NOT NULL,
  `id_usuario_responsavel` bigint(20) NOT NULL,
  `texto` text NOT NULL,
  `datahora` datetime NOT NULL,
  `status` int(11) DEFAULT '1'
) ENGINE=InnoDB DEFAULT CHARSET=latin1;

-- --------------------------------------------------------

--
-- Estrutura da tabela `tb_arquivo_tipo`
--

CREATE TABLE IF NOT EXISTS `tb_arquivo_tipo` (
  `id_arquivo_tipo` bigint(20) NOT NULL,
  `identificador` varchar(32) NOT NULL,
  `titulo` varchar(255) NOT NULL,
  `prioridade` int(11) DEFAULT '1',
  `status` int(11) DEFAULT '1'
) ENGINE=InnoDB AUTO_INCREMENT=9 DEFAULT CHARSET=latin1;

--
-- Extraindo dados da tabela `tb_arquivo_tipo`
--

INSERT INTO `tb_arquivo_tipo` (`id_arquivo_tipo`, `identificador`, `titulo`, `prioridade`, `status`) VALUES
(0, '2ceb02c3cfd9aef07ad719d8ce5fe317', 'Indiferente', 0, 1),
(2, '8c1eec18088d45427801b5c663fd5dbe', 'ART de Execução', 1, 1),
(3, 'ad3353c28337525044c0b300c57ef7c2', 'ART de Projeto', 2, 1),
(4, '874a28ab6d481618c0b62b7d052cfb58', 'Projetos', 3, 1),
(5, '3eb72a602ff55d1f44a931508d7261e6', 'Seguro de Obra', 4, 1),
(6, '0e4b0eea905c39cdd40a5f96e1845a8a', 'Termo de recebimento de loja', 5, 1),
(7, '1079a0379d89ec5a13c8dbf592b01d77', 'Análise', 6, 1),
(8, '6d5797fd4ebc8b11a276db8750e45c17', 'Planta Específica', 7, 1);

-- --------------------------------------------------------

--
-- Estrutura da tabela `tb_cronograma_etapa`
--

CREATE TABLE IF NOT EXISTS `tb_cronograma_etapa` (
  `id_cronograma_etapa` bigint(20) NOT NULL,
  `identificador` varchar(32) NOT NULL,
  `id_cronograma_tipo` bigint(20) NOT NULL,
  `titulo` varchar(255) NOT NULL,
  `descricao` varchar(255) DEFAULT NULL,
  `porcentagem` int(11) DEFAULT '1',
  `prioridade` int(11) DEFAULT '1',
  `status` int(11) DEFAULT '1'
) ENGINE=InnoDB AUTO_INCREMENT=29 DEFAULT CHARSET=latin1;

--
-- Extraindo dados da tabela `tb_cronograma_etapa`
--

INSERT INTO `tb_cronograma_etapa` (`id_cronograma_etapa`, `identificador`, `id_cronograma_tipo`, `titulo`, `descricao`, `porcentagem`, `prioridade`, `status`) VALUES
(1, 'cc37d25b6fd88c1964eaea450683158f', 1, 'Projeto arquitetônico Liberado + ART', '', 1, 0, 1),
(2, '5b6ea257a0b418d271b4e55dc3a133de', 1, 'Entrega do Termo de Recebimento de Loja', '', 1, 1, 1),
(3, '20f564cdf14dd81f9dd3a74f832a53c7', 1, 'Entrega ART Execução', '', 1, 2, 1),
(4, '3162cacdfa67c644810d8b71aff6a396', 1, 'Entrega Seguro de Obras', '', 1, 3, 1),
(5, 'b70c6534ece1540c172470030e6d1c9d', 1, 'Tapume de obra', '', 1, 4, 1),
(6, 'a303d9ca2c7b9188b31a16b3852dcf3d', 2, 'Projeto estrutural Liberado + ART', '', 4, 5, 1),
(7, '73aac458487ba7900c1aba2abba15a75', 2, 'Execução do mezanino metálico', '', 5, 6, 1),
(8, '9d12350ebef53eb8ee16a342f7ccb99a', 2, 'Execução do contrapiso', '', 5, 7, 1),
(9, '4a2a68b7db317aa284b371e71d51e2a5', 2, 'Fechamento em drywall - paredes', '', 4, 8, 1),
(10, '4c186afafe10b51daa742a149fff0a44', 2, 'Fechamento em drywall - forro', '', 4, 9, 1),
(11, 'da4078d02230bd3c48716967d664d921', 2, 'Instalação de piso', '', 3, 10, 1),
(12, '09ce1ba7ec3b1c8b0ea188b40a6c8f97', 3, 'Projeto elétrico Liberado + ART', '', 5, 11, 1),
(13, 'cafd773402497600b21af0ec76580752', 3, 'Instalações elétricas', '', 5, 12, 1),
(14, '652bcfe4f7a6c30fb2a5f607042edc91', 3, 'Finalização do Quadro Elétrico', '', 5, 13, 1),
(15, 'cebeaf590468677b7f8244b1515016e3', 3, 'Instalação de luminárias', '', 5, 14, 1),
(16, 'b8342a3641bbb2ad16854b44911e85c0', 4, 'Projeto incêndio Liberado + ART', '', 3, 15, 1),
(17, '54acb378fc0e4c0dd37310c1a7a9218d', 4, 'Teste rede de sprinkler e hidrante', '', 3, 16, 1),
(18, '7b2cb23b095805b74e4711b10649c94c', 4, 'Sprinkler e Hidrantes', '', 6, 17, 1),
(19, '3d62bcfb0b1383c46af2bcf5c6534e97', 4, 'Interligação do sistema de detecção com o shopping', '', 2, 18, 1),
(20, 'a47b2259454147c1cf6417287476c167', 4, 'Extintores', '', 1, 19, 1),
(21, '489fbf92c0d7bfa18b722d9931a712ce', 5, 'Projeto ar condicionado Liberado + ART', '', 5, 20, 1),
(22, 'aeb8e3fdd51ca6a2aa21e3af0fecd8ca', 5, 'Montagem do equipamento de ar condicionado', '', 10, 21, 1),
(23, '8f3f8f500e7b3049e3cc91715649225f', 5, 'Montagem dos dutos', '', 8, 22, 1),
(24, 'faf19b05f825133b5e672b5bd10bc2cc', 5, 'Instalação de grelhas e acabamentos', '', 2, 23, 1),
(25, '0bb9ce295e8120871023a8feee7dd201', 6, 'Marcenaria', '', 3, 24, 1),
(26, '38f8d5ac3acb37e6952241cf9fb0c5e4', 6, 'Fachada (incluindo vidros)', '', 3, 25, 1),
(27, '7f3b720ae9f6faab0e1542b6ac38f69e', 6, 'Letreiro fachada', '', 1, 26, 1),
(28, '226401af08bc3c5dc7486c686c4ce951', 6, 'Produtos / Mercadorias', '', 3, 27, 1);

-- --------------------------------------------------------

--
-- Estrutura da tabela `tb_cronograma_farol`
--

CREATE TABLE IF NOT EXISTS `tb_cronograma_farol` (
  `id_cronograma_farol` bigint(20) NOT NULL,
  `identificador` varchar(32) NOT NULL,
  `titulo` varchar(255) NOT NULL,
  `cor` varchar(20) DEFAULT NULL,
  `peso` float(9,2) DEFAULT '1.00',
  `prioridade` int(11) DEFAULT '1'
) ENGINE=InnoDB AUTO_INCREMENT=5 DEFAULT CHARSET=latin1;

--
-- Extraindo dados da tabela `tb_cronograma_farol`
--

INSERT INTO `tb_cronograma_farol` (`id_cronograma_farol`, `identificador`, `titulo`, `cor`, `peso`, `prioridade`) VALUES
(1, '6daabfcc4dd25269bdda063c4bf885c8', 'Indefinido', 'tertiary', -1.00, 1),
(2, 'cae690fd5db8b46b99a2207f80acbcd4', 'Verde', 'success', 0.00, 2),
(3, '511dde50786381d2157add8f59aa49cd', 'Amarelo', 'warning', 10.00, 3),
(4, '10eb58dd8d2d48bcd0f4cee1786dc904', 'Vermelho', 'primary', 11.00, 4);

-- --------------------------------------------------------

--
-- Estrutura da tabela `tb_cronograma_tipo`
--

CREATE TABLE IF NOT EXISTS `tb_cronograma_tipo` (
  `id_cronograma_tipo` bigint(20) NOT NULL,
  `identificador` varchar(32) NOT NULL,
  `titulo` varchar(255) NOT NULL,
  `prioridade` int(11) DEFAULT '1',
  `status` int(11) DEFAULT '1'
) ENGINE=InnoDB AUTO_INCREMENT=7 DEFAULT CHARSET=latin1;

--
-- Extraindo dados da tabela `tb_cronograma_tipo`
--

INSERT INTO `tb_cronograma_tipo` (`id_cronograma_tipo`, `identificador`, `titulo`, `prioridade`, `status`) VALUES
(1, '15d0144817776c823c7532af46c08a37', 'PROCEDIMENTO PRÉ-OBRA', 0, 1),
(2, '9bd06503cbb0ac8945bc4cbfd4ae0f9d', 'CIVIL', 1, 1),
(3, '02cf4d51c9dc5e4ce46eb415c06cb455', 'INSTALAÇÕES ELÉTRICAS', 2, 1),
(4, '54aeafe85eeed4b2806f047be4faa878', 'INSTALAÇÕES INCÊNDIO', 3, 1),
(5, 'ecfa6a8e6cb331e901b2a67adb63c3f8', 'INSTALAÇÕES AR CONDICIONADO', 4, 1),
(6, 'a09425829946153f5880ec96db2dd9aa', 'ACABAMENTOS E MONTAGEM DE LOJA', 5, 1);

-- --------------------------------------------------------

--
-- Estrutura da tabela `tb_curriculo`
--

CREATE TABLE IF NOT EXISTS `tb_curriculo` (
  `id_curriculo` bigint(20) NOT NULL,
  `identificador` varchar(32) NOT NULL,
  `id_empreendimento` bigint(20) NOT NULL,
  `id_curriculo_area` bigint(20) NOT NULL,
  `id_curriculo_segmento` bigint(20) NOT NULL,
  `nome` varchar(255) NOT NULL,
  `sobrenome` varchar(255) NOT NULL,
  `sexo` varchar(2) NOT NULL,
  `data_nascimento` date DEFAULT NULL,
  `cpf` varchar(32) DEFAULT NULL,
  `estado_civil` int(11) DEFAULT '1',
  `telefone` varchar(20) DEFAULT NULL,
  `telefone2` varchar(20) DEFAULT NULL,
  `email` varchar(255) DEFAULT NULL,
  `endereco` varchar(255) DEFAULT NULL,
  `cidade` varchar(255) DEFAULT NULL,
  `estado` varchar(2) DEFAULT NULL,
  `imagem` varchar(255) DEFAULT NULL,
  `arquivo` varchar(255) DEFAULT NULL,
  `datahora` datetime DEFAULT NULL,
  `status` int(11) DEFAULT '1'
) ENGINE=InnoDB AUTO_INCREMENT=3 DEFAULT CHARSET=latin1;

--
-- Extraindo dados da tabela `tb_curriculo`
--

INSERT INTO `tb_curriculo` (`id_curriculo`, `identificador`, `id_empreendimento`, `id_curriculo_area`, `id_curriculo_segmento`, `nome`, `sobrenome`, `sexo`, `data_nascimento`, `cpf`, `estado_civil`, `telefone`, `telefone2`, `email`, `endereco`, `cidade`, `estado`, `imagem`, `arquivo`, `datahora`, `status`) VALUES
(1, '1b3bbb8dcb74285a86345a4a068a5210', 1, 1, 1, 'DARLEY', 'PASSARIN', 'M', '1983-12-11', '123.456.789-09', 2, '(63) 8402-3036', '(63) 3225-6565', 'darley@artemsite.com.br', '706 Sul Alameda 8', 'PALMAS', 'TO', '20150412101828_darley3x4.jpg', '20150412101828_wix_grupomca.pdf', '2015-04-12 10:37:44', 0),
(2, '633cdcb33b02f558164aaa7497868fdf', 4, 8, 1, 'TESTE', 'TESTE', 'F', '1995-06-15', '044.444.444-44', 1, '(63) 99999-9999', '', '', '', '', '', '', '', '2018-02-14 11:53:59', 1);

-- --------------------------------------------------------

--
-- Estrutura da tabela `tb_curriculo_acesso`
--

CREATE TABLE IF NOT EXISTS `tb_curriculo_acesso` (
  `id_curriculo_acesso` bigint(20) NOT NULL,
  `identificador` varchar(32) NOT NULL,
  `id_curriculo` bigint(20) NOT NULL,
  `id_usuario` bigint(20) NOT NULL,
  `datahora` datetime DEFAULT NULL,
  `ip` varchar(32) DEFAULT NULL
) ENGINE=InnoDB AUTO_INCREMENT=10 DEFAULT CHARSET=latin1;

--
-- Extraindo dados da tabela `tb_curriculo_acesso`
--

INSERT INTO `tb_curriculo_acesso` (`id_curriculo_acesso`, `identificador`, `id_curriculo`, `id_usuario`, `datahora`, `ip`) VALUES
(1, 'dd29f965dbf32487e63861eb37117205', 1, 1, '2015-04-12 10:59:30', '127.0.0.1'),
(2, 'd726e129be8ae574ae0b9e758f52e1a7', 1, 1, '2015-04-12 11:00:31', '127.0.0.1'),
(3, 'b54c4bf8b2948e9527e947436528b178', 1, 1, '2015-04-12 11:00:54', '127.0.0.1'),
(4, 'f843c036240e05b29fd3e2ca985eef8e', 1, 1, '2015-04-12 11:01:07', '127.0.0.1'),
(5, 'a54ae18aaf92baf8d35fa92331a8f635', 2, 5, '2018-02-22 12:04:08', '200.241.35.4'),
(6, 'caa413064dd70380a1226b846c16559a', 2, 5, '2018-02-22 12:04:09', '200.241.35.4'),
(7, 'e2d16fb936c4e77fea55fb16f91b55f9', 2, 5, '2018-02-22 12:04:10', '200.241.35.4'),
(8, 'c1c531c6bb4fc6311e65af5c84b2f515', 2, 5, '2018-02-22 12:04:12', '200.241.35.4'),
(9, '9dc5cc76427bdc529d55a475a87af170', 2, 5, '2018-02-22 12:05:39', '200.241.35.4');

-- --------------------------------------------------------

--
-- Estrutura da tabela `tb_curriculo_area`
--

CREATE TABLE IF NOT EXISTS `tb_curriculo_area` (
  `id_curriculo_area` bigint(20) NOT NULL,
  `identificador` varchar(32) NOT NULL,
  `titulo` varchar(255) NOT NULL,
  `prioridade` int(11) DEFAULT '1',
  `status` int(11) DEFAULT '1'
) ENGINE=InnoDB AUTO_INCREMENT=14 DEFAULT CHARSET=latin1;

--
-- Extraindo dados da tabela `tb_curriculo_area`
--

INSERT INTO `tb_curriculo_area` (`id_curriculo_area`, `identificador`, `titulo`, `prioridade`, `status`) VALUES
(1, '10e7a8c2d57232f87f132aff8b9135eb', 'Marketing', 1, 1),
(2, '9d92ee8a2f2d5049226a6d3a8d693387', 'Operações', 2, 1),
(3, 'b278fb23799a5488abeff052b9b6271f', 'Financeiro', 3, 1),
(4, '55c3b5243742f60b28532e6d6e6d7750', 'Comercial', 4, 1),
(5, 'b3858a6fcffb8256abe326e51383a53d', 'Recepção', 5, 1),
(6, '1f0afb7786240d712d876d49352b26cd', 'Arquitetura', 6, 1),
(7, 'ab8a934a4e12ceace7e2761a374342cc', 'Vendas', 7, 1),
(8, '14e8ddc53a4296610f46c0955772cfb0', 'Gerência', 8, 1),
(9, '1ad643982f4c512578c29a5912a953f7', 'Limpeza', 9, 1),
(10, '3b77a4e931f3d94b6cdd390e95969a98', 'Cozinha', 10, 1),
(11, 'db0a18a50f0a996010d0f410758d11be', 'Atendente', 11, 1),
(12, '6ad8caf7e76634ce27eba83aee689329', 'Estoque', 12, 1),
(13, '61cee3e548c28b5b88cd556070c40f65', 'Manutenção', 13, 1);

-- --------------------------------------------------------

--
-- Estrutura da tabela `tb_curriculo_segmento`
--

CREATE TABLE IF NOT EXISTS `tb_curriculo_segmento` (
  `id_curriculo_segmento` bigint(20) NOT NULL,
  `identificador` varchar(32) NOT NULL,
  `titulo` varchar(255) NOT NULL,
  `prioridade` int(11) DEFAULT '1',
  `status` int(11) DEFAULT '1'
) ENGINE=InnoDB AUTO_INCREMENT=7 DEFAULT CHARSET=latin1;

--
-- Extraindo dados da tabela `tb_curriculo_segmento`
--

INSERT INTO `tb_curriculo_segmento` (`id_curriculo_segmento`, `identificador`, `titulo`, `prioridade`, `status`) VALUES
(1, '65f458149478ba827ae1d869d96fffe2', 'Indiferente', 1, 1),
(2, 'ada42e00f1a597446ae98ccb9c11e6fb', 'Alimentação', 2, 1),
(3, '9aff1d17632db6953abf20935fc320f7', 'Lazer', 3, 1),
(4, '5fe24464ccb5b1dca8470226b4071a0a', 'Calçados', 4, 1),
(5, 'cf7e9acff36e4108b92561371e500a97', 'Vestuário', 5, 1),
(6, '595edd0c8c790e9923da6f73faf8d208', 'Artigos do lar', 6, 1);

-- --------------------------------------------------------

--
-- Estrutura da tabela `tb_disciplina`
--

CREATE TABLE IF NOT EXISTS `tb_disciplina` (
  `id_disciplina` bigint(20) NOT NULL,
  `identificador` varchar(32) NOT NULL,
  `nome` varchar(255) NOT NULL,
  `semestre` varchar(20) NOT NULL,
  `conteudo` varchar(255) NOT NULL,
  `datahora` datetime DEFAULT NULL,
  `status` int(11) NOT NULL DEFAULT '1'
) ENGINE=InnoDB DEFAULT CHARSET=latin1;

-- --------------------------------------------------------

--
-- Estrutura da tabela `tb_documento`
--

CREATE TABLE IF NOT EXISTS `tb_documento` (
  `id_documento` bigint(20) NOT NULL,
  `identificador` varchar(32) NOT NULL,
  `titulo` varchar(255) NOT NULL,
  `datahora` datetime DEFAULT NULL,
  `status` int(11) DEFAULT '1'
) ENGINE=InnoDB AUTO_INCREMENT=5 DEFAULT CHARSET=latin1;

--
-- Extraindo dados da tabela `tb_documento`
--

INSERT INTO `tb_documento` (`id_documento`, `identificador`, `titulo`, `datahora`, `status`) VALUES
(1, '03d99b9a97b2d4580a32e94565613058', '1', '2018-03-26 20:31:17', 0),
(2, '902dd82623c858f4c3c60337d347b9fc', '2', '2018-03-26 20:42:17', 0),
(3, '14d9dfd10bd49d204713ecffbe1b067f', '3', '2018-03-26 20:42:23', 0),
(4, '11daf10bf33ae8e94704785c7d86f2ca', '4', '2018-03-26 20:42:28', 0);

-- --------------------------------------------------------

--
-- Estrutura da tabela `tb_documento_download`
--

CREATE TABLE IF NOT EXISTS `tb_documento_download` (
  `id_documento_download` bigint(20) NOT NULL,
  `identificador` varchar(32) NOT NULL,
  `id_documento` bigint(20) NOT NULL,
  `id_usuario` bigint(20) NOT NULL,
  `datahora` datetime NOT NULL,
  `ip` varchar(32) DEFAULT NULL
) ENGINE=InnoDB DEFAULT CHARSET=latin1;

-- --------------------------------------------------------

--
-- Estrutura da tabela `tb_eixo`
--

CREATE TABLE IF NOT EXISTS `tb_eixo` (
  `id_eixo` bigint(20) NOT NULL,
  `identificador` varchar(32) NOT NULL,
  `categoria` varchar(255) NOT NULL,
  `nome` varchar(255) NOT NULL,
  `id_disciplina` bigint(20) NOT NULL,
  `datahora` datetime DEFAULT NULL,
  `status` int(11) DEFAULT '1'
) ENGINE=InnoDB DEFAULT CHARSET=latin1;

-- --------------------------------------------------------

--
-- Estrutura da tabela `tb_eixo_categoria`
--

CREATE TABLE IF NOT EXISTS `tb_eixo_categoria` (
  `id_eixo_categoria` bigint(20) NOT NULL,
  `identificador` varchar(32) NOT NULL,
  `nome` varchar(255) NOT NULL,
  `datahora` datetime DEFAULT NULL,
  `status` int(11) NOT NULL DEFAULT '1'
) ENGINE=InnoDB DEFAULT CHARSET=latin1;

-- --------------------------------------------------------

--
-- Estrutura da tabela `tb_empreendimento`
--

CREATE TABLE IF NOT EXISTS `tb_empreendimento` (
  `id_empreendimento` bigint(20) NOT NULL,
  `identificador` varchar(32) NOT NULL,
  `titulo` varchar(255) NOT NULL,
  `endereco` varchar(255) DEFAULT NULL,
  `telefone` varchar(100) DEFAULT NULL,
  `email` varchar(255) DEFAULT NULL,
  `area_bruta_locavel` float(9,2) DEFAULT NULL,
  `area_total_construida` float(9,2) DEFAULT NULL,
  `status` int(11) DEFAULT '1'
) ENGINE=InnoDB AUTO_INCREMENT=4 DEFAULT CHARSET=latin1;

--
-- Extraindo dados da tabela `tb_empreendimento`
--

INSERT INTO `tb_empreendimento` (`id_empreendimento`, `identificador`, `titulo`, `endereco`, `telefone`, `email`, `area_bruta_locavel`, `area_total_construida`, `status`) VALUES
(3, 'f3ed9bfa7f2ee2df6f0b5110ba863f42', 'Cinemateca', '', '', '', 0.00, 0.00, 1);

-- --------------------------------------------------------

--
-- Estrutura da tabela `tb_filme`
--

CREATE TABLE IF NOT EXISTS `tb_filme` (
  `id_filme` bigint(20) NOT NULL,
  `identificador` int(32) NOT NULL,
  `id_eixo` bigint(20) NOT NULL,
  `id_disciplina` bigint(20) NOT NULL,
  `nome` varchar(255) NOT NULL,
  `url` varchar(255) NOT NULL,
  `url_youtube` varchar(255) NOT NULL,
  `descricao` varchar(255) NOT NULL,
  `datahora` datetime DEFAULT NULL,
  `status` int(11) DEFAULT '1'
) ENGINE=InnoDB DEFAULT CHARSET=latin1;

-- --------------------------------------------------------

--
-- Estrutura da tabela `tb_foto`
--

CREATE TABLE IF NOT EXISTS `tb_foto` (
  `id_foto` bigint(20) NOT NULL,
  `identificador` varchar(32) NOT NULL,
  `id_lojista` bigint(20) NOT NULL,
  `id_usuario` bigint(20) NOT NULL,
  `titulo` varchar(255) NOT NULL,
  `imagem` varchar(255) NOT NULL,
  `datahora` datetime DEFAULT NULL,
  `status` int(11) DEFAULT '1'
) ENGINE=InnoDB AUTO_INCREMENT=13 DEFAULT CHARSET=latin1;

--
-- Extraindo dados da tabela `tb_foto`
--

INSERT INTO `tb_foto` (`id_foto`, `identificador`, `id_lojista`, `id_usuario`, `titulo`, `imagem`, `datahora`, `status`) VALUES
(1, 'ae9a526e9bd1580d4922430fbd42a3db', 1, 1, 'Imagem da planta baixa do prédio', '20150411201020_apple_mac_os_x_blue_wallpaper_1920x1080.jpg', '2015-04-11 20:10:20', 1),
(2, 'fd3657e3b88ad9d843bbe69983aa8afa', 1, 1, 'asdf asdf', '20150411201045_apple_mac_os_x_blue_wallpaper_1920x1080.jpg', '2015-04-11 20:10:45', 1),
(3, '57b73beb57030b2aaabeddcf011c7e7b', 1, 1, 'a sdfasdf asdfasdf asdf', '20150411201228_apple_mac_os_x_blue_wallpaper_1920x1080.jpg', '2015-04-11 20:12:28', 1),
(4, '398232dc7bb861fe1e0a8a727d653675', 1, 1, 'asdf asdfa dfasdf', '20150411201303_1390718_605061649566551_1314006634_n.jpg', '2015-04-11 20:13:03', 1),
(5, '5889229a8cbaaf96282e0ec2206d0266', 1, 1, 'asd fasdfa sdfasdf', '20150411201358_1240343_574382455951359_1909541129_n.jpg', '2015-04-11 20:13:55', 1),
(6, '660adce8a6e8a6a85819e13b73f20ea0', 1, 1, 'asdfasd asdfa dfasdf', '20150411201512_face_capa.jpg', '2015-04-11 20:15:09', 1),
(7, '3c6b93ab8032fb81b86f73d5a028bf34', 1, 1, 'asdf asdfas dfasdf', '20150411201558_darley3x4.jpg', '2015-04-11 20:15:55', 0),
(8, '7e1ffdfe931880b0bf2ff077e95a9858', 2, 2, 'a sdf asdfa sdfasdf asdfasd fasdfa', '20150414111122_fire_fist_vs_water_fist_wallpaper_3840x2400.jpg', '2015-04-14 11:11:22', 1),
(9, '0914fa351512b4d85b8b74dde0603188', 8, 2, 'teste', '20170224095926_captura_de_tela_de_2017_02_23_14_43_46.png', '2017-02-24 09:59:26', 0),
(10, '34bb329bd63d289f927d058c84fae657', 395, 11, 'Teste', '20180214115135_cinza_claro_.jpg', '2018-02-14 11:51:35', 0),
(11, '59ff2dafcd63f06d8d289a19d32306a6', 395, 11, 'Arquivo de teste', '20180214115149_cinza_claro_.jpg', '2018-02-14 11:51:49', 0),
(12, '08c9edbc80aa6dce7ecf470cfb820c38', 395, 5, 'eu quero!!', '20180222114712_doces.jpg', '2018-02-22 11:47:12', 1);

-- --------------------------------------------------------

--
-- Estrutura da tabela `tb_loja`
--

CREATE TABLE IF NOT EXISTS `tb_loja` (
  `id_loja` bigint(20) NOT NULL,
  `identificador` varchar(32) NOT NULL,
  `id_empreendimento` bigint(20) NOT NULL,
  `id_segmento` bigint(20) NOT NULL,
  `numero` varchar(50) NOT NULL,
  `pavimento` varchar(255) DEFAULT NULL,
  `area` float(9,2) DEFAULT NULL,
  `status` int(11) DEFAULT '1'
) ENGINE=InnoDB AUTO_INCREMENT=490 DEFAULT CHARSET=latin1;

--
-- Extraindo dados da tabela `tb_loja`
--

INSERT INTO `tb_loja` (`id_loja`, `identificador`, `id_empreendimento`, `id_segmento`, `numero`, `pavimento`, `area`, `status`) VALUES
(51, 'd0eec186207d225beb8ad06ae19a6b65', 3, 1, 'S01', '', 1212.87, 1),
(52, 'e32115f11cc9c8f51d582a9e78f0e7d4', 3, 3, 'S01A', '', 79.57, 1),
(53, 'c941e36fef1e39bf2f83cdb9060376ec', 3, 2, 'S02', '', 280.02, 1),
(54, '7e5a2969cb864531e3ec9fe8d27845de', 3, 3, 'S03', '', 41.45, 1),
(55, '3d80fbeadb164921b31b7e9c47dde6d2', 3, 3, 'S04', '', 35.34, 1),
(56, 'f1f0cf023de95fea58ddaa29ea5e3b7c', 3, 3, 'S05', '', 41.20, 1),
(57, 'ec0a449fdf8ed954d3efead431d0a035', 3, 3, 'S06', '', 41.20, 1),
(58, 'fb015f7a8c1ec0b36c09c00617a1c63e', 3, 3, 'S07', '', 37.03, 1),
(59, 'b1aa36c000a046b3b9685043f14ba7a7', 3, 3, 'S08', '', 43.00, 1),
(60, '8445dd0b527ac6b7b82a60241211c4b3', 3, 3, 'S08A', '', 16.94, 1),
(61, '9eb492a3374cb8f77e729823db83149d', 3, 3, 'S09', '', 16.53, 1),
(62, 'd057916d4e88e41562b4f21e29975667', 3, 3, 'S09A', '', 16.10, 1),
(63, 'ff36f238b4aee8b2f4c21045e7402a1e', 3, 3, 'S10', '', 17.24, 1),
(64, 'bc24d91824dae67d548b7b1db86c0b10', 3, 3, 'S10A', '', 20.13, 1),
(65, '9048396738346a247d2e63a182cc0740', 3, 3, 'S11', '', 20.12, 1),
(66, 'ba5797e2306228b36108ad483d9c30ce', 3, 3, 'S12', '', 66.25, 1),
(67, '830737dcc9f8128ad1ea8015e4cb162e', 3, 3, 'S13', '', 41.65, 1),
(68, 'dc69897218d08b7a59a26e3adb7be0ec', 3, 3, 'S13A', '', 27.13, 1),
(69, '49299ff517c50832d04ceb610b22b138', 3, 3, 'S14A', '', 22.93, 1),
(70, '3d9379f0798655737ebc13e77024269f', 3, 3, 'S14', '', 70.85, 1),
(71, 'b92755cc135cd177a747bf4a92479111', 3, 3, 'S19', '', 42.13, 1),
(72, 'b990a088b5712a519bccd3b0576e5dae', 3, 3, 'S20', '', 43.00, 1),
(73, '0c001e336c5d45021648900e5255d84a', 3, 3, 'S21', '', 37.03, 1),
(74, '9d97c7a5db61eadd8f9a434f0b71bd1d', 3, 3, 'S24', '', 35.33, 1),
(75, '5920b5e7c7ea2c97d7455b09f6d4ecf1', 3, 3, 'S25', '', 41.50, 1),
(76, 'ddd07025a239668946a9ac9a1df90cad', 3, 4, '1002', 'L1', 509.89, 1),
(77, '492a85e5a24d428fa745b49fd04d56bd', 3, 4, '1003', 'L1', 614.02, 1),
(83, 'e9b23cfb7b4c7864f52100d059bf227d', 3, 3, '1009', '', 37.57, 1),
(84, 'd3f6a4235bbacd8b692e7cbb9cb6b1b9', 3, 3, '1012', '', 148.22, 1),
(85, '08019cab3708c663ef93cc1b0d4c4d7f', 3, 3, '1013', '', 148.22, 1),
(86, '50ef0bc5701e7334c020522772426952', 3, 3, '1019', '', 125.82, 1),
(87, 'b65bbad135746634266056e5a4f7f110', 3, 3, '1020', '', 33.41, 1),
(88, '494dd49298d06099a6c84eb266e0aba1', 3, 1, '1021', '', 2505.12, 1),
(89, '8b02666e823e23b242379f24ef447a8b', 3, 3, '1022', '', 94.40, 1),
(90, '6b8c6074e5e5d685013290ef1033cf06', 3, 3, '1023', '', 94.40, 1),
(91, '1a8c97bd2e54dfaf241b77f59c3e5506', 3, 3, '1024', '', 94.40, 1),
(92, '28bcf6e090a19dda422d6de77121053b', 3, 3, '1025', '', 18.76, 1),
(93, '1534c1ca3826c44c5cce3ed888414a14', 3, 3, '1026', '', 24.97, 1),
(94, '2acea77d4d36e8862417f6633c1117eb', 3, 3, '1027', '', 36.01, 1),
(95, '54e92140f276873b281028e603e49737', 3, 3, '1028', '', 43.25, 1),
(96, '6db2b3e99ee4a91ad497987cdcbbfc53', 3, 3, '1029', '', 43.90, 1),
(97, 'd51fbc193bb92709a184d0c199db1cfd', 3, 9, '1032', '', 650.23, 1),
(98, '5de538d141c062f056f41e927049ea4d', 3, 3, '1034', '', 50.00, 1),
(99, 'c656a9439e2c5f4728413b6aec806921', 3, 3, '1035', '', 50.00, 1),
(100, '4e46829f2f1ac24ac89507b7ee9b7f8c', 3, 3, '1037', '', 100.00, 1),
(101, 'd00f4c5336b4a6875926627b3a520a53', 3, 3, '1038', '', 41.93, 1),
(102, 'da7e498ca3294568ef0c06e60e0a27e8', 3, 1, '1040', '', 1355.15, 1),
(103, '145f28d402b6744f8fbdc3e2132d767f', 3, 3, '1041A', '', 50.00, 1),
(104, '69f527019ecf6f8e9641570518321aec', 3, 3, '1042', '', 50.00, 1),
(105, 'e262368db1a614eb8e180a464eca089d', 3, 3, '1043', '', 40.00, 1),
(106, 'a56678c46473ec36858b7ad574d5ee41', 3, 3, '1044', '', 60.00, 1),
(107, 'a89920bd91818cbb1a486c8a22c829e8', 3, 3, '1045', '', 50.12, 1),
(108, 'ba9d1a8af7fb4e3d6c5a41c24c208ffc', 3, 2, '1046', '', 205.89, 1),
(109, '1328aed6ebab7703ca53ecafb7727b35', 3, 3, '1048', '', 59.67, 1),
(110, 'c6f9164861dafede4bae2d5b934751d6', 3, 3, '1049', '', 149.13, 1),
(111, '2a640e5b1f51a9e80d38000afaaf13b7', 3, 2, '1050', '', 448.33, 1),
(112, '0140ba8f27b8b56a72ba94be96b6beb1', 3, 3, '1051', '', 41.75, 1),
(113, 'c7a79ee627626abffadaaa0e02f1fc07', 3, 1, '1052', '', 2473.82, 1),
(114, 'e5510d144c30eb05cbe91c165c88674a', 3, 3, '1053', '', 47.89, 1),
(115, '037791aa64c5204e049df7ab7a87d258', 3, 3, '1054', '', 41.20, 1),
(116, 'c3b2e59fe77007259cb7d484dc1e3a80', 3, 3, '1055', '', 41.20, 1),
(117, '76f51f729a25d3bf79646d1695d7103c', 3, 3, '1056', '', 41.20, 1),
(118, '32bb8330b59c890a0027e11c3df983bc', 3, 3, '1056A', '', 125.65, 1),
(119, 'f609e17134cfe4fd5554ab3f34fd0baf', 3, 3, '1057', '', 89.67, 1),
(120, 'f22849d70dc2ed293bfacb226624cfdd', 3, 3, '1058', '', 61.75, 1),
(121, '50738040b0683a20647fca8ce193ae1e', 3, 2, '1060', '', 427.84, 1),
(122, 'c32f89aa05abb8c9d72f49c33ed250a8', 3, 3, '1062', '', 82.90, 1),
(123, 'e0cfd870e2ca0877af10991f6a2b6bf5', 3, 3, '1063', '', 82.90, 1),
(124, 'cd73eee199a5e8ed383779bcd726ef32', 3, 3, '1064', '', 166.71, 1),
(125, '00581b76491c522cd179f0890d0abaf1', 3, 3, '1065', '', 41.75, 1),
(126, '91284360b82aafa9788985993bd46566', 3, 3, '1066', '', 41.75, 1),
(127, 'ea019adb6af1f856f4bb0a10dd55fad3', 3, 3, '1067', '', 83.50, 1),
(128, '7c9ed339ab148d952025be234b922380', 3, 3, '1070', '', 41.52, 1),
(129, '376f54eeda0ea22564b7243bdf255f20', 3, 3, '1071', '', 35.37, 1),
(130, 'd06eaccfe9cdfefb7a923025c3374adf', 3, 3, '1071A', '', 51.68, 1),
(131, 'c091e43482e9f470b79c223a87e7471a', 3, 3, '1072', '', 194.63, 1),
(132, '8a122ff6303fd8f51eb04e4ffe62aa7f', 3, 3, '1074', '', 37.00, 1),
(133, 'fe59eda6320529b2d7c2ea90f618b04f', 3, 3, '1076', '', 46.75, 1),
(134, '0481c8486ba280f8122f4deef6fab118', 3, 3, '1082', '', 39.00, 1),
(135, '2157de769873af8171feb287a1ae7021', 3, 3, '1082A', '', 34.79, 1),
(136, 'dfd846ac5185e393f17991130c40d1ff', 3, 3, '1083', '', 46.00, 1),
(137, 'a80134ef0219b33696b7a87e0b0e15d9', 3, 3, '1084', '', 135.54, 1),
(138, '166183904bccab77378060558e4cf332', 3, 3, '1085', '', 135.54, 1),
(139, 'cf1594319804b8a0aa1a102edb906594', 3, 2, '1089', '', 207.00, 1),
(140, 'b1c42a3dfd0722c6dd939ab34a4af9e1', 3, 9, '1090', '', 624.41, 1),
(141, '7a7e58ebc4e645960370bb197fd1d95f', 3, 9, '1091', '', 624.41, 1),
(142, 'cd418e63f007ffd81ce284a643d9786b', 3, 9, '1092', '', 624.41, 1),
(143, '9cd56355ef75b14ed3f1cd76a35d9f2d', 3, 3, '1093', '', 40.50, 1),
(144, 'e31dcb60f0edb733559a03fbc6d8272e', 3, 3, '1093A', '', 41.75, 1),
(145, '25555ff319889e7cacbcee6ee3228801', 3, 3, '1093B', '', 41.75, 1),
(146, '5bc93cb761220b603df89d4111d5ef75', 3, 3, '1094', '', 195.16, 1),
(147, 'd2ad748f748e338fad880715188b888a', 3, 3, '1095', '', 195.16, 1),
(148, 'fdd7ae5be2f51cf468771f30468f713d', 3, 3, '1096', '', 36.22, 1),
(149, 'f9e060301251bcf3fc8ee12b44d6be2d', 3, 3, '1097', '', 35.77, 1),
(150, 'a4ee90efe72e1b3e40530ec4b68de8e8', 3, 3, '1098', '', 36.00, 1),
(151, '458387b6a7961b3194b458d72d5a86a6', 3, 3, '1099', '', 99.04, 1),
(152, 'c5bea368d1d698777adceb948fb107fa', 3, 3, '1100', '', 99.04, 1),
(153, '52487c848f269640efe8b30a5daa11cc', 3, 3, '1101', '', 56.65, 1),
(154, '20d848769477aef997ceaf43f90c9422', 3, 3, '1102', '', 52.96, 1),
(155, 'bd01d68c360479876e6c8383f878cdf0', 3, 9, '1103', '', 748.85, 1),
(156, '2c0133c1d6fcd002edcecada95ec6201', 3, 3, '1104', '', 107.08, 1),
(157, '2865f2d1a6fa6d31c03382cd93b2c56e', 3, 3, '1105', '', 107.08, 1),
(158, '31685b0df4cd155e3487c334432c7d1a', 3, 3, '1106', '', 41.75, 1),
(159, 'b5ac7b9f7c03ce13651f8fa536efcd62', 3, 3, '1107', '', 41.75, 1),
(160, 'cd997ca798af4e9908f29b595dba5d5c', 3, 3, '1109', '', 140.34, 1),
(161, 'b4562e40a9020a408dacdb2c3e110c35', 3, 3, '1110', '', 47.98, 1),
(162, '4e1c339fc9a872bb608162453ffceaa6', 3, 3, '1111', '', 75.16, 1),
(163, '54d262cf4ff175447a23231f983941a3', 3, 3, '1112', '', 100.75, 1),
(164, '29fdb6b5a447822da9f7f3c11da09b06', 3, 3, '1113', '', 35.15, 1),
(165, 'b4c9f7ed0a4d53277d61cfb464b8ea5c', 3, 3, '1114', '', 61.75, 1),
(166, '792e145ecfe34d502bddc074cf878b1a', 3, 2, '1115', '', 313.50, 1),
(167, 'd923dfdbedf8b06db07d59e6a773e765', 3, 3, '1116', '', 46.75, 1),
(168, '7af0d5bcf545b7a26733e71caa753153', 3, 3, '1117', '', 46.75, 1),
(169, '023d842ca8e5b7415b30769a8a32f47d', 3, 3, '1118', '', 199.50, 1),
(170, '2105d6185500887568111882034af3de', 3, 3, '1121', '', 41.75, 1),
(171, '96f52c025a850cfc2d1c66f68d1e62f7', 3, 3, '1122', '', 41.75, 1),
(172, '4dd7e1632b8fe6afd8f7d774d70f9727', 3, 3, '1123', '', 83.50, 1),
(173, 'ebd8d364109840a4303c5bd129c86559', 3, 3, '1124', '', 35.21, 1),
(174, '506ed51acca91060fa3dab3d3cfcdfee', 3, 3, '1125', '', 72.00, 1),
(177, '87b3371415b8b2022651e3f2048763ec', 3, 3, '2009', '', 43.75, 1),
(178, 'f8408fe81d39c897709f76e862b70159', 3, 3, '2010', '', 57.52, 1),
(179, 'cd48be5227491587e865ee4830e5462a', 3, 3, '2011', '', 35.00, 1),
(182, '2d8d9e68545e36aed59306d8a909e87d', 3, 1, '2017', '', 2505.39, 1),
(183, 'fccf89b226182613f44f177ec51b37bd', 3, 3, '2021', '', 94.34, 1),
(184, '63653075d4ca264a500412f001dc0984', 3, 3, '2022', '', 30.02, 1),
(185, '508400e3df9c032501ca2281a45909d2', 3, 3, '2023', '', 26.82, 1),
(186, 'edfba9c95a58610e33bab82da7fab8c9', 3, 3, '2024', '', 35.02, 1),
(187, '1731e51b66964fce1df6f56062edcc6c', 3, 3, '2025', '', 29.64, 1),
(188, '95a96ff6d4b51bae86cf6d015d2ff391', 3, 3, '2026', '', 195.87, 1),
(189, '78e441c8faadc76f12e708737f038872', 3, 3, '2028', '', 42.50, 1),
(190, '4067eba8dbcfec91ab791cbfbace6da3', 3, 3, '2030', '', 42.50, 1),
(191, '4edbf652a54c10440313edcd3d4fbd64', 3, 3, '2031', '', 42.50, 1),
(192, '9923495ba241f4f010fc0e56fe132239', 3, 9, '2032', '', 659.56, 1),
(193, 'd20a8f5264303a24062f1dae319a664c', 3, 3, '2033', '', 39.60, 1),
(194, '3da2307794ec3eec92fb3872db80ec34', 3, 3, '2034', '', 34.25, 1),
(195, 'efc68b7fc1d5c43f0c7a03ba584f0b97', 3, 3, '2035', '', 34.25, 1),
(196, '8c6bb376b318b0c85ae244fd78466e23', 3, 3, '2036', '', 50.10, 1),
(197, '0c4eedc980c302b266b46bb91e8e0230', 3, 9, '2038', '', 978.64, 1),
(198, 'c7b83edb24b487ea4b9570dc8009ee33', 3, 3, '2039', '', 42.50, 1),
(199, '074b3702a20e82f235feec6b8d869371', 3, 3, '2040', '', 42.50, 1),
(200, '898cce7bb0fac23bbc6c078a5ca1f90e', 3, 3, '2041', '', 93.10, 1),
(201, 'd28413395936cd9545a670d217def051', 3, 3, '2042', '', 93.10, 1),
(202, '800a23306cbe9e0311596fdba681e87f', 3, 3, '2043', '', 54.06, 1),
(203, '577a8a0d09b6d9e8b9e7c15991da6c14', 3, 3, '2045', '', 52.90, 1),
(204, 'f93a224c39a6484e5765b71c2d2a1366', 3, 9, '2046', '', 511.03, 1),
(205, 'd68e7eb1e748adafb4547e2283848bf3', 3, 3, '2047', '', 83.50, 1),
(206, 'b035c828ac2472f0c456529dd4770ba6', 3, 1, '2048', '', 2520.19, 1),
(207, '4d4685328433d54052b47fd6376908ae', 3, 3, '2049', '', 30.20, 1),
(208, 'e7b78eff901e3f33af1da79d509fff8a', 3, 3, '2052', '', 50.20, 1),
(209, '931a7f6155ee7a82c9d6eb0640830e2c', 3, 3, '2058', '', 23.50, 1),
(210, 'c0a663be21fc2ddea90e87b5413068cd', 3, 3, '2059', '', 24.51, 1),
(211, 'e7129d79c25dc461529b5aef117b2cd5', 3, 9, '2062', '', 986.58, 1),
(212, 'bd706b0884385d687a4895dac8bd9a0c', 3, 3, '2063', '', 113.44, 1),
(213, '4b1911839983a2a83fed62c48a868911', 3, 3, '2064', '', 105.28, 1),
(214, '7146f90e46a8e0f1844c153e0c565f97', 3, 3, '2066', '', 31.13, 1),
(215, '9b6e98b0e16c83d80d5888080c650b5a', 3, 3, '2068', '', 167.65, 1),
(216, '0307dcb114eca74b2105d68700fa1e7e', 3, 3, '2069', '', 167.65, 1),
(217, '9310c9de346a5a9568bef7f1e841fb30', 3, 3, '2070', '', 167.65, 1),
(218, 'e0c8ad798a0658c6b13aa34389a0287a', 3, 3, '2073', '', 85.00, 1),
(219, '0ece75924c4fbe3a56aed6261aa59599', 3, 3, '2074', '', 85.00, 1),
(220, '979eccc58acd8ac5182a7639232ec675', 3, 3, '2075', '', 56.28, 1),
(221, '437d2c5829c086bb47e45c5d322a6ffa', 3, 3, '2080', '', 125.00, 1),
(222, 'c85aad90053f2be0ca9f58926fbde31b', 3, 3, '2081', '', 125.00, 1),
(223, '1095fdaf4829c6b6a63e7755b6bc85f0', 3, 3, '2082', '', 85.00, 1),
(224, '6cacf28e4a78d97eb77eee101e0fac34', 3, 3, '2088', '', 54.16, 1),
(225, '087048c0b2c065f590cdc3af026bab5e', 3, 3, '2090', '', 45.04, 1),
(226, '98562dbc15d3ba73ae16049e6a89e2d8', 3, 3, '2091', '', 45.04, 1),
(227, '5ef25e06e0715703662ca4d97ff07946', 3, 3, '2092A', '', 84.02, 1),
(228, 'd1130ffa760f909c4869f6fc88df5d01', 3, 3, '2096', '', 120.45, 1),
(229, 'c1e3e5e2b18e13a9d37710b9f83e1bb2', 3, 3, '2099', '', 51.25, 1),
(230, 'c2bc90b309bf7df581ccaa16a4635e0a', 3, 3, '2100', '', 42.50, 1),
(231, '9d3875576be40e3e2a28c01e5a110128', 3, 3, '2101', '', 137.62, 1),
(232, 'b838a55f457c5c78b5ba699798921ef9', 3, 3, '2102', '', 137.62, 1),
(233, '21419ee34a6b169ea69cd98c86e4433e', 3, 3, '2103', '', 91.63, 1),
(235, 'c9ee9bda6c75d06d7bda8ff15ac426b6', 3, 3, '2107', '', 43.38, 1),
(236, '167632c3238aececf36728780997f5ed', 3, 2, '2110', '', 439.03, 1),
(237, 'cf45a3805b00723acb236c2a190ab071', 3, 2, '2111', '', 439.03, 1),
(238, '31740d4496ea6c2deb7ac6f9421017d1', 3, 2, '2112', '', 439.03, 1),
(239, '22494cf676ca8e57bd71b35a3e28f998', 3, 2, '2113', '', 439.03, 1),
(240, 'eb6c7139f5cb2448dbc75aaa6f42f06c', 3, 2, '2114', '', 439.03, 1),
(241, 'bbbdf3640097d1e6d1157db26a9e48bf', 3, 10, '3001', '', 2870.02, 1),
(242, 'a78c0906daf76ed062f5b6abbe9fc7cf', 3, 9, '3002', '', 745.12, 1),
(243, '7865a705c87bcaffb62eb798c3411873', 3, 9, '3002A', '', 745.12, 1),
(244, 'd84c41c77dc093b9fe5391c323e43af1', 3, 4, '3003', 'L3', 262.41, 1),
(245, '405d68b1bb668a858a5997218b75bee8', 3, 3, '3004', '', 26.50, 1),
(246, 'b5f84550cd9b41223a73d5c702306ffb', 3, 3, '3004B', '', 26.50, 1),
(247, '84e03c7c4d9070060dfa19c6cae8439b', 3, 5, '3006', '', 59.78, 1),
(248, '4c4362ea6c175bfbd8d3807c51930463', 3, 5, '3007', '', 50.37, 1),
(249, 'ee1715e8058257515e31b1c360af1238', 3, 5, '3008', '', 50.38, 1),
(250, 'a5037772401b4810feacbaced8208f3c', 3, 5, '3009', '', 50.38, 1),
(251, '00f034b081c290b8e11c997af3ca6bd0', 3, 5, '3010', '', 158.09, 1),
(252, '613c885767825eb38735372877c3da0a', 3, 5, '3011', '', 39.76, 1),
(253, 'c1e184c27d7c473c9e0ef3fdccb100cb', 3, 5, '3012', '', 32.29, 1),
(254, '6fa3ae4c26fee6ee94f7554d695cf1e7', 3, 5, '3015', '', 30.73, 1),
(255, '049502fa18ce51edc0903a6fa40c6c82', 3, 5, '3016', '', 27.03, 1),
(256, 'ef3b9c17aad0c5fb5504826e519deb76', 3, 5, '3017', '', 29.03, 1),
(257, '210b8296fd018eb47e70ecbf50a96054', 3, 5, '3018', '', 33.00, 1),
(258, 'b48af9e314f548aca3485fdfce2563ff', 3, 5, '3019', '', 33.00, 1),
(259, '65fefec062057821e7ad15bd98210978', 3, 5, '3020', '', 29.03, 1),
(260, 'f1f605f248c4d87fbbc7163742a4dcaf', 3, 5, '3021', '', 27.03, 1),
(261, '7cf9021044b4839ba8c83abae6359c3d', 3, 5, '3022', '', 30.73, 1),
(262, '90e09269ebb95cb72e6bae3ca9aa49b4', 3, 5, '3023', '', 75.82, 1),
(263, 'eb64111d24535dfb4a2044f29b06f5b6', 3, 5, '3024', '', 31.70, 1),
(264, 'b3a9b268ca8b3a5e5069f0fbf2dc13d5', 3, 5, '3025', '', 32.29, 1),
(265, 'd36b2d55ee35086e6aa9272c8bf6ef66', 3, 3, '3026', '', 203.05, 1),
(266, 'ff84932d9bf1255be685bda9a5ddcf32', 3, 3, '3027', '', 203.05, 1),
(267, '5087d9eab162ac161b726f141d26339b', 3, 5, '3028', '', 50.38, 1),
(268, 'c311ee1eb801858c9c7f34f5d8ec3410', 3, 5, '3029', '', 50.38, 1),
(269, 'e3d105e93b33d04feabaeeec9cfa71ec', 3, 5, '3030', '', 50.38, 1),
(270, 'bcd84c772102bf4631654b6fa9116b6d', 3, 5, '3031', '', 59.69, 1),
(271, 'e2c516417bc254397deb43d998b63785', 3, 4, '3032', '', 262.51, 1),
(374, 'a84447ed083b5dc4a909235c30275b50', 3, 3, 'S15', '', 174.74, 1),
(375, 'f426e68896cee10575ea0ec8e1d42600', 3, 3, 'S16', '', 174.74, 1),
(376, '58a7843626f1d7fddfdcd822dd37c88f', 3, 3, 'S17', '', 174.74, 1),
(377, '21a83a882031606b1872fc7aff8e52b7', 3, 3, 'S18', '', 42.76, 1),
(378, 'cfe53f5397305d7561e0df9156297ea6', 3, 3, 'S22', '', 41.20, 1),
(379, '50fef443efbda59e576fa4a241a48d5b', 3, 1, 'S26', '', 1295.25, 1),
(380, '8090bbc9d9bd1b771db876c8accfdbea', 3, 4, '1001', 'L1', 468.36, 1),
(381, 'c5c1fb6cdd08afc6039d331cfd158a76', 3, 3, '1010', '', 140.20, 1),
(382, 'd8bfe257c59f047511eb7f5beebe8f30', 3, 3, '1011', '', 154.14, 1),
(383, '31ed7704274d8e33d17e6709cea1198d', 3, 2, '1014', '', 239.75, 1),
(384, '4a576afce3b63f2d64f963f9a790963b', 3, 2, '1015', '', 239.75, 1),
(385, 'e2ebcdca0b9ebd5c352a80167f94f16a', 3, 3, '1016', '', 62.99, 1),
(386, '9fc5444382a9721a0c814e79fbfce7a9', 3, 3, '1017', '', 63.00, 1),
(387, '66739d4f0c4427d251fcdb93d337be34', 3, 3, '1018', '', 63.00, 1),
(388, '25a3e1fbe769fe458683cf81fab73a80', 3, 3, '1030', '', 56.88, 1),
(389, '40850014df43ed8c17f6b9c98c06e0f7', 3, 3, '1031', '', 39.75, 1),
(390, '8b649002fddbb47d6eaf21d48f28cf68', 3, 3, '1033', '', 50.00, 1),
(391, '76636b9511fd176352b4f5c51cd9720d', 3, 3, '1036', '', 50.00, 1),
(392, '98af39513847d240382be3704b02c24c', 3, 3, '1039', '', 37.00, 1),
(393, '7bb968404e5ef0365e72b3fbaf548588', 3, 3, '1041', '', 41.86, 1),
(394, '4849a43c2e3a453d7c3ea95017d3cc1e', 3, 3, '1045A', '', 50.12, 1),
(395, '2d817288ceeb2a2c01abfcc83666443f', 3, 3, '1047', '', 142.53, 1),
(396, '6606c5fdf0499f0796a90b85160f5715', 3, 3, '1059', '', 61.75, 1),
(397, '5037b1d424379da2e63c1176e813be93', 3, 3, '1061', '', 65.27, 1),
(398, '501ac871b3da0420006be738b6f52746', 3, 3, '1068', '', 41.75, 1),
(399, '1fe0dcf68fea9b5da3a30888279539fe', 3, 3, '1069', '', 41.75, 1),
(400, 'a1ee11357994f8d50223166507582376', 3, 3, '1070A', '', 46.00, 1),
(401, '39bb6fc4993b18d4ec95b79abd9ae084', 3, 3, '1073', '', 58.37, 1),
(402, '45fa9c20016234cbc1213b87357bbc15', 3, 3, '1075A', '', 44.50, 1),
(403, 'a204ff5dc05cc011390441bbab6dca7a', 3, 3, '1075B', '', 29.75, 1),
(409, 'f08923a81b7b9d8a79faff10b21a3318', 3, 3, '1086', '', 61.75, 1),
(410, '216a6d864423caba1e0ff3579020b0ff', 3, 3, '1087', '', 123.50, 0),
(411, '7a085829a01ad6af9df3ce8caeebffaa', 3, 3, '1088', '', 123.50, 0),
(412, 'c0a4385cbdea8af349fde36b704046d3', 3, 3, '1108', '', 83.50, 1),
(413, '42293f4fc17e4a0553000f9dd1e1c432', 3, 3, '1119', '', 83.50, 1),
(414, 'e6fad2104e776d329a56b557300cf15c', 3, 3, '1120', '', 83.50, 1),
(415, '9ae17d4da097fe5cc10044e215cea963', 3, 1, '2001', '', 2145.73, 1),
(416, '101062a6c605104c3f884c885644afe5', 3, 3, '2002', '', 93.90, 1),
(417, '2374996e140b72c76405d7788a46eab3', 3, 3, '2003', '', 93.90, 1),
(418, '76450677d1121648dc21598daf65bffb', 3, 3, '2004', '', 116.10, 1),
(419, '273fa2f88489bcb8c302a2079b3a0ba4', 3, 3, '2007', '', 134.73, 1),
(420, 'd5e92887cf96ba90b821f7df96bb5a9e', 3, 3, '2008', '', 134.73, 1),
(421, 'fc606bf7201b2203f3336a8c0bd450ec', 3, 3, '2012-2013-2014', '', 97.19, 1),
(422, '2539e9a7ba29188495c65dd580a261cd', 3, 3, '2013', '', 97.19, 1),
(423, '22f686da18adb4fcc233253f53be5c13', 3, 3, '2014', '', 97.19, 1),
(424, '1cafa01ef067524a618b9d5f66317797', 3, 3, '2018', '', 94.40, 1),
(425, 'a9250ae89bdc1381e1cfc2215f04d22c', 3, 3, '2019', '', 94.40, 1),
(426, 'd4f48dd1160579d88a03cc51fa766669', 3, 3, '2020', '', 94.40, 1),
(427, 'd9b113ff131da9077f6b01b044615b9e', 3, 3, '2026A', '', 52.60, 1),
(428, 'b443c280959ef7f49747e77046725d87', 3, 3, '2027', '', 42.50, 1),
(429, '0b2befa4ffc24cd7da441cc4502a8ec4', 3, 3, '2029', '', 42.50, 1),
(430, '196754f0b497106fe810fd736af73992', 3, 3, '2033A', '', 34.25, 1),
(431, '78966feb7a4fa8edfecd217551e4097c', 3, 3, '2037', '', 74.85, 1),
(432, '233e0a5561d46d0f81b5c0f60465b02c', 3, 3, '2044', '', 73.81, 1),
(433, '103765b202ac7609f3dbc6ca637259e0', 3, 3, '2050', '', 140.40, 1),
(434, 'dd4bc1389b7537cd201d0a310d6358f0', 3, 3, '2051', '', 30.20, 1),
(435, '7d216c2462bad38e90ebf902b213110c', 3, 2, '2053', '', 316.03, 1),
(436, '4f74f220416b98f307fa94d6573e7137', 3, 2, '2055', '', 316.03, 1),
(437, 'd297e177ef83d0ee0b435cb0ec64f378', 3, 3, '2056', '', 143.85, 1),
(438, 'c1eb3b8ef51ff34b52b550a8a565af87', 3, 3, '2057', '', 52.09, 1),
(439, 'e371e23d29f0ffb83453089f3b33dcf7', 3, 3, '2060', '', 113.96, 1),
(440, '1c663b38e16763d15ca89d10d8887243', 3, 3, '2061', '', 113.96, 1),
(441, '55f17d15ad4fe42bc3083f53cabd26b3', 3, 3, '2063A', '', 87.50, 1),
(442, 'f4db8551f5dc970bf3a53a6d1b1f4143', 3, 3, '2065', '', 94.51, 1),
(443, 'f77b50b86a63579f4ee1b59bedd98d97', 3, 3, '2067', '', 60.12, 1),
(444, '08d19198ed7f67d46ff1c285e3f850a5', 3, 3, '2071', '', 62.50, 1),
(445, 'b64a1d02bb3bec525cd5220351f6bf90', 3, 3, '2072', '', 62.50, 1),
(446, '433815a9f13acec4f3b0d27e48a4f8b2', 3, 3, '2076', '', 130.47, 1),
(447, '0de1d42d653d974aed2b2dd6b6a533ce', 3, 3, '2077', '', 130.47, 1),
(448, '34ce6242aa02d14065bc2c905b36c5c9', 3, 3, '2078', '', 130.47, 1),
(449, '008ac80d5a83bdd192222cf7e876b8c6', 3, 3, '2079', '', 62.58, 1),
(450, '762b48bfe508568f841b3e7f13f19d52', 3, 3, '2083', '', 107.10, 1),
(451, 'fde0b52059d5e43c5d137aa3e0cdcb70', 3, 2, '2084', '', 240.40, 1),
(452, 'e6dd7c38810f5affcfb51f1e26c6019b', 3, 3, '2085', '', 40.00, 1),
(453, '700858c3c576e68616aebdd3cdb078d1', 3, 3, '2086', '', 41.20, 1),
(454, 'e88800bc45456dc3330fa29397c3f1e0', 3, 2, '2087', '', 229.80, 1),
(455, '122b31bf7ba769c057ac1e70a92ac61c', 3, 3, '2089', '', 45.83, 1),
(456, '287bc39e83e92938bfb5d817adea064f', 3, 3, '2092', '', 53.05, 1),
(457, 'c7a8dd211554b1d39e4d86a512202b80', 3, 2, '2093', '', 455.10, 1),
(458, '03592d32a3273060b459d0438f69e335', 3, 2, '2094', '', 455.10, 1),
(459, '0a03f65afecd9ee1fb5c245b505ee326', 3, 3, '2095', '', 50.73, 1),
(460, '0eb4463c0498150d31f77d957afc0174', 3, 3, '2097', '', 123.25, 1),
(461, '352f885c317ad37fcd32b8af3e82efe0', 3, 3, '2098', '', 51.25, 1),
(462, '8f19c2e890028bf7e31fcb9732addcb3', 3, 3, '2104', '', 62.50, 1),
(463, '220e94ae1202518bc147fbaf46fcf77d', 3, 3, '2105', '', 107.50, 1),
(464, '7bc3abf6e7ff7c4ed0f492ac66556512', 3, 3, '2108', '', 100.00, 1),
(465, 'ab0de7d48516f3e14891ff945a44935e', 3, 3, '2109', '', 100.00, 1),
(466, 'ed26b7fc95f520fd2e11d308166f5598', 3, 3, '3004A', '', 53.00, 1),
(467, '240f164858520ac74fdb9eabb60efe1e', 3, 3, '3005', '', 53.50, 1),
(468, '8fab4dac05774efd1c5dddfef4969407', 3, 5, '3013', '', 107.52, 1),
(469, '17b6ace70ce6f5fa1dafe769b3a70942', 3, 5, '3014', '', 107.52, 1),
(470, 'cb1a7720eeab6287189b3dc6d4195d5b', 3, 3, '3032A', '', 26.75, 1),
(471, '65e57673d28f8196f067c46342008256', 3, 3, '3032B', '', 26.75, 1),
(472, 'f3eeccde5b8ec63d5b013d33be00fffd', 3, 3, '3032C', '', 53.50, 1),
(473, '0be04ebb473f2bf811949c6c9a23c47a', 3, 3, '3032D', '', 77.96, 1),
(474, 'c76af3d9ede21f177f3fbab689fe79b2', 3, 3, '3033', '', 52.27, 1),
(475, '2ae940fb6159b5b8c446e29cb52cbd6d', 3, 3, '3033A', '', 51.12, 1),
(481, '9f8604160270424a20a610f9c2be1a78', 3, 4, '1004-1005', 'L1', 277.35, 1),
(482, '9ba9693bcfbda12a969cc874f6833362', 3, 3, '1006-1007-1008', 'L1', 70.75, 1),
(483, '0fe86f084880552bcb6ae92ec40eae4f', 3, 3, '2005-2006', 'L2', 125.11, 1),
(484, 'c2262d1d6ced0d7481317ff1677bb1b3', 3, 3, '2106', 'L2', 43.37, 1),
(485, '452709f8985e23ca5c336d43bfeee96d', 3, 3, '2015-2016', 'L2', 33.41, 1),
(486, '9d30e0d980e5ca2f805a984982e4a108', 3, 3, '1077-1078', 'L1', 80.00, 1),
(487, 'c00c64096750e8f72c8dffb1ae9d3406', 3, 3, '1079-1080-1081', 'L1', 307.00, 1),
(488, 'a21a89530d619ef60c0d872355b8d6c8', 3, 3, '1087-1088', 'L1', 123.50, 1),
(489, 'de7ca6e8a8e86c68449aa57990730e7b', 3, 5, '3030-3031', 'L3', 110.07, 1);

-- --------------------------------------------------------

--
-- Estrutura da tabela `tb_lojista`
--

CREATE TABLE IF NOT EXISTS `tb_lojista` (
  `id_lojista` bigint(20) NOT NULL,
  `identificador` varchar(32) NOT NULL,
  `id_loja` bigint(20) NOT NULL,
  `id_usuario_responsavel` bigint(20) NOT NULL,
  `nome` varchar(255) NOT NULL,
  `responsavel` varchar(255) NOT NULL,
  `fraquia` int(11) DEFAULT '1',
  `imagem` varchar(255) DEFAULT NULL,
  `observacoes` text,
  `status` int(11) DEFAULT '1'
) ENGINE=InnoDB AUTO_INCREMENT=411 DEFAULT CHARSET=latin1;

--
-- Extraindo dados da tabela `tb_lojista`
--

INSERT INTO `tb_lojista` (`id_lojista`, `identificador`, `id_loja`, `id_usuario_responsavel`, `nome`, `responsavel`, `fraquia`, `imagem`, `observacoes`, `status`) VALUES
(32, 'a9ccc5852292b252e4ea577db18b5ff6', 69, 2, 'Giuseppe Relojoeiro', '', 2, '', '', 1),
(33, '1cffdb16874b157fc40ea1982f41db1f', 70, 2, 'Bicho Papão', '', 2, '', '', 1),
(34, '74e4230811a67a28b6835fa32058dad9', 71, 2, 'SOS Esmalteria', '', 2, '', '', 1),
(35, 'c4ec4e47f0ceecc41b7452ba735f2534', 72, 2, 'Ourocam', '', 2, '', '', 1),
(36, 'c161713c78a3eebbda96749404f750aa', 73, 2, 'Espaço Laser', '', 2, '', '', 1),
(37, '352e85995cecc23cb1f50ada1b40bcb7', 74, 2, 'F Cell', '', 2, '', '', 1),
(38, '9d187374bd2a5ccff9b9b10ebaa27174', 75, 2, 'Mega Matte', '', 2, '', '', 1),
(39, '7c0620a9c05daf2ce5e90bc930562e01', 76, 2, 'Ditado Popular', '', 2, '20180222162257_ditado_popular.jpg', '', 1),
(40, '00f954d99500f9b33d9df27572fe64e9', 77, 2, 'Outback', '', 2, '20180222161714_images.jpg', '', 1),
(43, '17a7021a40a91e8e6a938998a421b5d2', 83, 2, 'Chilli Beans', '', 1, '20180222193355_chilli_beans.png', '', 1),
(44, '6dcdb23a741f1bc1bab653cecccd6910', 84, 2, 'Bella Mulher Cosméticos', '', 2, '', '', 1),
(45, '4df2e68262a43e8bfc3b9a361bf9b0e2', 86, 2, 'Beto Sports', '', 2, '', '', 1),
(46, '3dae11c8ecbd4ae14a6084cfc8b0de18', 87, 2, 'Açaí Energia Pura', '', 2, '', '', 1),
(47, '61dfe7f0140307561aca9ce1463bf927', 88, 2, 'Renner', '', 2, '', '', 1),
(48, '8a1f412fe83359ddc8919f7b81d29077', 89, 2, 'Bagagem', '', 2, '', '', 1),
(49, '540c8b7869fdd6fba301966732d2ff33', 90, 2, 'Skechers', '', 2, '', '', 1),
(50, 'b5fecd363f029ad7e09968370b9eea12', 91, 2, 'Drograria América', '', 2, '', '', 1),
(51, 'f652311dcc9113feb95dcf703c4979c6', 92, 2, 'Fenzzo', '', 2, '', '', 1),
(52, '7513be7a252e6968b3ab5eda56f20131', 93, 2, 'BrasiPhone', '', 2, '', '', 1),
(53, 'd8aa469ae29a40d5d7423dc355950961', 94, 2, 'Nil Acessórios', '', 2, '', '', 1),
(54, 'fc1efede09ca2cd45a593a4037197659', 95, 2, 'Donini Country', '', 2, '', '', 1),
(55, '9f12395f94a7808fa932c324d2244567', 96, 2, 'Linda Rosa', '', 2, '', '', 1),
(56, 'fc7aa16d6cc17445b56bde34b5bba308', 97, 2, 'City Lar Prime', '', 2, '', '', 1),
(57, '045d4820aa523f36f9cbbb59b8a5a7ad', 98, 2, 'Mister Games', '', 2, '', '', 1),
(58, 'c7c4a19228d4a240ea3baa4a4922850f', 99, 2, 'Alphabeto', '', 2, '20180222192350_alphabeto.png', '', 1),
(59, '291835865d1a67cfa992cde43ffd8b00', 100, 2, 'Rommanel', '', 2, '', '', 1),
(60, 'b8877c8758c87afaddb0e1f27450a8ab', 101, 2, 'Ducha', '', 2, '', '', 1),
(61, '07da59ece62ec6227e73c0cabd97711d', 102, 2, 'Avenida', '', 2, '', '', 1),
(62, '66c36417b977e657028529d42a7ed6bd', 103, 2, 'Tyrol', '', 2, '', '', 1),
(63, '8227326868727a1ba0fac46a6f293d14', 104, 2, 'Ballad', '', 2, '', '', 1),
(64, '32b74a719224acca36e54d2dc748abb1', 105, 2, 'Puket', '', 2, '', '', 1),
(65, '54352142370c46a2aef0f2dec3989891', 106, 2, 'Pequeninos Moda Infantil', '', 2, '', '', 1),
(66, '0b3b0d3204f1f5a45443b2b4e5b11169', 107, 2, 'Lilica &amp; Tigor', '', 1, '20180222162329_lilica_tigor.v2022.jpg', '', 1),
(67, '71431d7c44c1147f79d42c1bf9c60d2a', 108, 2, 'Mega Som', '', 2, '', '', 1),
(68, 'c52d6bb9978d076cedee18342bd78096', 109, 2, 'Infinity Jóias', '', 2, '', '', 1),
(69, '081ed870270157616c9e869aae8b8d4a', 110, 2, 'China Modas', '', 2, '', '', 1),
(70, '09411300fdadc95ad7bfb63e71e2e1f6', 112, 2, 'Marcio Designer', '', 2, '', '', 1),
(71, 'ba0c6d534444c642546a96e15ad4a15a', 113, 2, 'Tok&Stok', '', 2, '', '', 1),
(72, 'e7ec143bcb6b9ad0e91520f38bf25c96', 114, 2, 'Farmácia Criativa', '', 2, '', '', 1),
(73, 'eacafe7b17ac5fabbfd696983986cdf5', 115, 2, 'Agemed', '', 2, '20180222164249_agemed.png', '', 1),
(74, '9b4a0c3ab41db082a2234cdf15171727', 116, 2, 'Evviva', '', 2, '', '', 1),
(75, '6f10fa251ab8d23afe47cd49c6441973', 117, 2, 'Mel Store', '', 2, '', '', 1),
(76, 'f6d0586770865fb981e495acc9710e87', 118, 2, 'Lups Esportes', '', 2, '', '', 1),
(77, 'b6d63652f0333dae56ab13bf7e7fcba0', 119, 2, 'Probel', '', 2, '', '', 1),
(78, '6fdc75a50b416d48617bd33e7958d338', 120, 2, 'Mãe e Filha', '', 2, '', '', 1),
(79, '88b99da3500e5e780ac5788585baa5b4', 121, 2, 'Camicado', '', 2, '', '', 1),
(80, '8d619a051cb4feb5a6579cce1ba47c0d', 122, 2, 'Artex', '', 2, '', '', 1),
(81, '1128fdc80d6adebdb52c105cb38e5e24', 124, 2, 'Clube da Criança', '', 2, '', '', 1),
(82, '75edb4d5c82ec8ba5487fb0b8d8ccf2f', 125, 2, 'City Shoes', '', 2, '', '', 1),
(83, 'a3aa2024b89b15e9f619d291d5592050', 126, 2, 'CVC', '', 2, '', '', 1),
(84, '45c5772c753492a31adf9bca6ef38600', 127, 2, 'Nicolli Jóias', '', 2, '', '', 1),
(85, 'bb297003ecd9a57525c4b507af3a2b35', 128, 2, 'Café Pilão', '', 2, '', '', 1),
(86, 'deb7f282659e9f2912848eb1a02026e8', 129, 2, 'Morana', '', 2, '', '', 1),
(87, '87646456e457c5cabe532d2744cd2f86', 130, 2, 'Supermarcas', '', 2, '', '', 1),
(88, 'fcb29f8e583d85690b7ca5fa4dfe7a9e', 131, 2, 'Youcom', '', 1, '20180222171240_youcom.png', '', 1),
(89, '95145a6a8ed791754d0ee7b9af7f5197', 132, 2, 'Mahogany', '', 2, '', '', 1),
(90, 'a47f7c68c14f51d56958166604a014cc', 133, 2, 'Hope', '', 2, '', '', 1),
(91, '87fb483086ae8a505f3ffd1985b91781', 134, 2, 'Smoke', '', 2, '', '', 1),
(92, '2983a36a6632f76eb87326ad34cd367b', 135, 2, 'Bolo de Arroz', '', 2, '', '', 1),
(93, '7b8217e88ac63fdc2b1e8895db69ec23', 136, 2, 'Ótica Phoenix', '', 2, '', '', 1),
(94, 'ecb28651f70966037acf6096cf7dd2ff', 137, 2, 'Mon Bijoux', '', 2, '', '', 1),
(95, '57f03f71514dc314c4b39fa000ec13f7', 140, 2, 'Kalunga', '', 2, '', '', 1),
(96, 'cc5c2967de51336b0108c8a9fa3b9b56', 143, 2, 'Dmaria', '', 2, '', '', 1),
(97, '0af6a5680e1aab8d2f1c5addd9c49943', 144, 2, 'Bendita Benedita', '', 2, '', '', 1),
(98, '01bdc5d527b16d3cfb8a87a27a3ce059', 145, 2, 'Cookay', '', 2, '20180222162730_cookay.jpg', '', 1),
(99, '9a9774ffaffadf008be990e686fed2b9', 146, 2, 'Luciula', '', 2, '', '', 1),
(100, '2b90cbd3ec0d9625a4c13b5756c4aeb4', 148, 2, 'Cacau Show', '', 2, '', '', 1),
(101, '5d19e0b52adc221d654d285bed6e85bd', 149, 2, 'Tip Top', '', 2, '', '', 1),
(102, '6fae81a3e97ba7ef2ab10b9134b0e066', 150, 2, 'Crocs', '', 2, '', '', 1),
(103, '3bfd7cbdb3bb56b0aa4681e3d6b2109a', 151, 2, 'Diz Wear', '', 2, '', '', 1),
(104, '865677737a12e61f3e1b74491176ecda', 153, 2, 'Bella Vip', '', 2, '', '', 1),
(105, '94441d4177303955ffad5666621a6a92', 154, 2, 'Lupo', '', 2, '', '', 1),
(106, '806eb5715d45b6f2a3446a2e958a0994', 155, 2, 'Casas Bahia', '', 2, '', '', 1),
(107, 'b10b58a423b5e8b3f1b98bbb6cd64582', 156, 2, 'Uva & Verde', '', 2, '', '', 1),
(108, '80db9faebaad4d84129500fa38d62a1d', 158, 2, 'Pé 2 Kids', '', 2, '', '', 1),
(109, '2026e44510b475b5538af27b7a47d694', 159, 2, 'SLY Store', '', 2, '', '', 1),
(110, '7223a192c1509ea597785ad0bd57d855', 160, 2, 'Kadri', '', 2, '', '', 1),
(111, 'd5799f8a6a8059c61d0c1fd6bbb2e6a8', 161, 2, 'Mari Bell', '', 2, '', '', 1),
(112, 'ae1bbfb7d0e0a22f9d6abf34db1e6a99', 162, 2, 'Malukinha', '', 2, '', '', 1),
(113, '06042cb93ec9e6bd70a56c73abe6dfd7', 163, 2, 'TIM', '', 2, '', '', 1),
(114, '678bf9d236691e6271f6ff763fbc1636', 164, 2, 'Mr. Black', '', 2, '', '', 1),
(115, '7472c55dfe0964b434af4f0294c4a87e', 165, 2, 'Capricho', '', 2, '', '', 1),
(116, '8281c648095351a61fc043704450bbf0', 166, 2, 'Real Bebê', '', 2, '', '', 1),
(117, 'e7ec8bb1f049521c062604244572c9aa', 167, 2, 'Mabi Store', '', 2, '', '', 1),
(118, '7fd25102c55bb9dd01e9ee0f6fb143b3', 168, 2, 'Donna Chic', '', 2, '', '', 1),
(119, '4cfcdf93a5d2ebea195a2a8b17647723', 169, 2, 'Constance', '', 2, '', '', 1),
(120, 'dd45dc6854d69590553cac7a670e93c1', 170, 2, 'Maria Flor', '', 2, '', '', 1),
(121, '0f732e53952bf1d3aa117265c437c9ac', 171, 2, 'Vértyce', '', 2, '', '', 1),
(122, '059b68ae6893e8f3207597b9918e61cb', 173, 2, 'Delos Gelateria', '', 2, '', '', 1),
(123, 'aa05828da09eee214ba4493885557000', 174, 2, 'Samsung', '', 2, '', '', 1),
(125, '9d25be4d26cbc4dba3aad85b3a9256eb', 177, 2, 'Fabrizio Giannone', '', 2, '20180222171106_fabrizio_giannone.png', '', 1),
(126, '3fcffde341f5d70d872d3ee5bde3b4ee', 178, 2, 'Brie Café', '', 2, '', '', 1),
(127, '6d78079b83cf338524533232887ee62e', 179, 2, 'Sushi Box', '', 2, '', '', 1),
(129, 'a35febedff2fa19a8fa6a5a7468df881', 182, 2, 'Riachuelo', '', 2, '', '', 1),
(130, 'f124cfacfd5660ecf70f10a74bd21a2e', 183, 2, 'Original Cosmetics', '', 2, '20180222184358_logo_site_original_cosmetics.png', '', 1),
(131, 'e5a185b112108cc2bde48cae0d50a914', 184, 2, 'Cuore di Maria', '', 2, '', '', 1),
(132, '26956e1a491c57b6bbb84a5ad7f65096', 185, 2, 'Sallete Semijóias', '', 2, '', '', 1),
(133, 'ef180d5ca97a2eff70a2d5310f1b4da6', 186, 2, 'Mr. Cheney', '', 1, '20180222184424_mr._cheney.png', '', 1),
(134, 'fafa89fb49373113149e319ed6689f3b', 187, 2, 'Raisa Armazén', '', 2, '', '', 1),
(135, '760e08b83f6b540c849daf7a79da8de0', 188, 2, 'Corpo e Arte', '', 2, '', '', 1),
(136, '8e6e06d291c558ba0f3597a1779a0400', 189, 2, 'Linda da Praça', '', 2, '', '', 1),
(137, '1a18a386a5168ee95f2766c0dd079ad5', 190, 2, 'Chiquetosa Store', '', 2, '', '', 1),
(138, '1c757a9793042626c0c389cf34623d98', 191, 2, 'Samello', '', 2, '', '', 1),
(139, '33b48b49f956ad87cbcecbe4dd152781', 192, 2, 'Saraiva', '', 2, '', '', 1),
(140, 'ed13bd8fb105e463b1d5e9b04580331f', 193, 2, 'Quem Disse Berenice?', '', 2, '', '', 1),
(141, 'c60fffc00605ed9102bedf4efd3ceb44', 194, 2, 'Valentina Store', '', 2, '', '', 1),
(142, '8bb59ddda5eee77a84267bba61840716', 195, 2, 'Amiss', '', 2, '', '', 1),
(143, 'e3ba65b5e78b7fa2ab559cbb48111297', 196, 2, 'Cia Marítima', '', 2, '', '', 1),
(144, 'd09279730922d16897508762688a044e', 197, 2, 'Lojas Americanas', '', 2, '', '', 1),
(145, '6647da0512d06952cb63e7ec784d2008', 198, 2, 'Moda Mais', '', 2, '', '', 1),
(146, '4e991e6f06c468014ddc0b931c5ba877', 199, 2, 'Cristina Cavalcanti', '', 2, '', '', 1),
(147, '7661cc9a57a5d7949aff98a409e33b16', 200, 2, 'Serelepi', '', 2, '', '', 1),
(148, '0b8618a3b756df8685d1f4a3d5ca00c5', 202, 2, 'Espaço Hype', '', 2, '', '', 1),
(149, '8de2ca7e03d98ce8269de84a26f7f51c', 203, 2, 'Empada Brasil', '', 2, '', '', 1),
(150, '64ff097444bf8b71c167e67dc707663a', 204, 2, 'Ri Happy', '', 2, '', '', 1),
(151, '3515ba6878aec0c5e7eb492f70e4ca5b', 205, 2, 'Casa Conforto', '', 2, '', '', 1),
(152, 'f1a892265cc554491ab4e6e872d059d0', 207, 2, 'Universo do Corpo', '', 2, '', '', 1),
(153, '6cc8c0be36a3945819ed8dc6012d58b4', 208, 2, 'Café de Vó', '', 2, '', '', 1),
(154, '79f4b205c6f6334c98a2ebce6e7c76b9', 209, 2, 'Haveny', '', 2, '', '', 1),
(155, 'f88e27d7a4298382e25952e42c43ec36', 211, 2, 'Centauro', '', 2, '', '', 1),
(156, '8ff140e558c791bcc824f992ede38f1d', 212, 2, 'Havaianas', '', 2, '', '', 1),
(157, '72ecf397c071ec3921bfbfb8ae57d0dd', 213, 2, 'Vivara', '', 2, '', '', 1),
(158, 'fc14c53acc5ce325803596b98e9ccf1d', 214, 2, 'Optica Modelo', '', 2, '', '', 1),
(159, '51bfb4a066f05ee12bb14f0a4d06c88e', 215, 2, 'Animale', '', 1, '20180222165519_animale_logo.jpg', '', 1),
(160, 'f6ad5a5e420145045535d481d1a0befa', 218, 2, 'M Martan', '', 2, '', '', 1),
(161, '1a31132144ca951867ec04d8dba2e681', 219, 2, 'Tommy Hilfiger', '.', 2, '20180222180505_tommy.png', '', 1),
(162, '459395e80e7c3c1f453d0d03c48ced2e', 220, 2, 'Jorge Bischoff', '', 2, '', '', 1),
(163, '7b339c0f386027ca06bfda6425dcb0d1', 221, 2, 'Richard''s', '', 2, '', '', 1),
(164, '323a833052fb47710f8f257de024413e', 223, 2, 'Bobstore', '', 2, '', '', 1),
(165, '3f7e58d62819c2a19ebda7bdf40f908b', 224, 2, 'Track & Field', '', 2, '', '', 1),
(166, '4346b665c60b220a4b5cea792b279baf', 225, 2, 'The Body Shop', '', 2, '', '', 1),
(167, 'bee3ae61b8d03057ff5286e69142a06b', 227, 2, 'Ellus', '', 2, '', '', 1),
(168, 'b91683c5195318f6c6739b3e15330e9f', 228, 2, 'K Store', '', 2, '', '', 1),
(169, 'defa5f4ca6f5f3357e1b66e1dade9d04', 229, 2, 'P&P Folheados', '', 2, '', '', 1),
(170, '475e085b95ea64d488c6db3b515aadf6', 230, 2, 'La Lolita', '', 2, '', '', 1),
(171, '2a2989cf9f2db5a948c3e4eb5fd50f33', 231, 2, 'Townley', '', 2, '', '', 1),
(172, 'b1cdd0747ca81a025aa3e7271a34309a', 233, 2, 'Dom Manoel', '', 2, '', '', 1),
(174, '7507598d71ecc58113913580e436dd90', 235, 2, 'Polo UK', '', 2, '', '', 1),
(175, '4af74095f5b6c6279fe2227b9232c032', 241, 2, 'Cinépolis', '', 2, '', '', 1),
(176, 'e645641e8fdcb917bfd1f06521c30d2d', 242, 2, 'Planet Park', '', 2, '', '', 1),
(177, 'e41e5328682200493c25a53e7cf49ea3', 244, 2, 'Nutrana', '', 2, '', '', 1),
(178, 'c4975239bd46330d361231906658bba1', 245, 2, 'Elshaday', '', 2, '', '', 1),
(179, '9850c6b3f1c77cac3b3b6bee0b2d706f', 246, 2, 'Chiquinho Sorvetes', '', 2, '', '', 1),
(180, 'ad4f6425de41bba3a596753b07bd11e0', 247, 2, 'Bob''s', '', 2, '', '', 1),
(181, '39cd878fbf96e1f1c8a5e31e5a7d0249', 248, 2, 'Giraffa&#039;s', '', 2, '20180222162918_giraffas.png', '', 1),
(182, '870ec248ab1f336f4cdc821c6829f9c0', 249, 2, 'Sabor de Vó', '', 2, '', '', 1),
(183, '3174f0c28b0444933e1bbbdd88e76afc', 251, 2, 'Caldeirão Mineiro', '', 2, '', '', 1),
(184, '800d02bb9ccd69b518ea9cb270c45079', 252, 2, 'American Highway', '', 2, '20180222165709_a.jpg', '', 1),
(185, 'e96d9d8de82f0dabb445e24acf573bef', 253, 2, 'Roasted Potato', '', 2, '', '', 1),
(186, 'd5f16cb2f4a456f5d2e97f5bfcfc31bb', 254, 2, 'Vivenda do Camarão', '', 2, '', '', 1),
(187, '6a43d1144f625c04674ac113d39932f2', 255, 2, 'Spoleto', '', 2, '', '', 1),
(188, 'bf811481d8a3566a0ee3f63fdac3ed09', 256, 2, 'Takeo Pastéis', '', 2, '', '', 1),
(189, 'b28057467147bfb88aa5158599abbe32', 257, 2, 'Seletti', '', 2, '', '', 1),
(190, '723b76849110ffa36f545ab12a24ca49', 258, 2, 'Haru', '', 2, '', '', 1),
(191, 'a5d5ca2fe8d76d91f129e59e24210bc9', 259, 2, 'Parmeggio', '', 2, '', '', 1),
(192, '3942af6b91d24bb1b307b3db5983ae55', 260, 2, 'Baba de Moça', '', 2, '', '', 1),
(193, '3315def4541d7d189afc47996987f55c', 261, 2, 'Subway', '', 2, '', '', 1),
(194, 'a5cefe54e5ca0c35da723aa3408c6539', 262, 2, 'Cozinha dos Fundos', '', 2, '', '', 1),
(195, 'afd64262f9605994ac0d8a3d20b2e619', 263, 2, 'Creps', '', 2, '', '', 1),
(196, 'b6cb82918a560b0950aeb7aab5a5e1b2', 264, 2, 'Perpitola', '', 2, '', '', 1),
(197, 'e809de40e3ba79a3179409189fd88bb1', 265, 2, 'Mc Donalds', '', 2, '', '', 1),
(198, '1c0e17f48617f5fad71e6e6a7fd209a1', 267, 2, 'Pizza Hut', '', 2, '', '', 1),
(199, 'c52c9d242b59bb917d83728c18093292', 268, 2, 'Diletto', '', 2, '', '', 1),
(200, '323d5eb02f4d8cbfb55cb38b3a6fc6bc', 269, 2, 'Griletto', '', 2, '', '', 0),
(201, '076a15271a55a7195a09abc860ad076e', 270, 2, 'Divino Fogão', '', 2, '', '', 0),
(202, 'e307c17f044cf6dba4071958c3c1c32d', 271, 2, 'Marollo', '', 2, '', '', 1),
(203, '383903e819b2743e73cdf8067120c488', 51, 2, 'Bio Ritmo Academia', '', 2, '', '', 1),
(204, 'b7ae6c5dea062aa371e7cc3d5b5c2370', 54, 2, 'Empada Brasil', '', 1, '20180222171756_empada_brasil.png', '', 1),
(205, '3049141cce7039643405d5961875944e', 55, 2, 'Le Belle', '', 2, '', '', 1),
(206, '8571d27f0d4033d9eafe469dc8619408', 57, 2, 'Blow Up', '', 2, '', '', 1),
(207, 'c3a8fa3e70fadec8b0f6f9e1b32f7af9', 58, 2, 'Grão Expresso', '', 2, '', '', 1),
(208, '27271eba299012c9cd73e1a6e9ae9674', 59, 2, 'Dedal', '', 2, '', '', 1),
(209, '69e688a29a723a8fff4b2b4f6f29b4fc', 60, 2, 'L.A Cyber', '', 2, '', '', 1),
(210, '5a7b4c27af1e402bd1c0b04d365a7337', 62, 2, 'Dry Wash', '', 2, '', '', 1),
(211, 'b400882a2c8fbb34811b8d83470c7c80', 63, 2, 'Sal Locadora', '', 2, '', '', 1),
(212, '60b192af3c057dea4834857126c347de', 65, 2, 'Corretora', '', 2, '', '', 1),
(213, 'ec66f66caf6eabb898776c4158568a33', 67, 2, 'Adrenalina', '', 2, '', '', 1),
(214, '845dc941d488deacef8a9b166e84e574', 67, 2, 'Post Net', '', 2, '', '', 1),
(293, 'f9a372996679a3ef6b524bc0e84cae6c', 374, 2, '', '', 2, '', '', 1),
(294, '7e82405624037ed8c9f4eab1898b5dd9', 375, 2, '', '', 2, '', '', 1),
(295, 'edaaf09a28cae81fad2d9b4be403332b', 376, 2, '', '', 2, '', '', 1),
(296, 'c880691cf86ed5d468a4783e81c44fa1', 377, 2, '', '', 2, '', '', 1),
(297, '9695f14fe758fe1ff0832af2c6e6e68f', 378, 2, '', '', 2, '', '', 1),
(298, 'f0671c290fd7dca60cb7294e7c1bdd94', 379, 2, '', '', 2, '', '', 1),
(299, 'e62de249b062ce103b79cff76eb7e456', 380, 2, 'Coco Bambu', '', 1, '20180222162824_coco_bambu.png', '', 1),
(300, 'e6db8da26bb89fa474a69c2dd2acaa53', 381, 2, 'Hering', 'Maria flavia', 1, '20180222162959_hering.png', '', 1),
(301, '2a90f02ac9baf1684e7180c7a15239f1', 382, 2, '', '', 2, '', '', 1),
(302, '003bed6a8adc3d28e08d7ebeef28cafa', 383, 2, '', '', 2, '', '', 1),
(303, 'e4b8c111fc0d8086159639a0d4ef3478', 384, 2, '', '', 2, '', '', 1),
(304, 'c7eba9e134fcce670a6f0f23e0d82fcd', 385, 2, '', '', 2, '', '', 1),
(305, '3b195a43c9743babf4adad78df785481', 386, 2, '', '', 2, '', '', 1),
(306, '966e78d26a522e83b700572ec888b028', 387, 2, '', '', 2, '', '', 1),
(307, '56a1c234b7a13baadfd1bc5e677a8226', 388, 2, 'República da Criança', '', 2, '', '', 1),
(308, '6105ea93514f2ef661836320aabfd953', 389, 2, 'Ágata Jóias Folheadas', '', 1, '', '', 1),
(309, 'f43e049348ed004310aa06989cd3f735', 390, 2, 'Ana Bernardon', '', 2, '', '', 1),
(310, 'a2892e31706b9c5eae85ff3c596639a4', 391, 2, 'PUC', '', 2, '20180222170433_puc.jpg', '', 1),
(311, 'f2a514696fb6ceb0c890e542cc0aef59', 392, 2, 'Quem Disse Berenice?', '', 1, '20180222170715_quem_disse_berenice.jpg', '', 1),
(312, '8fdb5fbf95aeb772c871e3a11c17a39a', 393, 2, '', '', 2, '', '', 1),
(313, 'c607fb69365b2b3f69fe06671e9beb27', 394, 2, 'DL Store', '', 2, '', '', 1),
(314, '3903e94bff0b929838b695350cb38cd9', 395, 2, '', '', 2, '', '', 1),
(315, 'f4c53d960074b4a53262b2d429d3fe0d', 396, 2, 'Todeschini', '', 1, '20180222183723_todeschine.jpg', '', 1),
(316, '2b3c154fbd24708a66778408e3ce5ca1', 397, 2, 'Mel Store', '', 2, '', '', 1),
(317, '54850f61fd3873ad4f61248af48aac1a', 398, 2, '', '', 2, '', '', 1),
(318, '79c1601a8993d839a28c303365ba69ee', 399, 2, '', '', 2, '', '', 1),
(319, '9cb0965d35e0d8bae049c5433eaa33c1', 400, 2, '', '', 2, '', '', 1),
(320, 'f6ab78eb6f91ff88c158ba771e3198ea', 401, 2, 'Hering Kids', '', 1, '20180222184628_hering_kids.jpg', '', 1),
(321, 'dbcab661cb18a40b1025c1ad68936124', 402, 2, '', '', 2, '', '', 1),
(322, '0e3e6d3a5ab2c0add846c5983974819b', 403, 2, '', '', 2, '', '', 1),
(328, 'a3c7bf1444b3c4c7dde9a2753fc0f9ad', 409, 2, 'Romamor', '', 2, '', '', 1),
(329, '2bda98961adab60be5fc30965ff78246', 410, 2, '', '', 2, '', '', 0),
(330, '1984e71698d9d3dd4f5c770b4a8f9767', 411, 2, '', '', 2, '', '', 0),
(331, 'a4cf53abe91ef8d20b385375acf6ed0b', 412, 2, '', '', 2, '', '', 1),
(332, 'a08f96d22d2828ce0564010e4ee47684', 413, 2, '', '', 2, '', '', 1),
(333, 'a1c17a4c1d0510f32548280451028ae6', 414, 2, '', '', 2, '', '', 1),
(334, 'ef3c442e589ddae85b9543da8b852f0d', 415, 2, '', '', 2, '', '', 1),
(335, '14e8da4463a8846cf38df5bbbb5395ae', 416, 2, '', '', 2, '', '', 1),
(336, 'c2881a6c18fc03ba823fec18f6b5c18a', 417, 2, '', '', 2, '', '', 1),
(337, '07d11b7ffbed3615b442f06778478d2d', 418, 2, '', '', 2, '', '', 1),
(338, 'ecdd3165ed6db7bdf416748e9a67299a', 419, 2, '', '', 2, '', '', 1),
(339, '03af8e5fc69ff5b333b872f869786537', 420, 2, '', '', 2, '', '', 1),
(340, 'bb39e41dea694ff9e5ba254bd42f274b', 421, 2, 'MOB', '', 1, '20180222171710_mob.png', '', 1),
(343, 'a86d8842462b4a21cd3aa1e786cabbac', 424, 2, 'Claro', '', 1, '20180222184210_claro.png', '', 1),
(344, 'a3d6341a9d154c1e66b1f89cd1813bab', 425, 2, '', '', 2, '', '', 1),
(345, 'a7777c3cc1245e2a72af3f610a0740c2', 426, 2, '', '', 2, '', '', 1),
(346, 'a55a22b8dbe54b3def0e6e7dd57294b8', 427, 2, '', '', 2, '', '', 1),
(347, '2819ca14bb4855745f968a38fc1386e7', 428, 2, '', '', 2, '', '', 1),
(348, '293480ce11f4afaf39fe371af2a0b9b6', 429, 2, '', '', 2, '', '', 1),
(349, '33075520644902258d5cc6a053c13cb7', 430, 2, '', '', 2, '', '', 1),
(350, '8423104c3215b185b53212634d38c2eb', 431, 2, '', '', 2, '', '', 1),
(351, '27350afbf0603c1301a18f9c3f2b7637', 432, 2, 'Casa Prado', 'Geraldo Prado', 2, '20180222184854_casa_prado.png', '', 1),
(352, 'e70057e8290b3d26840da13cd37a64e9', 433, 2, '', '', 2, '', '', 1),
(353, '98d65f229cbce09ed5d9f35ae4f536ac', 434, 2, '', '', 2, '', '', 1),
(354, '22426662e9828b1a47471dbe23dc36e8', 435, 2, '', '', 2, '', '', 1),
(355, 'b24ac63e6da3fe2ca749b9c7ac3db597', 436, 2, '', '', 2, '', '', 1),
(356, '4cce41da8d80d4b6717bc4a7a608e11e', 437, 2, '', '', 2, '', '', 1),
(357, '3ea4926aabc9dff88b8ae259b3b0e778', 438, 2, '', '', 2, '', '', 1),
(358, 'd856ad5164ab9ac20b7e9c37f2676e06', 439, 2, '', '', 2, '', '', 1),
(359, '43d53db43646eee0d1944613626f45e3', 440, 2, '', '', 2, '', '', 1),
(360, '3518108565774aaeddcfc15bcdbe3f5d', 441, 2, '', '', 2, '', '', 1),
(361, 'bdef42e3dff3e06564259e065bf84f81', 442, 2, 'Loungerie', '', 1, '20180222185222_loungerie.png', '', 1),
(362, '6af80670289a5fd453d0d69eca011428', 443, 2, '', '', 2, '', '', 1),
(363, 'c301c17dc54c33d5ec37c10bb9d4b25e', 444, 2, 'Maria Filó', '', 2, '20180222185346_maria_filo.png', '', 1),
(364, '5c3175d0588535b780f593482512c3e5', 445, 2, 'Stroke', '', 1, '', '', 1),
(365, '384bf52bcc301183de0403d4fb4218f7', 446, 2, '', '', 2, '', '', 1),
(366, 'e18746a13247df2aa81a1dcef7daf3eb', 447, 2, '', '', 2, '', '', 1),
(367, '1b7539b87b185600ff09f9bde82d2329', 448, 2, '', '', 2, '', '', 1),
(368, '463aee5316188b6d427c0d9ba564b83c', 449, 2, '', '', 2, '', '', 1),
(369, '4cd2f13d5e0ca3ed3cd0bc1708db3f00', 450, 2, 'Aramis', '', 1, '20180222185827_aramis.jfif', '', 1),
(370, '9c8a25d4a33cad4c24c63f3f143ddc19', 451, 2, '', '', 2, '', '', 1),
(371, '9a03da1d6ab12ac3de7a193f73d5d480', 452, 2, '', '', 2, '', '', 1),
(372, 'b89f0a03afb2ff95e9ce16c93784dfaf', 453, 2, '', '', 2, '', '', 1),
(373, '978874e1423a8dd04f2327d75c6adccd', 454, 2, 'Mr Cat', 'Marcia Haddad', 1, '20180222190030_mr_cat_leblon_logo_1132x670.png', '', 1),
(374, '13f00b2ecd818bf72988b72caa40d120', 455, 2, 'TVZ', '', 1, '20180222180226_tvz.png', '', 1),
(375, '94f6f4b4288ec93a009f81c92f420316', 456, 2, '', '', 2, '', '', 1),
(376, 'abb85fc8b42c4565116c22c0ab3b7ce3', 457, 2, '', '', 2, '', '', 1),
(377, '8e2e7a9d715f421f72ee3a3ffabaaee4', 458, 2, '', '', 2, '', '', 1),
(378, 'fb05dd7edddaf84dd4007a0b257ce22e', 459, 2, 'Solução Cosméticos', '', 2, '20180222190607_solucao_cosmeticos.png', '', 1),
(379, '26c4afba9f14e67f52378c59cc6b1bfa', 460, 2, 'TNG', '', 1, '20180222185241_tng.png', '', 1),
(380, '18d720da523756fc7d97e721c4c7fc9e', 461, 2, '', '', 2, '', '', 1),
(381, '39e13209ba3d9a90c5ebac36a609a4e6', 462, 2, 'Pãonine', '', 2, '', '', 1),
(382, '1816516a9d5beb0c95b8d1b5f999161a', 463, 2, '', '', 2, '', '', 1),
(383, 'd1f500c2e668f356361a961a4cdbee5c', 464, 2, '', '', 2, '', '', 1),
(384, 'c1222a71963be0b739817da752062aff', 465, 2, '', '', 2, '', '', 1),
(385, '5ccdaa7ac69f9754d72195a47d8bc182', 466, 2, '', '', 2, '', '', 1),
(386, '6e704fdbbbc85d6f3763942976b6adda', 467, 2, '', '', 2, '', '', 1),
(387, 'aa2896f090468f4b14f6a513d317fbe1', 468, 2, '', '', 2, '', '', 1),
(388, '002ae9b9f41f39848d6b946ffd9ca3fb', 469, 2, '', '', 2, '', '', 1),
(389, 'bded3869f441be77fb7bebe63bdec526', 470, 2, '', '', 2, '', '', 1),
(390, '12d1708291b0a803fe78d34f30dc2526', 471, 2, '', '', 2, '', '', 1),
(391, '1beecd2d7bb6f0e1f1fb03bc784776eb', 472, 2, '', '', 2, '', '', 1),
(392, '6a91943e34012f0405d1245045d04f8a', 473, 2, '', '', 2, '', '', 1),
(393, '1f166db0866e8ee80f18b69cb4ab3d76', 474, 2, '', '', 2, '', '', 1),
(394, '92183af4f67c3d11d3389ded241aa4bd', 475, 2, '', '', 2, '', '', 1),
(401, 'a8f16c919f41400db78d2d0482e580ba', 482, 2, 'BLM', '', 1, '', '', 1),
(402, '1594cc18bc3daad0278e774d59a789a6', 481, 2, 'Johnny Rockets', '', 1, '20180222170411_jhonny_rockets.png', '', 1),
(403, '8927a29ce1eec45771080cfb44f2f055', 483, 2, 'Farm', '', 1, '20180222170137_farm.jpg', '', 1),
(404, '95243a605e600cdd49651e5f8e171ccb', 484, 2, 'Valisere', '', 1, '20180222174012_valisere.png', '', 1),
(405, '82b5181c6e8faf119a6ac0d7305718af', 485, 2, 'Ice Creamy', '', 1, '20180222183138_ice_creamy.png', '', 1),
(406, '9d4413607d01bfdf0fa3e901d257f74f', 486, 2, 'Penguin', '', 2, '', '', 1),
(407, '7897570fd79eb4a51ba52f6c875c024e', 487, 2, 'Anita Calçados', '', 2, '', '', 1),
(408, '10ed2004868e1f4e06c9806c7e068f41', 488, 2, 'Nina Cabelereiros', '', 2, '', '', 1),
(409, '22e611a66df69be3a5c9d07596c4638e', 488, 2, 'Nina Cabelereiros', '', 2, '', '', 1),
(410, '8a86ff600e34fefae8c01ebfabb4af19', 489, 2, 'Serra Restaurante', '', 2, '20180222192417_serra_restaurante.png', '', 1);

-- --------------------------------------------------------

--
-- Estrutura da tabela `tb_lojista_cronograma`
--

CREATE TABLE IF NOT EXISTS `tb_lojista_cronograma` (
  `id_lojista_cronograma` bigint(20) NOT NULL,
  `identificador` varchar(32) NOT NULL,
  `id_lojista` bigint(20) NOT NULL,
  `id_cronograma_farol` bigint(20) NOT NULL,
  `porcentagem_indefinido` float(9,2) DEFAULT NULL,
  `porcentagem_aberto` float(9,2) DEFAULT NULL,
  `porcentagem_vencido` float(9,2) DEFAULT NULL,
  `porcentagem_concluido` float(9,2) DEFAULT NULL,
  `previsao_inicio` date DEFAULT NULL,
  `previsao_fim` date DEFAULT NULL,
  `datahora` datetime DEFAULT NULL
) ENGINE=InnoDB AUTO_INCREMENT=32 DEFAULT CHARSET=latin1;

--
-- Extraindo dados da tabela `tb_lojista_cronograma`
--

INSERT INTO `tb_lojista_cronograma` (`id_lojista_cronograma`, `identificador`, `id_lojista`, `id_cronograma_farol`, `porcentagem_indefinido`, `porcentagem_aberto`, `porcentagem_vencido`, `porcentagem_concluido`, `previsao_inicio`, `previsao_fim`, `datahora`) VALUES
(1, 'f69e9a4ebc9803e8a91770d9dfd5e11e', 2, 3, 97.00, 0.00, 1.00, 2.00, '2015-04-11', '2015-04-19', '2017-06-05 16:46:50'),
(2, 'ac1b5578c636cc0ac116c7ec3ecdce53', 1, 3, 97.00, 0.00, 1.00, 2.00, '0000-00-00', '0000-00-00', '2015-04-13 16:11:43'),
(3, 'c2023540d7e7d39eb9880ec3c71a1d14', 13, 1, 100.00, 0.00, 0.00, 0.00, '0000-00-00', '0000-00-00', '2018-02-15 12:04:43'),
(4, '931c49be7c209761a6fb19c53923df6e', 18, 1, 100.00, 0.00, 0.00, 0.00, '0000-00-00', '0000-00-00', '2015-06-17 11:37:12'),
(5, '5ea1fd3446ff4c24d8515494be861927', 8, 1, 100.00, 0.00, 0.00, 0.00, '0000-00-00', '0000-00-00', '2015-06-17 11:39:11'),
(6, '562e1934137bdeaab4e128051dfeb16f', 24, 1, 100.00, 0.00, 0.00, 0.00, '0000-00-00', '0000-00-00', '2016-01-19 14:00:44'),
(7, '1402391d61fda8cd8ed243ac59251c19', 31, 3, 99.00, 0.00, 1.00, 0.00, '0000-00-00', '0000-00-00', '2018-02-15 17:33:10'),
(8, 'a2ee25d389eaa1a06ff66a081a4c5337', 5, 1, 100.00, 0.00, 0.00, 0.00, '0000-00-00', '0000-00-00', '2017-02-22 09:50:31'),
(9, '900943c9678290ccd9c89bc4e42a1bc6', 213, 1, 100.00, 0.00, 0.00, 0.00, '0000-00-00', '0000-00-00', '2017-02-22 17:32:49'),
(10, '4bf0105ae4278f742bce3c2c4c76d665', 93, 1, 100.00, 0.00, 0.00, 0.00, '0000-00-00', '0000-00-00', '2017-02-22 17:33:50'),
(11, 'c1d1c446754db841f052fea2123230aa', 6, 1, 100.00, 0.00, 0.00, 0.00, '0000-00-00', '0000-00-00', '2017-02-23 11:30:25'),
(12, 'ea719f2e05b5c87b022463ce1991b3b9', 17, 1, 100.00, 0.00, 0.00, 0.00, '0000-00-00', '0000-00-00', '2017-02-23 11:46:44'),
(13, '476c9edfbfa9b4b6f84679d022ee63b4', 293, 3, 95.00, 0.00, 5.00, 0.00, '2018-02-19', '2018-02-20', '2018-02-26 09:36:52'),
(14, '11ab231bcafb8c65bb0ffa5bb8858204', 395, 3, 85.00, 12.00, 3.00, 0.00, '2018-02-15', '2018-02-23', '2018-02-22 12:06:35'),
(15, 'dd6bc85242267234fe538f9425d1b3d6', 31, 1, 100.00, 0.00, 0.00, 0.00, '0000-00-00', '0000-00-00', '2018-02-15 17:32:57'),
(16, 'f74bd7d221cdef0e7f59cd564fa715b6', 31, 1, 100.00, 0.00, 0.00, 0.00, '0000-00-00', '0000-00-00', '2018-02-15 17:32:59'),
(17, '0091f16477ca4413feb654fd40286584', 293, 1, 100.00, 0.00, 0.00, 0.00, '0000-00-00', '0000-00-00', '2018-02-19 08:17:48'),
(18, '3f19d6085bbeaaa1459c10470ac5ded9', 293, 1, 100.00, 0.00, 0.00, 0.00, '0000-00-00', '0000-00-00', '2018-02-19 08:18:00'),
(19, 'd7bfc5d405cf0408d741b6a2379b5052', 293, 1, 100.00, 0.00, 0.00, 0.00, '0000-00-00', '0000-00-00', '2018-02-19 08:18:01'),
(20, 'eaf0369b102a4fc8d16d186238ae75c3', 293, 1, 100.00, 0.00, 0.00, 0.00, '0000-00-00', '0000-00-00', '2018-02-19 08:18:12'),
(21, 'adcba40197396fa8e5448375c0716051', 293, 1, 100.00, 0.00, 0.00, 0.00, '0000-00-00', '0000-00-00', '2018-02-19 08:18:14'),
(22, 'a03962ab156413c8c8778a0e487ab8c5', 293, 1, 100.00, 0.00, 0.00, 0.00, '0000-00-00', '0000-00-00', '2018-02-19 08:18:16'),
(23, '7866cea2b771aef176d1161f790e434d', 293, 1, 100.00, 0.00, 0.00, 0.00, '0000-00-00', '0000-00-00', '2018-02-19 08:18:19'),
(24, '304311e876d9fa826b58fb9e8a7907a9', 293, 1, 100.00, 0.00, 0.00, 0.00, '0000-00-00', '0000-00-00', '2018-02-19 08:18:23'),
(25, '542bce031b57f7f3363bf1fbf13d7894', 293, 1, 100.00, 0.00, 0.00, 0.00, '0000-00-00', '0000-00-00', '2018-02-19 08:18:25'),
(26, '6f43aae8b6a7014719550ea2c14c0b1b', 293, 1, 100.00, 0.00, 0.00, 0.00, '0000-00-00', '0000-00-00', '2018-02-19 08:18:28'),
(27, '147870bb21c603d0c82e8a39da159f49', 293, 1, 100.00, 0.00, 0.00, 0.00, '0000-00-00', '0000-00-00', '2018-02-19 08:18:29'),
(28, 'a53512d80deebf6f0b2d09cad18ee620', 293, 1, 100.00, 0.00, 0.00, 0.00, '0000-00-00', '0000-00-00', '2018-02-19 08:18:31'),
(29, '73143e8c6cc3da05a366b0ec9cd57695', 293, 1, 100.00, 0.00, 0.00, 0.00, '0000-00-00', '0000-00-00', '2018-02-19 08:18:48'),
(30, '45dc0f05da278d303d212c3068a007ed', 293, 1, 100.00, 0.00, 0.00, 0.00, '0000-00-00', '0000-00-00', '2018-02-22 16:17:08'),
(31, 'ce2ba6684961682d27692bc2b28c001f', 293, 1, 100.00, 0.00, 0.00, 0.00, '0000-00-00', '0000-00-00', '2018-02-22 16:17:08');

-- --------------------------------------------------------

--
-- Estrutura da tabela `tb_lojista_etapa`
--

CREATE TABLE IF NOT EXISTS `tb_lojista_etapa` (
  `id_lojista_etapa` bigint(20) NOT NULL,
  `identificador` varchar(32) NOT NULL,
  `id_cronograma_etapa` bigint(20) NOT NULL,
  `id_lojista` bigint(20) NOT NULL,
  `id_usuario` bigint(20) NOT NULL,
  `data` date DEFAULT NULL,
  `datahora` datetime DEFAULT NULL,
  `status` int(11) DEFAULT '1'
) ENGINE=InnoDB AUTO_INCREMENT=22 DEFAULT CHARSET=latin1;

--
-- Extraindo dados da tabela `tb_lojista_etapa`
--

INSERT INTO `tb_lojista_etapa` (`id_lojista_etapa`, `identificador`, `id_cronograma_etapa`, `id_lojista`, `id_usuario`, `data`, `datahora`, `status`) VALUES
(1, '40a0bf1ecea991a0f16aa6396cd718d0', 3, 2, 1, '2015-04-10', '2015-04-11 10:32:51', 1),
(2, '5ebb47b9728c782eb1b943e78011d600', 2, 2, 1, '2015-04-11', '2015-04-11 10:52:47', 1),
(3, '0c839111836269d10a78ed8cd77a3c3d', 4, 2, 2, '2015-04-09', '2015-04-14 10:56:30', 0),
(4, 'f37c95f3874413911a8ef32ee8eed29a', 3, 1, 1, '2015-04-13', '2015-04-13 09:50:46', 1),
(5, '02d754825098a2a1173de3aeb42c7b7b', 2, 1, 1, '2015-04-12', '2015-04-13 09:50:47', 1),
(6, 'f76aa932058bb1078dc2223ac2bb7c98', 4, 1, 1, '2015-04-10', '2015-04-13 14:34:14', 0),
(7, 'fa16afb6b163d85085f7e3166207b7e1', 3, 395, 2, '2018-02-23', '2018-02-22 11:08:44', 0),
(8, '6ed4eba153cadbff83d877c0454d8cab', 2, 395, 2, '2018-02-23', '2018-02-22 11:08:44', 0),
(9, '5a82cc3dd040120b5a61f5bac0620b98', 26, 395, 5, '2018-02-24', '2018-02-15 17:22:49', 0),
(10, '745764a0421467ab4ac9eb8f98bb3ad9', 27, 395, 5, '2018-02-23', '2018-02-15 17:22:52', 0),
(11, '48629a8d86f4e028d2bf0bba52e74b21', 25, 395, 5, '2018-02-22', '2018-02-15 17:22:53', 0),
(12, '3d60f94384bc8aa5eb3a9ca1a94899c5', 28, 395, 5, '2018-02-21', '2018-02-15 17:22:55', 0),
(13, '3f2677319a6c18717e96d300e7361d29', 3, 31, 5, '0000-00-00', '2018-02-15 17:32:59', 0),
(14, '0095907a86c878fd933da32fb8572225', 3, 293, 15, '2018-02-19', '2018-02-22 16:17:08', 0),
(15, '1529f141f6e3e6746612ae9ef3b6024d', 2, 293, 15, '2018-02-20', '2018-02-22 16:17:08', 0),
(16, 'ed2be3098ff887a1299f960661aba64d', 4, 293, 5, '2018-02-21', '2018-02-19 08:18:29', 0),
(17, '35282353aaad23d51148abc6ed693da7', 1, 293, 5, '2018-02-22', '2018-02-19 08:18:28', 0),
(18, 'e324716f7fe420806c94b86877b6f6c9', 5, 293, 5, '2018-02-23', '2018-02-19 08:18:23', 0),
(19, '0ca5d6dfc5f1017ac70e3f16c225da03', 1, 395, 2, '2018-02-23', '2018-02-22 11:08:46', 0),
(20, '8ec8aa3a884909b81335a543a0ab71d7', 4, 395, 2, '2018-02-23', '2018-02-22 11:08:45', 0),
(21, 'cee9c1948f9ce1a9837553b8eb541bcb', 5, 395, 2, '2018-02-23', '2018-02-22 11:08:47', 0);

-- --------------------------------------------------------

--
-- Estrutura da tabela `tb_lojista_pessoa`
--

CREATE TABLE IF NOT EXISTS `tb_lojista_pessoa` (
  `id_lojista_pessoa` bigint(20) NOT NULL,
  `identificador` varchar(32) NOT NULL,
  `id_lojista` bigint(20) NOT NULL,
  `id_lojista_pessoa_perfil` bigint(20) NOT NULL,
  `id_usuario` bigint(20) NOT NULL,
  `nome` varchar(255) NOT NULL,
  `email` varchar(255) NOT NULL,
  `email2` varchar(255) DEFAULT NULL,
  `telefone` varchar(20) NOT NULL,
  `telefone2` varchar(20) DEFAULT NULL,
  `endereco` varchar(255) DEFAULT NULL,
  `cidade` varchar(255) DEFAULT NULL,
  `estado` varchar(2) DEFAULT NULL,
  `cep` varchar(20) DEFAULT NULL,
  `observacoes` text,
  `receber_email` int(11) DEFAULT '1',
  `status` int(11) DEFAULT '1'
) ENGINE=InnoDB AUTO_INCREMENT=48 DEFAULT CHARSET=latin1;

--
-- Extraindo dados da tabela `tb_lojista_pessoa`
--

INSERT INTO `tb_lojista_pessoa` (`id_lojista_pessoa`, `identificador`, `id_lojista`, `id_lojista_pessoa_perfil`, `id_usuario`, `nome`, `email`, `email2`, `telefone`, `telefone2`, `endereco`, `cidade`, `estado`, `cep`, `observacoes`, `receber_email`, `status`) VALUES
(1, '3336b724d20826174cafcd9c72b33748', 1, 4, 2, 'Nelcides', 'damyller@damyller.com.br', '', '(48) 3471-2000', '', NULL, NULL, NULL, NULL, NULL, 1, 1),
(2, 'd73300a61427ebf13f62066bed6cbd81', 1, 4, 2, 'Carolini', 'carolini.contrato@damyller.com.br', '', '(48) 3471-2000', '', NULL, NULL, NULL, NULL, NULL, 1, 1),
(3, '4d8bf12c4d0bec0af727916cffa5466a', 2, 4, 2, 'Fouad', 'fouad.rkein@hotmail.com', '', '(11) 3227-2199', '(11) 99441-3262', NULL, NULL, NULL, NULL, NULL, 1, 1),
(4, '7f5d655041124dd395929cc865497fb0', 3, 4, 2, 'Arthur', 'arthur.myphone@hotmail.com', '', '(63) 8468-6970', '', NULL, NULL, NULL, NULL, NULL, 1, 1),
(5, 'e63728037b16fc94c346d1b91baf7f84', 4, 4, 2, 'Márcio', 'palmas@fittacambio.com', '', '(63) 9981-2912', '', NULL, NULL, NULL, NULL, NULL, 1, 1),
(6, 'c5a29e69191fa7e6044993a4a5872d23', 6, 4, 2, 'Felipe', 'fmendes@oboticario.com.br', '', '(41) 8829-7408', '', NULL, NULL, NULL, NULL, NULL, 1, 1),
(7, '38c3345fd0d956cecb62d1bd452f1599', 6, 4, 2, 'Adhemar', 'nmpreis@terra.com.br', '', '(63) 8453-7853', '', NULL, NULL, NULL, NULL, NULL, 1, 1),
(8, 'e448c50a6200d33f5bfddf5ca5789425', 7, 4, 2, 'Danilo', 'antoniodanilo@bb.com.br', '', '', '', NULL, NULL, NULL, NULL, NULL, 1, 1),
(9, '1382f3a4e7f13248d0e502fa4257ffa0', 7, 4, 2, 'Edvaldo', 'edsesouza@bb.com.br', '', '', '', NULL, NULL, NULL, NULL, NULL, 1, 1),
(10, 'eda9941ecbdab646bd8b51ceec23d642', 8, 4, 2, 'João Carlos', 'jc.silva@viaveneto.com.br', '', '(11) 2101-8659', '', NULL, NULL, NULL, NULL, NULL, 1, 1),
(11, '32d2fbf803cefeac97660a216b0e1522', 8, 4, 2, 'Maria Ângela', 'mariaangela@viaveneto.com.br', '', '(11) 2101-8639', '', NULL, NULL, NULL, NULL, NULL, 1, 1),
(12, '41652ad69d1d36c888023d2a66c3b0c3', 9, 4, 2, 'Vanessa', 'hscapimdourado@uol.com.br', '', '(63) 9999-3003', '', NULL, NULL, NULL, NULL, NULL, 1, 1),
(13, '3e46cc1221e04222f116710bec0c1c30', 10, 4, 2, 'Jean', 'jean.carlos@ortobom.com.br', '', '', '', NULL, NULL, NULL, NULL, NULL, 1, 1),
(14, '8eea9964720071ef9d029f95f874da02', 10, 4, 2, 'Adelaide', '', '', '(63) 8403-2267', '', NULL, NULL, NULL, NULL, NULL, 1, 1),
(15, '8e3a8ee42d2a9f57373563a40038d7a5', 11, 4, 2, 'Kelly', 'kelly@cafeleaodourado.com.br', '', '(63) 9933-2507', '(63) 3215-4593', NULL, NULL, NULL, NULL, NULL, 1, 1),
(16, '02cd8df8c5164331b52e2d89bebc3b03', 12, 4, 2, 'Thábita', 'thabitadias@emporiogranel.com.br', '', '(63) 9233-9580', '', NULL, NULL, NULL, NULL, NULL, 1, 1),
(17, '20a8a7545ad8f824ad714b50ce9e9426', 13, 4, 2, 'Carol', 'caroln@hotmail.com', '', '(63) 9208-7726', '', NULL, NULL, NULL, NULL, NULL, 1, 1),
(18, '0c810e68d8bcb5159c40fbf236cedbca', 14, 4, 2, 'Carol', 'caroln@hotmail.com', '', '(63) 9208-7726', '', NULL, NULL, NULL, NULL, NULL, 1, 1),
(19, '51b799567ed947192be4047fb8ace2af', 14, 6, 2, 'Juliana', 'jesaito@uol.com.br', '', '', '', NULL, NULL, NULL, NULL, NULL, 1, 1),
(20, '4142b95337e4689b4a65b29914259392', 15, 4, 2, 'Rosemaire', 'rosegoulart@planaltoempresas.com', '', '(62) 9686-3661', '(62) 3999-8509', NULL, NULL, NULL, NULL, NULL, 1, 1),
(21, '7eb28db2821d18569d380f1de1568b12', 16, 4, 2, 'Antônio', 'antoniojr@soleenergia.com.br', '', '(62) 3257-5700', '(62) 3257-5710', NULL, NULL, NULL, NULL, NULL, 1, 1),
(22, 'c1e8b5f72fcf19252fd043ec92f3a570', 17, 4, 2, 'Hélio', 'veigacastro@uol.com.br', '', '(63) 9981-3145', '', NULL, NULL, NULL, NULL, NULL, 1, 1),
(23, 'c07f0f82c99699ffddbde3a3e782ead1', 18, 4, 2, 'Kathyanne', 'cafedonutspalmas@yahoo.com.br', '', '(63) 8454-0012', '', NULL, NULL, NULL, NULL, NULL, 1, 1),
(24, '512687eba0b2c5731f1a4e12d3bef5ab', 18, 6, 2, 'Maria Lucirês', 'kanthusarquitetura@gmail.com', '', '(63) 8401-6232', '(63) 3028-1772', NULL, NULL, NULL, NULL, NULL, 1, 1),
(25, '9645f68b60ddad39686b7513223ce9d6', 19, 4, 2, 'Mônica', 'overend.palmas@hotmail.com', '', '(63) 9978-9837', '', NULL, NULL, NULL, NULL, NULL, 1, 1),
(26, '3c1e4c3186d157bda1534a6328c9ed40', 20, 4, 2, 'Sílvia', 'viauno.palmas.tocantins@gmail.com', '', '(63) 9967-0835', '', NULL, NULL, NULL, NULL, NULL, 1, 1),
(27, '1a242af24764e71c01d27a05f3aea839', 21, 4, 2, 'Joselita Amariz', 'joselitarenjoa@yahoo.com.br', '', '(63) 8456-5567', '', NULL, NULL, NULL, NULL, NULL, 1, 1),
(28, '1c51e5305316988a9b3647459e12e462', 22, 4, 2, 'Débora', 'deboraprojetos@carmensteffens.com.br', '', '(16) 3711-1499', '(16) 3711-1422 / Ram', NULL, NULL, NULL, NULL, NULL, 1, 1),
(29, '41c215900053ec5cd50ad2db636dcfd7', 23, 4, 2, 'Lorena / Regina / Dairdes', 'regina@jeandarrot.com.br', '', '(62) 9243-3238', '', NULL, NULL, NULL, NULL, NULL, 1, 1),
(30, 'b1dd7decee9d46b0a74995d9f0f1a89a', 23, 4, 2, 'Mara', 'maraarquiteta@hotmail.com', '', '(62) 9265-9115', '', NULL, NULL, NULL, NULL, NULL, 1, 1),
(31, 'a5ff5c6b941dbfaf58ce05878af3dbd1', 23, 6, 2, 'Léo Romano (Rodrigo)', 'mariana@leoromano.com.br', '', '(62) 9962-2621', '', NULL, NULL, NULL, NULL, NULL, 1, 1),
(32, '12be7dc0d17d8f568df955840c07f0e8', 24, 4, 2, 'Alexandre', 'alexandre.medeiros@cea.com.br', '', '(61) 2195-0053', '(61) 9871-2989', NULL, NULL, NULL, NULL, NULL, 1, 1),
(33, 'a3691f96bece09e134186ba11bdce831', 24, 4, 2, 'Amanda Rangel', 'amanda.rangel@cea.com.br', '', '(11) 2134-9622', '', NULL, NULL, NULL, NULL, NULL, 1, 1),
(34, '417206290d2ffb84f044c389db1fa78d', 24, 6, 2, 'Alexandre', 'alexandre.brunizo@pragerenciamento.com.br', '', '(021) 99389-3417', '', NULL, NULL, NULL, NULL, NULL, 1, 1),
(35, 'f2430567351da426de9ddc4be1aef911', 25, 4, 2, 'Otoniel', 'otonielandrade@hotmail.com', '', '(63) 8407-1046', '(63) 8429-1309', NULL, NULL, NULL, NULL, NULL, 1, 1),
(36, 'be0da50f480e7edbf4c5595d33b62b01', 26, 4, 2, 'Carlos Magno', 'carlos.gibrail@stroke.com.br', '', '(11) 98192-0616', '', NULL, NULL, NULL, NULL, NULL, 1, 1),
(37, 'f8ee40f01ad2f71463a18da394a72197', 27, 4, 2, 'Daniel', 'danieltriton@ig.com.br', '', '(61) 9655-6158', '', NULL, NULL, NULL, NULL, NULL, 1, 1),
(38, 'ecc1887f936f877a955563950b592e2f', 28, 4, 2, 'Gledson', 'gledson@leitura.com.br', '', '(31) 9957-5757', '(31) 3254-5062', NULL, NULL, NULL, NULL, NULL, 1, 1),
(39, 'af31be64ca2fc47b5212a373f88626de', 28, 4, 2, 'Rose', '', '', '(31) 3254-5059', '(31) 8495-6035', NULL, NULL, NULL, NULL, NULL, 1, 1),
(40, '488dbfbfab579d3c6621c2706102e1d5', 29, 4, 2, 'Valbis', 'gcom@gruporival.com.br', '', '(62) 9147-4197', '', NULL, NULL, NULL, NULL, NULL, 1, 1),
(41, 'ff1269d54d0be0ad1d566d989ee1069d', 30, 4, 2, 'Milson César', 'milsoncesar.hot@gmail.com', '', '(11) 99858-5627', '', NULL, NULL, NULL, NULL, NULL, 1, 1),
(42, '3d89ac2666ec668a177fb0a82d93803e', 30, 6, 2, 'Fernando Basso', 'fernandobassoarq@gmail.com', '', '(11)99347-7676', '', NULL, NULL, NULL, NULL, NULL, 1, 1),
(43, '1e0b1c272741e83da980289ccd4be13f', 2, 2, 5, 'TESTE', 'wesley@artemsite.com.br', '', '(63) 0000-0000', '', '', '', '', '', '', 1, 1),
(44, 'ae25bf0a054321eb48517cb6e05078ef', 31, 2, 7, 'Luana Lopes', 'lumilopes@hotmail.com', '', '(63) 8118-3129', '', '', '', '', '', '', 1, 1),
(45, 'fcde5e8251f0ad8fdae03466c674e194', 13, 2, 9, 'wesley gomes', 'falecomweslley@gmail.com', '', '(63) 99254-9690', '', '', '', '', '', '', 1, 1),
(46, 'a9bf7d1bab653e34a76f86a709598839', 395, 2, 11, 'Tayse Virgulino', 'tayse.virgulino@crptecnologia.com.br', '', '(63) 99205-6561', '', '', '', '', '', '', 2, 1),
(47, '0ccca9f74e72be20d6bb5f6084607d7f', 395, 1, 12, 'Maria Flavia Rondon Lima', 'maria.lima@brmalls.com.br', 'mflaviarlima@hotmail.com', '(41) 99881-1514', '', '', '', '', '', '', 1, 1);

-- --------------------------------------------------------

--
-- Estrutura da tabela `tb_lojista_pessoa_perfil`
--

CREATE TABLE IF NOT EXISTS `tb_lojista_pessoa_perfil` (
  `id_lojista_pessoa_perfil` bigint(20) NOT NULL,
  `identificador` varchar(32) NOT NULL,
  `titulo` varchar(255) NOT NULL,
  `prioridade` bigint(20) DEFAULT '1'
) ENGINE=InnoDB AUTO_INCREMENT=14 DEFAULT CHARSET=latin1;

--
-- Extraindo dados da tabela `tb_lojista_pessoa_perfil`
--

INSERT INTO `tb_lojista_pessoa_perfil` (`id_lojista_pessoa_perfil`, `identificador`, `titulo`, `prioridade`) VALUES
(1, '9bb89380f06ed1bf99e631feeec7d82f', 'Arquiteto', 0),
(2, '36d7402f0680a46d948de498dd1ee199', 'Proprietário', 1),
(3, '4ff676a8c4cc4ed00e256862147c2ca6', 'Gerenciador', 2),
(4, '8406dca5101b36ec1fc89fc7362e3c50', 'Responsável Administrativo', 3),
(5, '8f4aeea64ec0117ebe569c768c7c15da', 'Consultor/Empreiteiro', 4),
(6, 'e1a946ea2bfa738437177f88a33f05e6', 'Projetista Estrutural', 5),
(7, '17a52de6868d58600011dec9c2203719', 'Projetista Elétrico', 6),
(8, '7629eb9e3c400a0fd8091c010e4a162e', 'Projetista Hidráulico', 7),
(9, 'a061f54be3a069b19b86714e65b9ab08', 'Projetista de Arcondicionado', 8),
(10, '91a61a2c72ac2b52652787244acc1d72', 'Projetista de Gás', 9),
(11, '54739b2b999dff6452f5ace38aebd533', 'Projetista de Exaustão', 10),
(12, 'f0d450974923430bd621bdc5360df403', 'Projetista de CO2', 11),
(13, '04fa8115aa57fdf55871a70c4d2ecf3d', 'Projetista de Incêndio', 12);

-- --------------------------------------------------------

--
-- Estrutura da tabela `tb_mensagem`
--

CREATE TABLE IF NOT EXISTS `tb_mensagem` (
  `id_mensagem` bigint(20) NOT NULL,
  `identificador` varchar(32) NOT NULL,
  `id_empreendimento` bigint(20) NOT NULL,
  `id_lojista` bigint(20) NOT NULL,
  `id_usuario_remetente` bigint(20) NOT NULL,
  `id_usuario_destinatario` bigint(20) NOT NULL,
  `titulo` varchar(255) NOT NULL,
  `texto` text NOT NULL,
  `arquivo` varchar(255) DEFAULT NULL,
  `datahora` datetime DEFAULT NULL,
  `datahora_edicao` datetime DEFAULT NULL,
  `ip` varchar(32) DEFAULT NULL,
  `status` int(11) DEFAULT '1'
) ENGINE=InnoDB AUTO_INCREMENT=14 DEFAULT CHARSET=latin1;

--
-- Extraindo dados da tabela `tb_mensagem`
--

INSERT INTO `tb_mensagem` (`id_mensagem`, `identificador`, `id_empreendimento`, `id_lojista`, `id_usuario_remetente`, `id_usuario_destinatario`, `titulo`, `texto`, `arquivo`, `datahora`, `datahora_edicao`, `ip`, `status`) VALUES
(1, 'a0e10c4a94b298fee031881241d43e58', 0, 0, 1, 1, 'assunto', 'mensagem', '', '2015-04-12 09:15:14', '2015-04-12 09:15:14', '127.0.0.1', 1),
(2, 'a149f6d490120c5da661a40d272fa560', 0, 0, 1, 1, 'teste', 'teste', '', '2015-04-13 09:52:21', '2015-04-13 09:52:21', '127.0.0.1', 1),
(3, '2e415d730d6b863aa2fecc23b12b9a29', 0, 0, 1, 2, 'ART pendênte', 'Esse é um teste de envio de mensagem', '', '2015-04-13 16:01:35', '2015-04-13 16:01:35', '127.0.0.1', 1),
(4, '496ea0a7951460268f930e69ccbe9b69', 0, 0, 1, 2, 'teste', 'teste', '', '2015-04-14 10:28:32', '2015-04-14 11:15:49', '127.0.0.1', 3),
(5, '9e4d223a205c48a155d0a245c1d9fc54', 0, 13, 2, 2, 'sdfasdfasdf', 'asdfasdfasdf', '', '2015-04-14 11:17:23', '2015-04-14 11:17:23', '127.0.0.1', 1),
(6, '2065dfb01fccd38c2ffd8b8bc24d1258', 0, 13, 2, 1, 'sdfasdfasdf', 'asdfasdfasdf', '', '2015-04-14 11:17:23', '2015-04-14 11:17:23', '127.0.0.1', 1),
(7, '72dff3a1c2ee9e0ee82310b37fb18b49', 0, 0, 2, 1, 'TESTE', 'TESTE', '', '2015-04-22 15:11:51', '2015-04-22 15:11:51', '177.126.89.13', 1),
(8, 'd1b5852eebee41239946ea4257e63060', 0, 0, 11, 11, 'Mensagem de Teste', 'Mensagem de Teste', '20180214115223_cinza_claro_.jpg', '2018-02-14 11:52:23', '2018-02-14 11:52:23', '179.155.152.26', 1),
(9, '8c1b1bb896f1019b86952e89ddb1e38b', 0, 0, 11, 2, 'Mensagem de Teste', 'Mensagem de Teste', '20180214115254_cinza_claro_.jpg', '2018-02-14 11:52:54', '2018-02-14 11:52:54', '179.155.152.26', 1),
(10, '0760d326f121e8b9f8618fe9c02da45c', 0, 0, 11, 5, 'Mensagem de Teste', 'Mensagem de Teste', '20180214115310_cinza_claro_.jpg', '2018-02-14 11:53:10', '2018-02-14 11:53:10', '179.155.152.26', 1),
(11, '1b9c53e9adfceb37b4af48386e39e3b7', 4, 0, 5, 5, 'teste ana', 'lalalala', '', '2018-02-22 12:01:40', '2018-02-22 12:01:40', '200.241.35.4', 1),
(12, 'a4754c428d920d9d37af990f73391dfe', 4, 0, 5, 11, 'teste ana', 'lalalala', '', '2018-02-22 12:01:41', '2018-02-22 12:02:37', '200.241.35.4', 3),
(13, 'cfd0fee3b2f02bf7ee1574d30a49a3a9', 4, 0, 5, 12, 'teste ana', 'lalalala', '', '2018-02-22 12:01:41', '2018-02-22 12:02:38', '200.241.35.4', 3);

-- --------------------------------------------------------

--
-- Estrutura da tabela `tb_mensagem_acesso`
--

CREATE TABLE IF NOT EXISTS `tb_mensagem_acesso` (
  `id_mensagem_acesso` bigint(20) NOT NULL,
  `identificador` varchar(32) NOT NULL,
  `id_mensagem` bigint(20) NOT NULL,
  `id_usuario` bigint(20) NOT NULL,
  `datahora` datetime DEFAULT NULL,
  `status` int(11) DEFAULT '1'
) ENGINE=InnoDB AUTO_INCREMENT=17 DEFAULT CHARSET=latin1;

--
-- Extraindo dados da tabela `tb_mensagem_acesso`
--

INSERT INTO `tb_mensagem_acesso` (`id_mensagem_acesso`, `identificador`, `id_mensagem`, `id_usuario`, `datahora`, `status`) VALUES
(1, 'a396496e1f7fdfaf2188de5976dd1907', 1, 1, '2015-04-12 19:18:57', 1),
(2, '0bc8a4c22a8ed0df85a24c0e5861e612', 2, 1, '2015-04-13 09:52:34', 1),
(3, '46468b4a5b7e64876719387c647abeec', 3, 2, '2015-04-13 19:55:02', 1),
(4, '3ac89676451b62a9f568e56f23a8dc30', 4, 2, '2017-02-23 09:24:10', 1),
(5, '0e145e3a62b47fff09cf04e753403055', 5, 2, '2015-04-20 09:55:43', 1),
(6, '866bf78eccef82c53e087b86059c7499', 6, 1, '2015-04-22 15:13:09', 1),
(7, '90d8e546bb336ae22cd740e4578b20cf', 7, 1, '2015-04-22 15:12:45', 1),
(8, 'de193948eec4d2beeed100bbf425b095', 7, 2, '2017-07-03 10:16:32', 1),
(9, '24107ef69472add43d8a3133fe3634a0', 8, 11, '2018-02-14 11:54:12', 1),
(10, 'f8eb0004d038946a95e0ed70db48445d', 9, 2, '2018-02-22 10:34:39', 1),
(11, 'dd266466c657ef72290bde30bb453511', 10, 5, '2018-02-22 12:00:19', 1),
(12, '9d40bd2f900306ae094edf61c2064f20', 11, 5, '2018-02-22 12:03:02', 1),
(13, 'f3a5395ed713b6ecaca217e4866447c5', 12, 11, '2018-02-22 12:01:41', 0),
(14, '3ab52153d3179bba39dd7ce31db11dba', 13, 12, '2018-02-22 18:32:24', 1),
(15, '721d3e92b451ddca5b5dc631cc460340', 13, 5, '2018-02-22 12:03:07', 1),
(16, 'c974c0c3665d2b24596e82c51d7c2e8c', 12, 5, '2018-02-22 12:03:19', 1);

-- --------------------------------------------------------

--
-- Estrutura da tabela `tb_mensagem_resposta`
--

CREATE TABLE IF NOT EXISTS `tb_mensagem_resposta` (
  `id_mensagem_resposta` bigint(20) NOT NULL,
  `identificador` varchar(32) NOT NULL,
  `id_mensagem` bigint(20) NOT NULL,
  `id_usuario` bigint(20) NOT NULL,
  `texto` text NOT NULL,
  `arquivo` varchar(255) DEFAULT NULL,
  `datahora` datetime DEFAULT NULL,
  `ip` varchar(32) DEFAULT NULL
) ENGINE=InnoDB AUTO_INCREMENT=7 DEFAULT CHARSET=latin1;

--
-- Extraindo dados da tabela `tb_mensagem_resposta`
--

INSERT INTO `tb_mensagem_resposta` (`id_mensagem_resposta`, `identificador`, `id_mensagem`, `id_usuario`, `texto`, `arquivo`, `datahora`, `ip`) VALUES
(1, '6d58957a67574c8d38dc7673a839c24e', 4, 2, 'djfl;adjflkasdjf;aksdf askd ;adsfj ad;fas', '', '2015-04-14 11:15:49', '127.0.0.1'),
(2, '21460a39b6690ccb277a1247355bc4c3', 13, 5, 'ok', '', '2018-02-22 12:02:25', '200.241.35.4'),
(3, '279ebc099830ce3d9384f8240f2f0c77', 12, 5, 'ok', '', '2018-02-22 12:02:32', '200.241.35.4'),
(4, '2d55081eff44e588868c50798d799b06', 12, 5, 'hihi', '', '2018-02-22 12:02:35', '200.241.35.4'),
(5, 'fda6d8558d6fda6a61d080888cecf70e', 12, 5, 'ok', '', '2018-02-22 12:02:37', '200.241.35.4'),
(6, '7c28e133e321d010d7cc101c35a69135', 13, 5, 'ok', '', '2018-02-22 12:02:38', '200.241.35.4');

-- --------------------------------------------------------

--
-- Estrutura da tabela `tb_notificacao`
--

CREATE TABLE IF NOT EXISTS `tb_notificacao` (
  `id_notificacao` bigint(20) NOT NULL,
  `identificador` varchar(32) NOT NULL,
  `id_usuario` bigint(20) NOT NULL,
  `titulo` varchar(255) NOT NULL,
  `descricao` varchar(255) NOT NULL,
  `link` varchar(255) NOT NULL,
  `tipo` int(11) NOT NULL DEFAULT '1',
  `datahora` datetime DEFAULT NULL,
  `datahora_acesso` datetime DEFAULT NULL,
  `status` int(11) DEFAULT '1'
) ENGINE=InnoDB AUTO_INCREMENT=27 DEFAULT CHARSET=latin1;

--
-- Extraindo dados da tabela `tb_notificacao`
--

INSERT INTO `tb_notificacao` (`id_notificacao`, `identificador`, `id_usuario`, `titulo`, `descricao`, `link`, `tipo`, `datahora`, `datahora_acesso`, `status`) VALUES
(1, '7df4e48e7faf2fb0a31eed08e3ea952b', 1, 'Alerta', 'Sua senha expirará em breve', '/sal.brmalls.com.br/usuario-editar', 2, '2015-04-09 10:13:40', '2015-04-09 11:33:50', 2),
(2, 'e82d3a6bc01677784201a16c04995709', 1, 'Erro', 'Sua senha nao foi salva', '/sal.brmalls.com.br/usuario-editar', 3, '2015-04-09 10:13:40', '2015-04-09 11:16:53', 2),
(3, '6300f8515f109cfa92e3eef47a26a58d', 1, 'Informação', 'Você está muito bem, parabéns', '/sal.brmalls.com.br/usuario-editar', 4, '2015-04-09 10:13:40', '2015-04-09 11:34:12', 2),
(4, '37c9fb6e5b8e92fad39dd8151bbf1d83', 1, 'Sucesso', 'Seu procedimento foi concluído', '/sal.brmalls.com.br/usuario-editar', 1, '2015-04-09 10:13:40', '2015-04-09 11:32:20', 2),
(5, '9bbc198e7339f28c7c76a5e9ef56e473', 1, 'Novo Arquivo/Protocolo', 'Encaminharam um novo arquivo/protocolo para você', '/sal.brmalls.com.br/arquivo-view-', 2, '2015-04-11 15:24:23', '0000-00-00 00:00:00', 2),
(6, '1e5fba7992847f3d0fff253f99961359', 1, 'Novo Arquivo/Protocolo', 'Encaminharam um novo arquivo/protocolo para você', '/sal.brmalls.com.br/arquivo-view-', 2, '2015-04-11 15:25:44', '2015-04-11 15:28:06', 2),
(7, '42cabaa9569cc28a77a3c2777deed7c2', 1, 'Novo Arquivo/Protocolo', 'Encaminharam um novo arquivo/protocolo para você', '/sal.brmalls.com.br/arquivo-view-', 2, '2015-04-11 15:26:23', '2015-04-12 10:39:05', 2),
(8, '7a37f91f8d927a8139cb59b8314d7766', 1, 'Novo Arquivo/Protocolo', 'Encaminharam um novo arquivo/protocolo para você #1', '/sal.brmalls.com.br/arquivo-view-4537e2bfed37857227430ff152c1bb5f', 2, '2015-04-11 16:08:38', '2015-04-12 11:01:27', 2),
(9, '5da65a89d040957e4998b20106456116', 2, 'Resposta Arquivo/Protocolo', 'Responderam/encaminharam um novo arquivo/protocolo para você #1', '/sal.brmalls.com.br/arquivo-view-4537e2bfed37857227430ff152c1bb5f', 2, '2015-04-11 19:34:13', '2015-04-14 11:00:50', 2),
(10, '77898ba7d5da49ee8bceb2e7115098e1', 2, 'Novo Arquivo/Protocolo', 'Encaminharam um novo arquivo/protocolo para você #2', '/sal.brmalls.com.br/arquivo-view-84413018d5af44d6b94b8a7d82f6983d', 2, '2015-04-14 11:00:33', '2015-04-14 11:01:05', 2),
(11, '6c2b05d6e0603cf831176c175b025feb', 1, 'Resposta Arquivo/Protocolo', 'Responderam/encaminharam um novo arquivo/protocolo para você #2', '/sal.brmalls.com.br/arquivo-view-84413018d5af44d6b94b8a7d82f6983d', 2, '2015-04-14 11:05:29', '2015-04-14 11:06:09', 2),
(12, 'd0c8c8c9b32c443a44f66f31fe71b48c', 2, 'Resposta Arquivo/Protocolo', 'Responderam/encaminharam um novo arquivo/protocolo para você #2', '/sal.brmalls.com.br/arquivo-view-84413018d5af44d6b94b8a7d82f6983d', 2, '2015-04-14 11:06:57', '2015-04-22 15:11:21', 2),
(13, 'ff858ced54eb32bfc94564ba1810c70f', 2, 'Novo Arquivo/Protocolo', 'Encaminharam um novo arquivo/protocolo para você #3', '/sal.brmalls.com.br/arquivo-view-31df90cbc1772796e468af71a659d51e', 2, '2015-04-14 11:22:23', '2015-04-22 15:11:31', 2),
(14, 'e616b5cdd1b75224590357a902b824dc', 2, 'Novo Arquivo/Protocolo', 'Encaminharam um novo arquivo/protocolo para você #4', '/arquivo-view-cb7f1cfa4591fbeeb3ff9647325b066e', 2, '2017-02-23 14:44:33', '2017-03-01 14:40:56', 2),
(15, '23536dfda4da746383ab3015c4e87846', 5, 'Novo Arquivo/Protocolo', 'Encaminharam um novo arquivo/protocolo para você #5', '/arquivo-view-f7389b6ee994ad3ba45a097a550832f6', 2, '2018-02-14 11:51:14', '2018-02-14 14:12:16', 2),
(16, '0bc75133f7a793c8e896a18184ddccfa', 5, 'Novo Arquivo/Protocolo', 'Encaminharam um novo arquivo/protocolo para você #6', '/arquivo-view-f6ac1de24fb0d90a1d64dcfd38b46153', 2, '2018-02-22 11:15:31', '2018-02-22 11:16:59', 2),
(17, 'a6b638f403db0cd77ed6b3108320f009', 5, 'Novo Arquivo/Protocolo', 'Encaminharam um novo arquivo/protocolo para você #7', '/arquivo-view-5eaf831633e29b836c440784e33a2df3', 2, '2018-02-22 11:17:10', '2018-02-22 11:18:45', 2),
(18, '50c577f346694d3a3ed0b77e7f22b867', 5, 'Novo Arquivo/Protocolo', 'Encaminharam um novo arquivo/protocolo para você #8', '/arquivo-view-1217688646fbf2a25e1ba9d051803ee6', 2, '2018-02-22 11:18:22', '2018-02-22 11:19:08', 2),
(19, 'b945d7d9100c66cef8b373bbf3da1648', 2, 'Resposta Arquivo/Protocolo', 'Responderam/encaminharam um novo arquivo/protocolo para você #6', '/arquivo-view-f6ac1de24fb0d90a1d64dcfd38b46153', 2, '2018-02-22 11:18:26', '0000-00-00 00:00:00', 1),
(20, 'c430bbc1773237a1ae5483480c8a90e9', 2, 'Resposta Arquivo/Protocolo', 'Responderam/encaminharam um novo arquivo/protocolo para você #6', '/arquivo-view-f6ac1de24fb0d90a1d64dcfd38b46153', 2, '2018-02-22 11:18:54', '0000-00-00 00:00:00', 1),
(21, '4190c6efd81f1b36ff0b8483fa91ec38', 11, 'Resposta Arquivo/Protocolo', 'Responderam/encaminharam um novo arquivo/protocolo para você #8', '/arquivo-view-1217688646fbf2a25e1ba9d051803ee6', 2, '2018-02-22 11:21:05', '0000-00-00 00:00:00', 1),
(22, '50e164c0ce963ad744b3902795637f8e', 5, 'Resposta Arquivo/Protocolo', 'Responderam/encaminharam um novo arquivo/protocolo para você #6', '/arquivo-view-f6ac1de24fb0d90a1d64dcfd38b46153', 2, '2018-02-22 11:21:29', '2018-02-22 11:23:32', 2),
(23, 'c79a96dac13f3906a515703c045f3888', 2, 'Resposta Arquivo/Protocolo', 'Responderam/encaminharam um novo arquivo/protocolo para você #6', '/arquivo-view-f6ac1de24fb0d90a1d64dcfd38b46153', 2, '2018-02-22 11:21:31', '0000-00-00 00:00:00', 1),
(24, '6bf154fa22dee9b5cfaeab5edd2479e9', 5, 'Novo Arquivo/Protocolo', 'Encaminharam um novo arquivo/protocolo para você #9', '/arquivo-view-1d98e231881f8141fda23b87895070e7', 2, '2018-02-22 11:25:14', '2018-02-22 11:45:25', 2),
(25, 'c2faa71636defee3015b361a26eec2d3', 12, 'Resposta Arquivo/Protocolo', 'Responderam/encaminharam um novo arquivo/protocolo para você #9', '/arquivo-view-1d98e231881f8141fda23b87895070e7', 2, '2018-02-22 11:26:46', '2018-02-22 11:58:26', 2),
(26, 'b2bfcc7a74ea0223772202b32bf221a9', 2, 'Novo Arquivo/Protocolo', 'Encaminharam um novo arquivo/protocolo para você #10', '/arquivo-view-5f689a31d9a6c0b5449b944519d07661', 2, '2018-02-26 09:51:36', '0000-00-00 00:00:00', 1);

-- --------------------------------------------------------

--
-- Estrutura da tabela `tb_painel_menu`
--

CREATE TABLE IF NOT EXISTS `tb_painel_menu` (
  `id_painel_menu` bigint(20) NOT NULL,
  `identificador` varchar(32) NOT NULL,
  `id_painel_menu_pai` bigint(20) NOT NULL,
  `nome` varchar(255) NOT NULL,
  `url` varchar(255) NOT NULL,
  `style` varchar(255) DEFAULT NULL,
  `target` varchar(20) DEFAULT NULL,
  `prioridade` int(11) DEFAULT '1',
  `status` int(11) DEFAULT '1'
) ENGINE=InnoDB AUTO_INCREMENT=21 DEFAULT CHARSET=latin1;

--
-- Extraindo dados da tabela `tb_painel_menu`
--

INSERT INTO `tb_painel_menu` (`id_painel_menu`, `identificador`, `id_painel_menu_pai`, `nome`, `url`, `style`, `target`, `prioridade`, `status`) VALUES
(1, '67d202bcbcb300cd486faafcbd169cdf', 0, 'Painel', '$', 'fa fa-dashboard', '_parent', 1, 1),
(2, '9aef49b46d32e301464194988a4a5f0f', 0, 'Lojistas', '$lojista-list', 'fa fa-shopping-cart', '_parent', 2, 0),
(3, '14a01ab2765ae260312bf1c64f451e76', 2, 'Gerenciar', '$lojista-list', 'fa fa-cogs', '_parent', 3, 1),
(4, '65c92c591af4a6fda06d9dcfb68d3a7a', 2, 'Contatos', '$lojista-pessoa-list', 'fa fa-users', '_parent', 4, 1),
(5, '2013c75d322d09d85f4d62fc59b405d8', 0, 'Fases', '$lojista-selecionar?page=lojista-cronograma', 'fa fa-check-square-o', '_parent', 5, 0),
(6, '070540e9ecbb307dd978c801de303bd6', 5, 'Gerenciar', '$lojista-selecionar?page=lojista-cronograma', 'fa fa-cogs', '_parent', 6, 1),
(7, '57d4369a6b070b2730cd3960e5f5e0db', 0, 'Arquivos', '#', 'fa fa-file-text', '_parent', 7, 0),
(8, '592dba3c2633b5d03db5811baa524a20', 7, 'Protocolos', '$lojista-selecionar?page=arquivo-list', 'fa fa-cogs', '_parent', 8, 1),
(9, 'b412db97f545d08551f59e1bd089bbd1', 0, 'Fotográfico', '#', 'fa fa-camera-retro', '_parent', 9, 0),
(10, 'b0ca23a3d26fe5ccd369606fb17bbc8f', 9, 'Fotografias', '$lojista-selecionar?page=foto-list', 'fa fa-cogs', '_parent', 10, 1),
(11, '287f62975b56e9760a6516fa1b8f0770', 0, 'Disciplina', '#', 'fa fa-check', '_parent', 11, 1),
(12, 'b36bc1ecf313a19aa9d569f2d3a749a6', 11, 'Gerenciar', '$disciplina-list', 'fa fa-cogs', '_parent', 12, 1),
(13, '4f467021a438684d44b25395fc9e5604', 0, 'Mensagens', '#', 'fa fa-comments-o', '_parent', 13, 0),
(14, 'e03db7a9d8eacc124d8b40f68c00b7d2', 13, 'Mensagens', '$mensagem-list', 'fa fa-cogs', '_parent', 14, 1),
(15, '80e3851094c683fdd22e7a4309580e47', 0, 'RH', '#', 'fa fa-users', '_parent', 15, 0),
(16, '2bfd0e1088aeaf619961f448554ced34', 15, 'Currículos', '$curriculo-list', 'fa fa-cogs', '_parent', 16, 1),
(17, 'e486a79f9f2f3e125bcea854237b2ee5', 0, 'Relatórios', '#', 'fa fa-bar-chart', '_parent', 17, 0),
(18, 'ee23ef4cf9d4ed0d2272b29e69b20aed', 0, 'Eixos', '#', 'fa fa-arrows-alt', '_parent', 18, 1),
(19, '7e8e8bf31edb12b0557671dc0067445a', 18, 'Gerenciar Categorias', '$eixo-categoria-list', 'fa fa-cogs', '_parent', 19, 0),
(20, 'b83a83460e9d3680f9aaf2ee20a95faa', 18, 'Eixos', '$eixo-list', 'fa fa-arrows-alt', '_parent', 20, 1);

-- --------------------------------------------------------

--
-- Estrutura da tabela `tb_painel_menu_perfil`
--

CREATE TABLE IF NOT EXISTS `tb_painel_menu_perfil` (
  `id_painel_menu_perfil` bigint(20) NOT NULL,
  `identificador` varchar(32) NOT NULL,
  `id_painel_menu` bigint(20) NOT NULL,
  `id_usuario_perfil` bigint(20) NOT NULL
) ENGINE=InnoDB AUTO_INCREMENT=103 DEFAULT CHARSET=latin1;

--
-- Extraindo dados da tabela `tb_painel_menu_perfil`
--

INSERT INTO `tb_painel_menu_perfil` (`id_painel_menu_perfil`, `identificador`, `id_painel_menu`, `id_usuario_perfil`) VALUES
(12, '147b95a000e8dea98639fe0df4ec66fe', 3, 4),
(13, 'dd2c6a9b1c97355fc76c5b382c4d78c2', 3, 2),
(14, 'a00357085b40073af5994673ed86f18a', 3, 3),
(15, '10f18f742f0063471886cf41c7c2fe82', 2, 4),
(16, '865397f186661012b421e1c5bc2357f2', 2, 2),
(17, 'c5b3c28c45315fb9e69ea6b9627b7a06', 2, 3),
(18, '017e93de2864e68cb73356dccc20aa73', 1, 4),
(19, '121426044f3fb67d955868e47908f69e', 1, 2),
(20, '4e57874ede34f67295baf84408b3dadc', 1, 3),
(21, 'c896e42d93ee943b976381dd6853d79f', 1, 1),
(22, '235acdd0daabaccdecf004eb1d8101d5', 4, 4),
(23, '29370f30af9241bc22794e0724ec48b7', 4, 2),
(24, '4be79ec5fdfe94156c0245e4ed963b92', 4, 3),
(25, 'f5ec90de9cd8e90ee1757996f2953fef', 5, 4),
(26, '569fb89e4ae2547c7736e0c8d5579e3a', 5, 2),
(27, '2065efb4228176059e5d60b7f5c79d39', 5, 3),
(28, '07caff3b6be17f24dcb83d64933e3c88', 6, 4),
(29, '5a86bb66d35953c3399a3e6721f55ae6', 6, 2),
(30, '1d919728e8e29ec2c319a0535e958784', 6, 3),
(31, '65e22d9f61ebbd1a55c63b4fc30c9d51', 7, 4),
(32, '85a4927ac75d9fb5f092f4c8b46fd64c', 7, 2),
(33, 'e1bf387b2e0df388246c2554d7c533e1', 7, 3),
(34, 'c2e774d79fe9959d5d687bfe7cc4d3e6', 7, 1),
(35, '3c8d9c7eec933f88f963820a4f1ad05f', 8, 4),
(36, '2fdb71f741d2a924b0eacbcd8d1d6d0d', 8, 2),
(37, '7513f794506b3fd1bbb497dd14dcdef7', 8, 3),
(38, 'e6646597ccaa23a481f948049ff7cf5c', 8, 1),
(39, '273bee67448d320c2178a746914daad4', 9, 4),
(40, 'a4ec5d5c2e5f416d4c0d9a16908da80c', 9, 2),
(41, '6af058ca52eeb547f5826f19930ecc1b', 9, 3),
(42, 'a069509cec005666b4165664e9dbccc6', 9, 1),
(43, 'fe7d215114b1298c7db6597689ce5fad', 10, 4),
(44, 'c1f78acd41615f219581135dc055b1e4', 10, 2),
(45, '2d15148283c250d94a2c95a676162c82', 10, 3),
(46, 'cf9a2760effad2e517b38e3eefdc4f57', 10, 1),
(55, '5d33d606a9901ffa4b702570e3878f62', 13, 4),
(56, '7002fa15ff92e863fd8eb787e32eb680', 13, 2),
(57, '3cf993691f0a5fb5a92572c419785055', 13, 3),
(58, 'f719ceb80a95a384e5e9d393e44a6648', 13, 1),
(59, '39d88a2d86f829e341c4c976675c7a26', 14, 4),
(60, '09249242e2a07bb42b11216d78c2cda7', 14, 2),
(61, '4542a67a53bf0b2fdd3d8d3f2de9e2e3', 14, 3),
(62, 'c9377298d0b9c8b092ba088a164aadb8', 14, 1),
(63, '84144fcb96422767cb4290449c1ea188', 15, 4),
(64, '19f7d71c0113dc8c8f58f2e4e106dd76', 15, 2),
(65, '1c47c6d74357d7f06162645fab1e4703', 15, 3),
(66, 'e4b3c8ed7f98c2b4c5c502511fda6a47', 15, 1),
(67, '5b934b05999b005fed90024a2354457a', 16, 4),
(68, 'aeacbab06619e8fbafa9b5aa043a5dca', 16, 2),
(69, 'ea3a79518e1000a0b0af3ac0c8eb84f9', 16, 3),
(70, '33fb16031fbd9cb9285ec81cad92d32c', 16, 1),
(79, 'ec0cb01c4c129eeca5b58b5043fa29ac', 12, 4),
(80, '4c75a7e23ea3c894e4c0a76e8421ccc9', 12, 2),
(81, '9ad6ce16cef0d112c0d06f4e1dc7e02f', 12, 3),
(82, '33928cf94022b67f8636a0a229ff726c', 12, 1),
(87, '33ab12d906a224242361734b63f189c7', 11, 4),
(88, 'd3f7980b60959f9a4e649be8377289fb', 11, 2),
(89, '72cb7db2a884eef8bb0122d0a650c007', 11, 3),
(90, 'e7ee3377128c1b0dfda25c480a25e167', 11, 1),
(91, '00241719f39ced2321e33a6066f7ccf9', 18, 4),
(92, '2701bbc18ce0d1dfe86cceca671899be', 18, 2),
(93, '9d20f3b17447f98fa2555e07aa7fec86', 18, 3),
(94, '66e4ae90bbf9d42828375cd755569a4a', 18, 1),
(95, '5aedb67e91c1145d313130375e1d00b4', 19, 4),
(96, '6f7b2067282d7a56a19ea005297be6ba', 19, 2),
(97, 'cfac15c671c390e05a1e7c0c8102c69f', 19, 3),
(98, 'c8265e263bcfde132e6d89e65bb1e25b', 19, 1),
(99, '482cbf2411e9556312920488c2a5e21f', 20, 4),
(100, 'e4dd4a31f4cfdfa5e21ba3c837c6d3a6', 20, 2),
(101, '1c8ec9f2e6c9d1ed4b1f964c4b092cad', 20, 3),
(102, '4f8791095076b5446ecefd2ff80b63f2', 20, 1);

-- --------------------------------------------------------

--
-- Estrutura da tabela `tb_segmento`
--

CREATE TABLE IF NOT EXISTS `tb_segmento` (
  `id_segmento` bigint(20) NOT NULL,
  `identificador` varchar(32) NOT NULL,
  `titulo` varchar(255) NOT NULL,
  `cor` varchar(20) DEFAULT NULL,
  `prioridade` int(11) DEFAULT '1'
) ENGINE=InnoDB AUTO_INCREMENT=11 DEFAULT CHARSET=latin1;

--
-- Extraindo dados da tabela `tb_segmento`
--

INSERT INTO `tb_segmento` (`id_segmento`, `identificador`, `titulo`, `cor`, `prioridade`) VALUES
(1, '9263fe447e5965cf22b1bd0c25718a0b', 'Âncoras', '', 1),
(2, '824f88be7f20fbbc057b257468073e4a', 'Megalojas', '', 2),
(3, '6bd88243ad489afb6cedffbd8936a177', 'Satélites', '', 3),
(4, '1904bcc662eb8160d0935c00aceb8077', 'Restaurantes', '', 4),
(5, '79b3c3993dfa8d589936634adde73680', 'Fast Foods', '', 5),
(6, 'b9c69d72df6ddaf89de58eb5f7b0e5fb', 'Alimentação', '', 6),
(7, '7b771ab0daf948434a74d6abcb8c6243', 'Assinada', '', 7),
(8, '550e20d3699d510d7a75dc86d5da4f75', 'Megaloja', '', 8),
(9, '2ea01fa6df0394f9c74298027d63a392', 'Mini Ancora', '', 9),
(10, '3625c99db0717276021270d096d29da5', 'Cinema', '', 10);

-- --------------------------------------------------------

--
-- Estrutura da tabela `tb_usuario`
--

CREATE TABLE IF NOT EXISTS `tb_usuario` (
  `id_usuario` bigint(20) NOT NULL,
  `identificador` varchar(32) NOT NULL,
  `id_usuario_perfil` bigint(20) NOT NULL,
  `nome` varchar(255) NOT NULL,
  `email` varchar(255) NOT NULL,
  `imagem` varchar(255) DEFAULT NULL,
  `login` varchar(255) NOT NULL,
  `senha` varchar(255) DEFAULT NULL,
  `datahora_cadastro` datetime DEFAULT NULL,
  `datahora_edicao` datetime DEFAULT NULL,
  `datahora_login` datetime DEFAULT NULL,
  `status` int(11) DEFAULT '1'
) ENGINE=InnoDB AUTO_INCREMENT=17 DEFAULT CHARSET=latin1;

--
-- Extraindo dados da tabela `tb_usuario`
--

INSERT INTO `tb_usuario` (`id_usuario`, `identificador`, `id_usuario_perfil`, `nome`, `email`, `imagem`, `login`, `senha`, `datahora_cadastro`, `datahora_edicao`, `datahora_login`, `status`) VALUES
(5, 'a016644a113dfa76c1e707905efe7120', 3, 'TAYSE VIRGULINO RIBEIRO', 'tayse1000@gmail.com', '20180326193440_dsc_0038.jpg', 'tayse', 'Z/1KU4TeNsbT6PvQpG188Q==', '2015-04-14 11:36:38', '2018-03-26 19:34:41', '2018-08-27 08:28:50', 1);

-- --------------------------------------------------------

--
-- Estrutura da tabela `tb_usuario_perfil`
--

CREATE TABLE IF NOT EXISTS `tb_usuario_perfil` (
  `id_usuario_perfil` bigint(20) NOT NULL,
  `identificador` varchar(32) NOT NULL,
  `titulo` varchar(255) NOT NULL,
  `nivel` int(11) DEFAULT '1'
) ENGINE=InnoDB AUTO_INCREMENT=5 DEFAULT CHARSET=latin1;

--
-- Extraindo dados da tabela `tb_usuario_perfil`
--

INSERT INTO `tb_usuario_perfil` (`id_usuario_perfil`, `identificador`, `titulo`, `nivel`) VALUES
(1, 'b27d37eba3539065b327807666172de4', 'Lojista', 10),
(2, 'e7dc2a124b40947de28b3c44c44a7f6f', 'Atendente/Arquiteto', 20),
(3, '77ed0e6861f321c191576215da2cfdd9', 'Consultor/Técnico', 15),
(4, '9a63f4d43bbf8b0f2d4b664e229b5e9c', 'Analista do Empreendimento', 5);

--
-- Indexes for dumped tables
--

--
-- Indexes for table `tb_app_componente`
--
ALTER TABLE `tb_app_componente`
  ADD PRIMARY KEY (`id_app_componente`),
  ADD UNIQUE KEY `id_app_componente` (`id_app_componente`);

--
-- Indexes for table `tb_app_componente_menu`
--
ALTER TABLE `tb_app_componente_menu`
  ADD PRIMARY KEY (`id_app_componente_menu`),
  ADD UNIQUE KEY `id_app_componente_menu` (`id_app_componente_menu`);

--
-- Indexes for table `tb_app_componente_pagina`
--
ALTER TABLE `tb_app_componente_pagina`
  ADD PRIMARY KEY (`id_app_componente_pagina`),
  ADD UNIQUE KEY `id_app_componente_pagina` (`id_app_componente_pagina`),
  ADD UNIQUE KEY `identificador` (`identificador`);

--
-- Indexes for table `tb_app_componente_permissao`
--
ALTER TABLE `tb_app_componente_permissao`
  ADD PRIMARY KEY (`id_app_permissao`),
  ADD UNIQUE KEY `id_app_permissao` (`id_app_permissao`);

--
-- Indexes for table `tb_app_componente_regra`
--
ALTER TABLE `tb_app_componente_regra`
  ADD PRIMARY KEY (`id_app_componente_regra`),
  ADD UNIQUE KEY `id_app_componente_regra` (`id_app_componente_regra`),
  ADD UNIQUE KEY `identificador` (`identificador`);

--
-- Indexes for table `tb_app_logon`
--
ALTER TABLE `tb_app_logon`
  ADD PRIMARY KEY (`id_app_logon`),
  ADD UNIQUE KEY `id_app_logon` (`id_app_logon`);

--
-- Indexes for table `tb_app_logon_historico`
--
ALTER TABLE `tb_app_logon_historico`
  ADD PRIMARY KEY (`id_app_logon_historico`),
  ADD UNIQUE KEY `id_app_logon_historico` (`id_app_logon_historico`);

--
-- Indexes for table `tb_app_usuario`
--
ALTER TABLE `tb_app_usuario`
  ADD PRIMARY KEY (`id_app_usuario`),
  ADD UNIQUE KEY `id_app_usuario` (`id_app_usuario`),
  ADD UNIQUE KEY `login` (`login`),
  ADD UNIQUE KEY `identificador` (`identificador`);

--
-- Indexes for table `tb_app_usuario_grupo`
--
ALTER TABLE `tb_app_usuario_grupo`
  ADD PRIMARY KEY (`id_app_usuario_grupo`),
  ADD UNIQUE KEY `id_app_grupo` (`id_app_usuario_grupo`),
  ADD UNIQUE KEY `nome` (`nome`),
  ADD UNIQUE KEY `identificador` (`identificador`);

--
-- Indexes for table `tb_arquivo`
--
ALTER TABLE `tb_arquivo`
  ADD PRIMARY KEY (`id_arquivo`),
  ADD UNIQUE KEY `id_arquivo` (`id_arquivo`),
  ADD UNIQUE KEY `identificador` (`identificador`);

--
-- Indexes for table `tb_arquivo_anexo`
--
ALTER TABLE `tb_arquivo_anexo`
  ADD PRIMARY KEY (`id_arquivo_anexo`),
  ADD UNIQUE KEY `id_arquivo_anexo` (`id_arquivo_anexo`),
  ADD UNIQUE KEY `identificador` (`identificador`);

--
-- Indexes for table `tb_arquivo_disciplina`
--
ALTER TABLE `tb_arquivo_disciplina`
  ADD PRIMARY KEY (`id_arquivo_disciplina`),
  ADD UNIQUE KEY `id_arquivo_disciplina` (`id_arquivo_disciplina`),
  ADD UNIQUE KEY `identificador` (`identificador`);

--
-- Indexes for table `tb_arquivo_download`
--
ALTER TABLE `tb_arquivo_download`
  ADD PRIMARY KEY (`id_arquivo_download`),
  ADD UNIQUE KEY `id_arquivo_download` (`id_arquivo_download`),
  ADD UNIQUE KEY `identificador` (`identificador`);

--
-- Indexes for table `tb_arquivo_historico`
--
ALTER TABLE `tb_arquivo_historico`
  ADD PRIMARY KEY (`id_arquivo_historico`),
  ADD UNIQUE KEY `id_arquivo_historico` (`id_arquivo_historico`),
  ADD UNIQUE KEY `identificador` (`identificador`);

--
-- Indexes for table `tb_arquivo_tipo`
--
ALTER TABLE `tb_arquivo_tipo`
  ADD PRIMARY KEY (`id_arquivo_tipo`);

--
-- Indexes for table `tb_cronograma_etapa`
--
ALTER TABLE `tb_cronograma_etapa`
  ADD PRIMARY KEY (`id_cronograma_etapa`),
  ADD UNIQUE KEY `id_cronograma_etapa` (`id_cronograma_etapa`),
  ADD UNIQUE KEY `identificador` (`identificador`);

--
-- Indexes for table `tb_cronograma_farol`
--
ALTER TABLE `tb_cronograma_farol`
  ADD PRIMARY KEY (`id_cronograma_farol`),
  ADD UNIQUE KEY `id_cronograma_farol` (`id_cronograma_farol`),
  ADD UNIQUE KEY `identificador` (`identificador`);

--
-- Indexes for table `tb_cronograma_tipo`
--
ALTER TABLE `tb_cronograma_tipo`
  ADD PRIMARY KEY (`id_cronograma_tipo`),
  ADD UNIQUE KEY `id_cronograma_tipo` (`id_cronograma_tipo`),
  ADD UNIQUE KEY `identificador` (`identificador`),
  ADD UNIQUE KEY `titulo` (`titulo`);

--
-- Indexes for table `tb_curriculo`
--
ALTER TABLE `tb_curriculo`
  ADD PRIMARY KEY (`id_curriculo`),
  ADD UNIQUE KEY `id_curriculo` (`id_curriculo`),
  ADD UNIQUE KEY `identificador` (`identificador`);

--
-- Indexes for table `tb_curriculo_acesso`
--
ALTER TABLE `tb_curriculo_acesso`
  ADD PRIMARY KEY (`id_curriculo_acesso`),
  ADD UNIQUE KEY `id_curriculo_acesso` (`id_curriculo_acesso`),
  ADD UNIQUE KEY `identificador` (`identificador`);

--
-- Indexes for table `tb_curriculo_area`
--
ALTER TABLE `tb_curriculo_area`
  ADD PRIMARY KEY (`id_curriculo_area`),
  ADD UNIQUE KEY `id_curriculo_area` (`id_curriculo_area`),
  ADD UNIQUE KEY `identificador` (`identificador`),
  ADD UNIQUE KEY `titulo` (`titulo`);

--
-- Indexes for table `tb_curriculo_segmento`
--
ALTER TABLE `tb_curriculo_segmento`
  ADD PRIMARY KEY (`id_curriculo_segmento`),
  ADD UNIQUE KEY `id_curriculo_segmento` (`id_curriculo_segmento`),
  ADD UNIQUE KEY `identificador` (`identificador`),
  ADD UNIQUE KEY `titulo` (`titulo`);

--
-- Indexes for table `tb_disciplina`
--
ALTER TABLE `tb_disciplina`
  ADD PRIMARY KEY (`id_disciplina`);

--
-- Indexes for table `tb_documento`
--
ALTER TABLE `tb_documento`
  ADD PRIMARY KEY (`id_documento`),
  ADD UNIQUE KEY `id_documento` (`id_documento`),
  ADD UNIQUE KEY `identifiacador` (`identificador`);

--
-- Indexes for table `tb_documento_download`
--
ALTER TABLE `tb_documento_download`
  ADD PRIMARY KEY (`id_documento_download`),
  ADD UNIQUE KEY `id_documento_download` (`id_documento_download`),
  ADD UNIQUE KEY `identificador` (`identificador`);

--
-- Indexes for table `tb_eixo`
--
ALTER TABLE `tb_eixo`
  ADD PRIMARY KEY (`id_eixo`);

--
-- Indexes for table `tb_eixo_categoria`
--
ALTER TABLE `tb_eixo_categoria`
  ADD PRIMARY KEY (`id_eixo_categoria`);

--
-- Indexes for table `tb_empreendimento`
--
ALTER TABLE `tb_empreendimento`
  ADD PRIMARY KEY (`id_empreendimento`),
  ADD UNIQUE KEY `id_empreendimento` (`id_empreendimento`),
  ADD UNIQUE KEY `identificador` (`identificador`);

--
-- Indexes for table `tb_filme`
--
ALTER TABLE `tb_filme`
  ADD PRIMARY KEY (`id_filme`);

--
-- Indexes for table `tb_foto`
--
ALTER TABLE `tb_foto`
  ADD PRIMARY KEY (`id_foto`),
  ADD UNIQUE KEY `id_foto` (`id_foto`),
  ADD UNIQUE KEY `identificador` (`identificador`);

--
-- Indexes for table `tb_loja`
--
ALTER TABLE `tb_loja`
  ADD PRIMARY KEY (`id_loja`),
  ADD UNIQUE KEY `id_loja` (`id_loja`),
  ADD UNIQUE KEY `identificador` (`identificador`);

--
-- Indexes for table `tb_lojista`
--
ALTER TABLE `tb_lojista`
  ADD PRIMARY KEY (`id_lojista`),
  ADD UNIQUE KEY `id_lojista` (`id_lojista`),
  ADD UNIQUE KEY `identificador` (`identificador`);

--
-- Indexes for table `tb_lojista_cronograma`
--
ALTER TABLE `tb_lojista_cronograma`
  ADD PRIMARY KEY (`id_lojista_cronograma`),
  ADD UNIQUE KEY `id_lojista_cronograma` (`id_lojista_cronograma`),
  ADD UNIQUE KEY `identificador` (`identificador`);

--
-- Indexes for table `tb_lojista_etapa`
--
ALTER TABLE `tb_lojista_etapa`
  ADD PRIMARY KEY (`id_lojista_etapa`),
  ADD UNIQUE KEY `id_lojista_etapa` (`id_lojista_etapa`),
  ADD UNIQUE KEY `identificador` (`identificador`);

--
-- Indexes for table `tb_lojista_pessoa`
--
ALTER TABLE `tb_lojista_pessoa`
  ADD PRIMARY KEY (`id_lojista_pessoa`),
  ADD UNIQUE KEY `id_lojista_pessoa` (`id_lojista_pessoa`),
  ADD UNIQUE KEY `identificador` (`identificador`);

--
-- Indexes for table `tb_lojista_pessoa_perfil`
--
ALTER TABLE `tb_lojista_pessoa_perfil`
  ADD PRIMARY KEY (`id_lojista_pessoa_perfil`),
  ADD UNIQUE KEY `id_lojista_pessoa_perfil` (`id_lojista_pessoa_perfil`),
  ADD UNIQUE KEY `identificador` (`identificador`);

--
-- Indexes for table `tb_mensagem`
--
ALTER TABLE `tb_mensagem`
  ADD PRIMARY KEY (`id_mensagem`),
  ADD UNIQUE KEY `id_mensagem` (`id_mensagem`),
  ADD UNIQUE KEY `identificador` (`identificador`);

--
-- Indexes for table `tb_mensagem_acesso`
--
ALTER TABLE `tb_mensagem_acesso`
  ADD PRIMARY KEY (`id_mensagem_acesso`),
  ADD UNIQUE KEY `id_mensagem_acesso` (`id_mensagem_acesso`),
  ADD UNIQUE KEY `identificador` (`identificador`),
  ADD UNIQUE KEY `id_mensagem` (`id_mensagem`,`id_usuario`);

--
-- Indexes for table `tb_mensagem_resposta`
--
ALTER TABLE `tb_mensagem_resposta`
  ADD PRIMARY KEY (`id_mensagem_resposta`),
  ADD UNIQUE KEY `id_mensagem_resposta` (`id_mensagem_resposta`),
  ADD UNIQUE KEY `identificador` (`identificador`);

--
-- Indexes for table `tb_notificacao`
--
ALTER TABLE `tb_notificacao`
  ADD PRIMARY KEY (`id_notificacao`),
  ADD UNIQUE KEY `identificador` (`identificador`);

--
-- Indexes for table `tb_painel_menu`
--
ALTER TABLE `tb_painel_menu`
  ADD PRIMARY KEY (`id_painel_menu`),
  ADD UNIQUE KEY `identificador` (`identificador`);

--
-- Indexes for table `tb_painel_menu_perfil`
--
ALTER TABLE `tb_painel_menu_perfil`
  ADD PRIMARY KEY (`id_painel_menu_perfil`),
  ADD UNIQUE KEY `identificador` (`identificador`);

--
-- Indexes for table `tb_segmento`
--
ALTER TABLE `tb_segmento`
  ADD PRIMARY KEY (`id_segmento`),
  ADD UNIQUE KEY `id_segmento` (`id_segmento`),
  ADD UNIQUE KEY `identificador` (`identificador`),
  ADD UNIQUE KEY `titulo` (`titulo`);

--
-- Indexes for table `tb_usuario`
--
ALTER TABLE `tb_usuario`
  ADD PRIMARY KEY (`id_usuario`),
  ADD UNIQUE KEY `id_usuario` (`id_usuario`),
  ADD UNIQUE KEY `identificador` (`identificador`),
  ADD UNIQUE KEY `login` (`login`);

--
-- Indexes for table `tb_usuario_perfil`
--
ALTER TABLE `tb_usuario_perfil`
  ADD PRIMARY KEY (`id_usuario_perfil`),
  ADD UNIQUE KEY `id_usuario_perfil` (`id_usuario_perfil`),
  ADD UNIQUE KEY `identificador` (`identificador`),
  ADD UNIQUE KEY `titulo` (`titulo`);

--
-- AUTO_INCREMENT for dumped tables
--

--
-- AUTO_INCREMENT for table `tb_app_componente`
--
ALTER TABLE `tb_app_componente`
  MODIFY `id_app_componente` bigint(20) NOT NULL AUTO_INCREMENT,AUTO_INCREMENT=2834;
--
-- AUTO_INCREMENT for table `tb_app_componente_permissao`
--
ALTER TABLE `tb_app_componente_permissao`
  MODIFY `id_app_permissao` bigint(20) NOT NULL AUTO_INCREMENT,AUTO_INCREMENT=9276;
--
-- AUTO_INCREMENT for table `tb_app_logon`
--
ALTER TABLE `tb_app_logon`
  MODIFY `id_app_logon` bigint(20) NOT NULL AUTO_INCREMENT,AUTO_INCREMENT=63;
--
-- AUTO_INCREMENT for table `tb_app_logon_historico`
--
ALTER TABLE `tb_app_logon_historico`
  MODIFY `id_app_logon_historico` bigint(20) NOT NULL AUTO_INCREMENT;
--
-- AUTO_INCREMENT for table `tb_app_usuario`
--
ALTER TABLE `tb_app_usuario`
  MODIFY `id_app_usuario` bigint(20) NOT NULL AUTO_INCREMENT,AUTO_INCREMENT=31;
--
-- AUTO_INCREMENT for table `tb_app_usuario_grupo`
--
ALTER TABLE `tb_app_usuario_grupo`
  MODIFY `id_app_usuario_grupo` bigint(20) NOT NULL AUTO_INCREMENT,AUTO_INCREMENT=4;
--
-- AUTO_INCREMENT for table `tb_arquivo`
--
ALTER TABLE `tb_arquivo`
  MODIFY `id_arquivo` bigint(20) NOT NULL AUTO_INCREMENT;
--
-- AUTO_INCREMENT for table `tb_arquivo_anexo`
--
ALTER TABLE `tb_arquivo_anexo`
  MODIFY `id_arquivo_anexo` bigint(20) NOT NULL AUTO_INCREMENT;
--
-- AUTO_INCREMENT for table `tb_arquivo_disciplina`
--
ALTER TABLE `tb_arquivo_disciplina`
  MODIFY `id_arquivo_disciplina` bigint(20) NOT NULL AUTO_INCREMENT;
--
-- AUTO_INCREMENT for table `tb_arquivo_download`
--
ALTER TABLE `tb_arquivo_download`
  MODIFY `id_arquivo_download` bigint(20) NOT NULL AUTO_INCREMENT;
--
-- AUTO_INCREMENT for table `tb_arquivo_historico`
--
ALTER TABLE `tb_arquivo_historico`
  MODIFY `id_arquivo_historico` bigint(20) NOT NULL AUTO_INCREMENT;
--
-- AUTO_INCREMENT for table `tb_arquivo_tipo`
--
ALTER TABLE `tb_arquivo_tipo`
  MODIFY `id_arquivo_tipo` bigint(20) NOT NULL AUTO_INCREMENT,AUTO_INCREMENT=9;
--
-- AUTO_INCREMENT for table `tb_cronograma_etapa`
--
ALTER TABLE `tb_cronograma_etapa`
  MODIFY `id_cronograma_etapa` bigint(20) NOT NULL AUTO_INCREMENT,AUTO_INCREMENT=29;
--
-- AUTO_INCREMENT for table `tb_cronograma_farol`
--
ALTER TABLE `tb_cronograma_farol`
  MODIFY `id_cronograma_farol` bigint(20) NOT NULL AUTO_INCREMENT,AUTO_INCREMENT=5;
--
-- AUTO_INCREMENT for table `tb_cronograma_tipo`
--
ALTER TABLE `tb_cronograma_tipo`
  MODIFY `id_cronograma_tipo` bigint(20) NOT NULL AUTO_INCREMENT,AUTO_INCREMENT=7;
--
-- AUTO_INCREMENT for table `tb_curriculo`
--
ALTER TABLE `tb_curriculo`
  MODIFY `id_curriculo` bigint(20) NOT NULL AUTO_INCREMENT,AUTO_INCREMENT=3;
--
-- AUTO_INCREMENT for table `tb_curriculo_acesso`
--
ALTER TABLE `tb_curriculo_acesso`
  MODIFY `id_curriculo_acesso` bigint(20) NOT NULL AUTO_INCREMENT,AUTO_INCREMENT=10;
--
-- AUTO_INCREMENT for table `tb_curriculo_area`
--
ALTER TABLE `tb_curriculo_area`
  MODIFY `id_curriculo_area` bigint(20) NOT NULL AUTO_INCREMENT,AUTO_INCREMENT=14;
--
-- AUTO_INCREMENT for table `tb_curriculo_segmento`
--
ALTER TABLE `tb_curriculo_segmento`
  MODIFY `id_curriculo_segmento` bigint(20) NOT NULL AUTO_INCREMENT,AUTO_INCREMENT=7;
--
-- AUTO_INCREMENT for table `tb_disciplina`
--
ALTER TABLE `tb_disciplina`
  MODIFY `id_disciplina` bigint(20) NOT NULL AUTO_INCREMENT;
--
-- AUTO_INCREMENT for table `tb_documento`
--
ALTER TABLE `tb_documento`
  MODIFY `id_documento` bigint(20) NOT NULL AUTO_INCREMENT,AUTO_INCREMENT=5;
--
-- AUTO_INCREMENT for table `tb_documento_download`
--
ALTER TABLE `tb_documento_download`
  MODIFY `id_documento_download` bigint(20) NOT NULL AUTO_INCREMENT;
--
-- AUTO_INCREMENT for table `tb_eixo`
--
ALTER TABLE `tb_eixo`
  MODIFY `id_eixo` bigint(20) NOT NULL AUTO_INCREMENT;
--
-- AUTO_INCREMENT for table `tb_eixo_categoria`
--
ALTER TABLE `tb_eixo_categoria`
  MODIFY `id_eixo_categoria` bigint(20) NOT NULL AUTO_INCREMENT;
--
-- AUTO_INCREMENT for table `tb_empreendimento`
--
ALTER TABLE `tb_empreendimento`
  MODIFY `id_empreendimento` bigint(20) NOT NULL AUTO_INCREMENT,AUTO_INCREMENT=4;
--
-- AUTO_INCREMENT for table `tb_filme`
--
ALTER TABLE `tb_filme`
  MODIFY `id_filme` bigint(20) NOT NULL AUTO_INCREMENT;
--
-- AUTO_INCREMENT for table `tb_foto`
--
ALTER TABLE `tb_foto`
  MODIFY `id_foto` bigint(20) NOT NULL AUTO_INCREMENT,AUTO_INCREMENT=13;
--
-- AUTO_INCREMENT for table `tb_loja`
--
ALTER TABLE `tb_loja`
  MODIFY `id_loja` bigint(20) NOT NULL AUTO_INCREMENT,AUTO_INCREMENT=490;
--
-- AUTO_INCREMENT for table `tb_lojista`
--
ALTER TABLE `tb_lojista`
  MODIFY `id_lojista` bigint(20) NOT NULL AUTO_INCREMENT,AUTO_INCREMENT=411;
--
-- AUTO_INCREMENT for table `tb_lojista_cronograma`
--
ALTER TABLE `tb_lojista_cronograma`
  MODIFY `id_lojista_cronograma` bigint(20) NOT NULL AUTO_INCREMENT,AUTO_INCREMENT=32;
--
-- AUTO_INCREMENT for table `tb_lojista_etapa`
--
ALTER TABLE `tb_lojista_etapa`
  MODIFY `id_lojista_etapa` bigint(20) NOT NULL AUTO_INCREMENT,AUTO_INCREMENT=22;
--
-- AUTO_INCREMENT for table `tb_lojista_pessoa`
--
ALTER TABLE `tb_lojista_pessoa`
  MODIFY `id_lojista_pessoa` bigint(20) NOT NULL AUTO_INCREMENT,AUTO_INCREMENT=48;
--
-- AUTO_INCREMENT for table `tb_lojista_pessoa_perfil`
--
ALTER TABLE `tb_lojista_pessoa_perfil`
  MODIFY `id_lojista_pessoa_perfil` bigint(20) NOT NULL AUTO_INCREMENT,AUTO_INCREMENT=14;
--
-- AUTO_INCREMENT for table `tb_mensagem`
--
ALTER TABLE `tb_mensagem`
  MODIFY `id_mensagem` bigint(20) NOT NULL AUTO_INCREMENT,AUTO_INCREMENT=14;
--
-- AUTO_INCREMENT for table `tb_mensagem_acesso`
--
ALTER TABLE `tb_mensagem_acesso`
  MODIFY `id_mensagem_acesso` bigint(20) NOT NULL AUTO_INCREMENT,AUTO_INCREMENT=17;
--
-- AUTO_INCREMENT for table `tb_mensagem_resposta`
--
ALTER TABLE `tb_mensagem_resposta`
  MODIFY `id_mensagem_resposta` bigint(20) NOT NULL AUTO_INCREMENT,AUTO_INCREMENT=7;
--
-- AUTO_INCREMENT for table `tb_notificacao`
--
ALTER TABLE `tb_notificacao`
  MODIFY `id_notificacao` bigint(20) NOT NULL AUTO_INCREMENT,AUTO_INCREMENT=27;
--
-- AUTO_INCREMENT for table `tb_painel_menu`
--
ALTER TABLE `tb_painel_menu`
  MODIFY `id_painel_menu` bigint(20) NOT NULL AUTO_INCREMENT,AUTO_INCREMENT=21;
--
-- AUTO_INCREMENT for table `tb_painel_menu_perfil`
--
ALTER TABLE `tb_painel_menu_perfil`
  MODIFY `id_painel_menu_perfil` bigint(20) NOT NULL AUTO_INCREMENT,AUTO_INCREMENT=103;
--
-- AUTO_INCREMENT for table `tb_segmento`
--
ALTER TABLE `tb_segmento`
  MODIFY `id_segmento` bigint(20) NOT NULL AUTO_INCREMENT,AUTO_INCREMENT=11;
--
-- AUTO_INCREMENT for table `tb_usuario`
--
ALTER TABLE `tb_usuario`
  MODIFY `id_usuario` bigint(20) NOT NULL AUTO_INCREMENT,AUTO_INCREMENT=17;
--
-- AUTO_INCREMENT for table `tb_usuario_perfil`
--
ALTER TABLE `tb_usuario_perfil`
  MODIFY `id_usuario_perfil` bigint(20) NOT NULL AUTO_INCREMENT,AUTO_INCREMENT=5;
/*!40101 SET CHARACTER_SET_CLIENT=@OLD_CHARACTER_SET_CLIENT */;
/*!40101 SET CHARACTER_SET_RESULTS=@OLD_CHARACTER_SET_RESULTS */;
/*!40101 SET COLLATION_CONNECTION=@OLD_COLLATION_CONNECTION */;
